,TARGET,성별,차량 소유 여부,부동산 소유 여부,자녀 수,연간 수입,수입 유형,최종 학력,결혼 여부,주거 형태,거주지 인구 비율,업무용 휴대전화 소유 여부,이메일 소유 여부,직업,가족 구성원 수,산업군,나이,근속연수,가입연수,자녀수_구간,연간수입_로그,배우자유무,산업군_상위,근속구간,1인당소득,산업군_상위추출,산업군_재분류,직업_KSCO_7그룹
52906,0,남성,1,1,1,42480000.0,근로자,고등학교 졸업,별거,주택 / 아파트,0.006629,1,0,운전자,2.0,산업 4,28,7,4.0,1,17.564543958438446,0.0,산업,5-10Y,8.782271979219223,산업,경기민감,취약_기계
8632,0,남성,1,0,0,42480000.0,기타,고등학교 졸업,기혼,주택 / 아파트,0.0072739999999999,1,0,보안 업계 종사자,2.0,사업 2,54,4,21.0,0,17.564543958438446,1.0,사업,2-5Y,8.782271979219223,사업,자영사업,취약_서비스
48776,1,여성,0,1,0,53100000.0,근로자,고등학교 졸업,기혼,주택 / 아파트,0.0145199999999999,1,0,영업직,2.0,자영업,43,1,24.0,0,17.78768750504456,1.0,자영업,Under 2Y,8.89384375252228,자영업,자영사업,취약_판매
7568,0,여성,0,1,0,37170000.0,기타,고등학교 졸업,기혼,주택 / 아파트,0.00702,1,0,미화원,2.0,보험,27,6,1.0,0,17.43101256917685,1.0,보험,5-10Y,8.715506284588425,보험,전문금융,취약_단순
36773,0,여성,0,1,0,39294000.0,연금수령자,고등학교 졸업,기혼,주택 / 아파트,0.01885,0,0,Unknown,2.0,기타 1,60,1000,39.0,0,17.486582418877422,1.0,기타,Retired,8.743291209438711,기타,기타,기타
46767,1,여성,0,1,0,37170000.0,기타,고등학교 졸업,기혼,주택 / 아파트,0.016612,1,0,단순 노동자,2.0,학교,33,1,6.0,0,17.43101256917685,1.0,학교,Under 2Y,8.715506284588425,학교,공공안정,취약_단순
34378,0,여성,0,0,2,21240000.0,근로자,고등학교 졸업,기혼,주택 / 아파트,0.00823,1,0,영업직,4.0,사업 2,40,1,17.0,2,16.87139680141899,1.0,사업,Under 2Y,4.217849200354747,사업,자영사업,취약_판매
29694,0,여성,0,1,0,25488000.0,연금수령자,고등학교 졸업,미혼,주택 / 아파트,0.00733,0,0,Unknown,1.0,기타 1,67,1000,22.0,0,17.053718350366115,0.0,기타,Retired,17.053718350366115,기타,기타,기타
9093,0,여성,1,1,0,26550000.0,연금수령자,고등학교 졸업,기혼,주택 / 아파트,0.010276,0,0,Unknown,2.0,기타 1,53,1000,8.0,0,17.094540343317004,1.0,기타,Retired,8.547270171658502,기타,기타,기타
49512,0,여성,0,0,0,33984000.0,근로자,고등학교 졸업,미혼,주택 / 아파트,0.04622,1,0,Unknown,1.0,산업 9,43,9,27.0,0,17.34140041300936,0.0,산업,5-10Y,17.34140041300936,산업,경기민감,기타
38996,1,남성,1,1,0,47790000.0,연금수령자,고등학교 졸업,기혼,주택 / 아파트,0.031329,0,0,Unknown,2.0,기타 1,63,1000,1.0,0,17.682326991479222,1.0,기타,Retired,8.841163495739611,기타,기타,기타
58002,0,여성,0,1,0,15930000.0,공무원,고등학교 졸업,사실혼,주택 / 아파트,0.01885,1,0,단순 노동자,2.0,우체부,39,8,23.0,0,16.583714744660867,1.0,우체부,5-10Y,8.291857372330433,우체부,기타,취약_단순
39175,0,여성,0,1,0,18054000.0,근로자,고등학교 졸업,기혼,주택 / 아파트,0.009549,1,0,영업직,2.0,자영업,43,2,4.0,0,16.708877880229622,1.0,자영업,2-5Y,8.354438940114811,자영업,자영사업,취약_판매
32590,1,여성,0,1,2,47790000.0,근로자,고등학교 졸업,기혼,주택 / 아파트,0.018801,1,0,영업직,4.0,산업 8,35,1,10.0,2,17.682326991479222,1.0,산업,Under 2Y,4.4205817478698055,산업,경기민감,취약_판매
32710,0,여성,1,1,0,63720000.0,공무원,고등학교 졸업,기혼,공공분양,0.006233,1,0,핵심 노동자,2.0,군대,51,0,14.0,0,17.97000905869978,1.0,군대,Under 2Y,8.98500452934989,군대,공공안정,중간_기능
59331,0,여성,0,1,0,42480000.0,근로자,고등학교 졸업,기혼,주택 / 아파트,0.011703,1,0,기술직,2.0,기타 0,51,2,27.0,0,17.564543958438446,1.0,기타,2-5Y,8.782271979219223,기타,기타,중간_기능
8865,0,여성,0,1,1,31860000.0,근로자,대학교 졸업 이상,기혼,주택 / 아파트,0.028663,1,0,Unknown,3.0,기타 0,34,9,5.0,1,17.276861893833495,1.0,기타,5-10Y,5.758953964611165,기타,기타,기타
4157,0,남성,1,0,2,42480000.0,근로자,고등학교 졸업,미혼,주택 / 아파트,0.031329,1,0,운전자,3.0,자영업,35,4,2.0,2,17.564543958438446,0.0,자영업,2-5Y,5.854847986146148,자영업,자영사업,취약_기계
38145,0,남성,1,0,1,29736000.0,근로자,고등학교 졸업,기혼,주택 / 아파트,0.014464,1,0,단순 노동자,3.0,사업 1,43,6,2.0,1,17.207869024588497,1.0,사업,5-10Y,5.735956341529499,사업,자영사업,취약_단순
56830,0,남성,1,1,0,63720000.0,근로자,대학교 졸업 이상,별거,아파트 임대,0.0145199999999999,1,0,관리직,1.0,사업 2,46,8,5.0,0,17.97000905869978,0.0,사업,5-10Y,17.97000905869978,사업,자영사업,안정_전문관리
44823,0,여성,0,1,0,84960000.0,기타,저학력자,별거,주택 / 아파트,0.010643,1,0,기술직,1.0,사업 0,59,34,34.0,0,18.25769112722815,0.0,사업,Over 20Y,18.25769112722815,사업,자영사업,중간_기능
54636,0,여성,0,0,0,15930000.0,연금수령자,고등학교 졸업,사별,주택 / 아파트,0.008625,0,0,Unknown,1.0,기타 1,66,1000,40.0,0,16.583714744660867,0.0,기타,Retired,16.583714744660867,기타,기타,기타
51362,0,여성,0,1,0,31860000.0,근로자,고등학교 졸업,기혼,주택 / 아파트,0.007114,1,0,Unknown,2.0,의학,58,4,19.0,0,17.276861893833495,1.0,의학,2-5Y,8.638430946916747,의학,전문금융,기타
17532,0,남성,1,1,0,53100000.0,근로자,고등학교 졸업,기혼,주택 / 아파트,0.0116569999999999,1,0,운전자,2.0,주택,49,4,9.0,0,17.78768750504456,1.0,주택,2-5Y,8.89384375252228,주택,기타,취약_기계
10926,0,남성,0,1,0,31860000.0,기타,고등학교 졸업,기혼,주택 / 아파트,0.0228,1,0,단순 노동자,2.0,사업 2,23,5,9.0,0,17.276861893833495,1.0,사업,5-10Y,8.638430946916747,사업,자영사업,취약_단순
24455,0,여성,0,1,0,53100000.0,기타,고등학교 졸업,사별,주택 / 아파트,0.02461,1,0,관리직,1.0,건설,55,7,27.0,0,17.78768750504456,0.0,건설,5-10Y,17.78768750504456,건설,경기민감,안정_전문관리
43580,0,여성,1,0,0,21240000.0,근로자,고등학교 졸업,기혼,주택 / 아파트,0.010276,1,0,영업직,2.0,사업 2,41,2,23.0,0,16.87139680141899,1.0,사업,2-5Y,8.435698400709494,사업,자영사업,취약_판매
57484,0,여성,0,1,0,31860000.0,근로자,고등학교 졸업,기혼,주택 / 아파트,0.015221,1,0,단순 노동자,2.0,사업 2,46,12,3.0,0,17.276861893833495,1.0,사업,10-20Y,8.638430946916747,사업,자영사업,취약_단순
55250,0,남성,1,1,0,74340000.0,연금수령자,대학교 졸업 이상,사실혼,주택 / 아파트,0.030755,0,0,Unknown,2.0,기타 1,64,1000,2.0,0,18.124159736285087,1.0,기타,Retired,9.062079868142543,기타,기타,기타
34604,0,남성,1,1,1,84960000.0,기타,고등학교 졸업,기혼,공공분양,0.04622,1,0,영업직,3.0,자영업,32,4,5.0,1,18.25769112722815,1.0,자영업,2-5Y,6.085897042409383,자영업,자영사업,취약_판매
59924,0,여성,0,0,1,26550000.0,근로자,대학교 중퇴,기혼,아파트 임대,0.018209,1,0,기술직,3.0,사업 2,24,3,10.0,1,17.094540343317004,1.0,사업,2-5Y,5.698180114439001,사업,자영사업,중간_기능
21595,0,여성,1,1,0,42480000.0,근로자,대학교 중퇴,기혼,주택 / 아파트,0.035792,1,0,Unknown,2.0,기타 0,32,5,15.0,0,17.564543958438446,1.0,기타,5-10Y,8.782271979219223,기타,기타,기타
22397,0,남성,1,0,2,37170000.0,기타,대학교 졸업 이상,기혼,주택 / 아파트,0.006207,1,0,관리직,4.0,사업 2,32,0,6.0,2,17.43101256917685,1.0,사업,Under 2Y,4.357753142294213,사업,자영사업,안정_전문관리
33778,1,남성,1,0,0,56286000.0,근로자,대학교 졸업 이상,기혼,주택 / 아파트,0.031329,1,0,단순 노동자,2.0,운송 2,29,9,14.0,0,17.84595641210255,1.0,운송,5-10Y,8.922978206051274,운송,경기민감,취약_단순
53830,1,남성,0,1,0,42480000.0,근로자,고등학교 졸업,기혼,주택 / 아파트,0.018634,1,0,단순 노동자,2.0,건설,39,0,3.0,0,17.564543958438446,1.0,건설,Under 2Y,8.782271979219223,건설,경기민감,취약_단순
7881,1,여성,0,1,0,55224000.0,기타,고등학교 졸업,기혼,주택 / 아파트,0.025164,1,0,회계사,2.0,사업 2,53,5,10.0,0,17.826908217473516,1.0,사업,5-10Y,8.913454108736758,사업,자영사업,안정_전문관리
15532,0,여성,1,0,0,31860000.0,근로자,고등학교 졸업,기혼,주택 / 아파트,0.009175,1,0,단순 노동자,2.0,산업 4,45,1,28.0,0,17.276861893833495,1.0,산업,Under 2Y,8.638430946916747,산업,경기민감,취약_단순
9199,0,여성,0,0,0,31860000.0,기타,고등학교 졸업,미혼,오피스텔,0.025164,1,0,의료 업계 종사자,1.0,의학,53,28,15.0,0,17.276861893833495,0.0,의학,Over 20Y,17.276861893833495,의학,전문금융,안정_전문관리
45762,0,여성,0,1,1,42480000.0,기타,고등학교 졸업,기혼,주택 / 아파트,0.031329,1,0,핵심 노동자,3.0,자영업,34,0,18.0,1,17.564543958438446,1.0,자영업,Under 2Y,5.854847986146148,자영업,자영사업,중간_기능
41315,0,여성,0,1,1,37170000.0,근로자,고등학교 졸업,사별,주택 / 아파트,0.007114,1,0,의료 업계 종사자,2.0,의학,39,11,13.0,1,17.43101256917685,0.0,의학,10-20Y,8.715506284588425,의학,전문금융,안정_전문관리
45076,0,남성,0,1,0,58410000.0,근로자,고등학교 졸업,기혼,주택 / 아파트,0.00733,1,0,기술직,2.0,사업 2,52,2,2.0,0,17.88299768313685,1.0,사업,2-5Y,8.941498841568425,사업,자영사업,중간_기능
13960,0,여성,0,0,1,41418000.0,기타,고등학교 졸업,별거,주택 / 아파트,0.04622,1,0,기술직,2.0,건설,31,1,0.0,1,17.539226151057758,0.0,건설,Under 2Y,8.769613075528879,건설,경기민감,중간_기능
4448,0,여성,0,1,0,26550000.0,연금수령자,고등학교 졸업,기혼,주택 / 아파트,0.0145199999999999,0,0,Unknown,2.0,기타 1,61,1000,32.0,0,17.094540343317004,1.0,기타,Retired,8.547270171658502,기타,기타,기타
31154,0,남성,1,1,0,21240000.0,근로자,고등학교 졸업,기혼,주택 / 아파트,0.025164,1,0,운전자,2.0,자영업,42,4,11.0,0,16.87139680141899,1.0,자영업,2-5Y,8.435698400709494,자영업,자영사업,취약_기계
30295,0,여성,0,1,0,26550000.0,기타,고등학교 졸업,기혼,주택 / 아파트,0.026392,1,0,영업직,2.0,무역 0,52,3,36.0,0,17.094540343317004,1.0,무역,2-5Y,8.547270171658502,무역,경기민감,취약_판매
9398,0,남성,1,1,1,84960000.0,기타,고등학교 졸업,기혼,주택 / 아파트,0.010006,1,0,단순 노동자,3.0,산업 4,38,18,3.0,1,18.25769112722815,1.0,산업,10-20Y,6.085897042409383,산업,경기민감,취약_단순
13905,1,여성,0,1,0,30798000.0,근로자,고등학교 졸업,미혼,주택 / 아파트,0.007305,1,0,Unknown,1.0,의학,57,5,0.0,0,17.242960343240135,0.0,의학,5-10Y,17.242960343240135,의학,전문금융,기타
17026,0,남성,0,1,0,26550000.0,근로자,고등학교 졸업,미혼,주택 / 아파트,0.022625,1,0,단순 노동자,1.0,사업 2,36,1,15.0,0,17.094540343317004,0.0,사업,Under 2Y,17.094540343317004,사업,자영사업,취약_단순
4021,0,여성,1,1,0,69030000.0,기타,고등학교 졸업,기혼,주택 / 아파트,0.010556,1,0,관리직,2.0,유치원,50,18,30.0,0,18.050051765166117,1.0,유치원,10-20Y,9.025025882583057,유치원,공공안정,안정_전문관리
22862,0,여성,0,1,1,26550000.0,근로자,고등학교 졸업,미혼,주택 / 아파트,0.026392,1,0,단순 노동자,2.0,건설,37,2,1.0,1,17.094540343317004,0.0,건설,2-5Y,8.547270171658502,건설,경기민감,취약_단순
51734,1,남성,0,1,0,42480000.0,공무원,고등학교 졸업,별거,공공분양,0.022625,1,0,단순 노동자,1.0,기타 0,48,5,23.0,0,17.564543958438446,0.0,기타,5-10Y,17.564543958438446,기타,기타,취약_단순
40791,0,여성,0,1,0,53100000.0,기타,대학교 졸업 이상,기혼,주택 / 아파트,0.016612,1,0,단순 노동자,2.0,사업 0,52,9,18.0,0,17.78768750504456,1.0,사업,5-10Y,8.89384375252228,사업,자영사업,취약_단순
34004,0,여성,0,1,2,13806000.0,공무원,대학교 졸업 이상,기혼,주택 / 아파트,0.002134,1,0,핵심 노동자,4.0,유치원,39,7,11.0,2,16.440613910677833,1.0,유치원,5-10Y,4.110153477669458,유치원,공공안정,중간_기능
58391,0,남성,1,1,0,42480000.0,근로자,대학교 졸업 이상,기혼,주택 / 아파트,0.00733,1,1,Unknown,2.0,운송 2,36,2,4.0,0,17.564543958438446,1.0,운송,2-5Y,8.782271979219223,운송,경기민감,기타
52008,0,남성,0,1,0,106200000.0,기타,대학교 졸업 이상,기혼,주택 / 아파트,0.032561,1,0,관리직,2.0,사업 2,30,2,14.0,0,18.48083467618831,1.0,사업,2-5Y,9.240417338094154,사업,자영사업,안정_전문관리
7497,0,여성,1,1,0,47790000.0,근로자,고등학교 졸업,기혼,주택 / 아파트,0.025164,1,0,영업직,2.0,자영업,39,0,0.0,0,17.682326991479222,1.0,자영업,Under 2Y,8.841163495739611,자영업,자영사업,취약_판매
15520,0,남성,1,1,0,31860000.0,기타,고등학교 졸업,별거,주택 / 아파트,0.035792,1,0,운전자,1.0,사업 2,44,6,23.0,0,17.276861893833495,0.0,사업,5-10Y,17.276861893833495,사업,자영사업,취약_기계
40575,0,여성,0,0,0,89951400.0,연금수령자,고등학교 졸업,기혼,공공분양,0.072508,0,0,Unknown,2.0,기타 1,57,1000,3.0,0,18.314780093559143,1.0,기타,Retired,9.157390046779572,기타,기타,기타
51781,0,여성,0,1,1,23364000.0,기타,대학교 졸업 이상,기혼,주택 / 아파트,0.035792,1,0,기술직,3.0,사업 2,29,5,14.0,1,16.966706976943225,1.0,사업,5-10Y,5.655568992314408,사업,자영사업,중간_기능
56696,1,여성,0,0,1,47790000.0,근로자,고등학교 졸업,기혼,주택 / 아파트,0.0228,1,0,조리사,3.0,사업 2,25,1,10.0,1,17.682326991479222,1.0,사업,Under 2Y,5.894108997159741,사업,자영사업,취약_서비스
431,0,여성,1,0,0,42480000.0,기타,고등학교 졸업,기혼,주택 / 아파트,0.010966,1,0,Unknown,2.0,산업 4,51,22,1.0,0,17.564543958438446,1.0,산업,Over 20Y,8.782271979219223,산업,경기민감,기타
48296,1,여성,0,0,0,24426000.0,근로자,고등학교 졸업,미혼,주택 / 아파트,0.008068,1,0,Unknown,1.0,정부,33,3,8.0,0,17.01115873765315,0.0,정부,2-5Y,17.01115873765315,정부,공공안정,기타
11661,0,여성,0,1,0,42480000.0,연금수령자,고등학교 졸업,기혼,주택 / 아파트,0.011703,0,0,Unknown,2.0,기타 1,60,1000,5.0,0,17.564543958438446,1.0,기타,Retired,8.782271979219223,기타,기타,기타
2247,0,여성,0,1,0,116820000.0,기타,대학교 졸업 이상,기혼,주택 / 아파트,0.026392,1,0,관리직,2.0,대학교,44,21,1.0,0,18.57614485513661,1.0,대학교,Over 20Y,9.288072427568308,대학교,공공안정,안정_전문관리
23934,0,남성,0,0,1,53100000.0,근로자,대학교 졸업 이상,기혼,주택 / 아파트,0.014464,1,0,기술직,3.0,사업 2,28,5,11.0,1,17.78768750504456,1.0,사업,5-10Y,5.929229168348186,사업,자영사업,중간_기능
37725,0,여성,0,1,0,16992000.0,연금수령자,고등학교 졸업,기혼,주택 / 아파트,0.031329,0,0,Unknown,2.0,기타 1,57,1000,39.0,0,16.648253261875023,1.0,기타,Retired,8.324126630937512,기타,기타,기타
19599,0,여성,0,1,0,31860000.0,근로자,고등학교 졸업,사별,주택 / 아파트,0.010032,1,0,단순 노동자,1.0,사업 2,53,3,15.0,0,17.276861893833495,0.0,사업,2-5Y,17.276861893833495,사업,자영사업,취약_단순
59428,0,여성,1,1,2,29736000.0,기타,대학교 졸업 이상,기혼,주택 / 아파트,0.010643,1,0,회계사,4.0,사업 2,37,3,1.0,2,17.207869024588497,1.0,사업,2-5Y,4.301967256147124,사업,자영사업,안정_전문관리
37673,0,여성,0,0,1,15930000.0,근로자,고등학교 졸업,사실혼,아파트 임대,0.020246,1,0,영업직,3.0,자영업,36,0,15.0,1,16.583714744660867,1.0,자영업,Under 2Y,5.527904914886956,자영업,자영사업,취약_판매
14865,0,여성,0,1,0,31860000.0,연금수령자,고등학교 졸업,미혼,주택 / 아파트,0.0060079999999999,0,0,Unknown,1.0,기타 1,43,1000,27.0,0,17.276861893833495,0.0,기타,Retired,17.276861893833495,기타,기타,기타
33705,1,여성,0,0,1,42480000.0,근로자,대학교 졸업 이상,기혼,주택 / 아파트,0.020246,1,0,회계사,3.0,사업 2,26,7,9.0,1,17.564543958438446,1.0,사업,5-10Y,5.854847986146148,사업,자영사업,안정_전문관리
22170,0,여성,0,1,0,26550000.0,연금수령자,고등학교 졸업,사별,주택 / 아파트,0.0145199999999999,0,0,Unknown,1.0,기타 1,58,1000,32.0,0,17.094540343317004,0.0,기타,Retired,17.094540343317004,기타,기타,기타
22710,0,남성,0,1,1,63720000.0,근로자,고등학교 졸업,기혼,주택 / 아파트,0.0145199999999999,1,1,핵심 노동자,3.0,경찰,33,13,10.0,1,17.97000905869978,1.0,경찰,10-20Y,5.990003019566593,경찰,공공안정,중간_기능
43621,0,여성,0,1,0,31860000.0,연금수령자,고등학교 졸업,미혼,주택 / 아파트,0.028663,0,0,Unknown,1.0,기타 1,55,1000,22.0,0,17.276861893833495,0.0,기타,Retired,17.276861893833495,기타,기타,기타
45435,0,남성,0,0,0,21240000.0,근로자,고등학교 졸업,기혼,주택 / 아파트,0.018029,1,0,단순 노동자,2.0,운송 1,26,0,12.0,0,16.87139680141899,1.0,운송,Under 2Y,8.435698400709494,운송,경기민감,취약_단순
58494,0,여성,0,1,0,18054000.0,근로자,고등학교 졸업,기혼,주택 / 아파트,0.0105,1,0,단순 노동자,2.0,산업 8,53,10,11.0,0,16.708877880229622,1.0,산업,10-20Y,8.354438940114811,산업,경기민감,취약_단순
39312,0,남성,1,0,1,14868000.0,근로자,고등학교 졸업,기혼,주택 / 아파트,0.026392,1,0,단순 노동자,3.0,사업 2,30,0,13.0,1,16.51472187765782,1.0,사업,Under 2Y,5.504907292552606,사업,자영사업,취약_단순
16573,0,남성,0,1,0,63720000.0,기타,대학교 졸업 이상,사실혼,주택 / 아파트,0.011703,1,1,회계사,2.0,은행,45,1,8.0,0,17.97000905869978,1.0,은행,Under 2Y,8.98500452934989,은행,공공안정,안정_전문관리
33992,0,남성,1,1,0,31860000.0,근로자,대학교 졸업 이상,미혼,주택 / 아파트,0.010032,1,0,운전자,1.0,운송 0,31,2,5.0,0,17.276861893833495,0.0,운송,2-5Y,17.276861893833495,운송,경기민감,취약_기계
53594,0,남성,0,1,0,58410000.0,근로자,대학교 중퇴,미혼,주택 / 아파트,0.002506,1,0,단순 노동자,1.0,사업 2,47,17,10.0,0,17.88299768313685,0.0,사업,10-20Y,17.88299768313685,사업,자영사업,취약_단순
54209,1,남성,0,1,0,30798000.0,근로자,대학교 졸업 이상,기혼,주택 / 아파트,0.028663,1,0,영업직,2.0,자영업,57,3,4.0,0,17.242960343240135,1.0,자영업,2-5Y,8.621480171620068,자영업,자영사업,취약_판매
17294,0,여성,0,1,2,48852000.0,근로자,대학교 졸업 이상,기혼,주택 / 아파트,0.04622,1,0,영업직,4.0,자영업,29,7,12.0,2,17.704305897743108,1.0,자영업,5-10Y,4.426076474435777,자영업,자영사업,취약_판매
6987,0,여성,0,0,0,40356000.0,연금수령자,대학교 졸업 이상,기혼,주택 / 아파트,0.006305,0,0,Unknown,2.0,기타 1,58,1000,27.0,0,17.51325066528987,1.0,기타,Retired,8.756625332644935,기타,기타,기타
3803,0,남성,0,1,0,82836000.0,근로자,대학교 졸업 이상,기혼,주택 / 아파트,0.04622,1,0,관리직,2.0,기타 0,51,3,8.0,0,18.23237331954566,1.0,기타,2-5Y,9.11618665977283,기타,기타,안정_전문관리
20199,0,여성,0,1,0,63720000.0,근로자,고등학교 졸업,별거,주택 / 아파트,0.009549,1,0,부동산중개업자,1.0,사업 2,38,9,21.0,0,17.97000905869978,0.0,사업,5-10Y,17.97000905869978,사업,자영사업,취약_판매
32610,0,여성,1,0,0,23364000.0,연금수령자,고등학교 졸업,미혼,주택 / 아파트,0.018634,0,0,Unknown,1.0,기타 1,60,1000,7.0,0,16.966706976943225,0.0,기타,Retired,16.966706976943225,기타,기타,기타
35799,0,남성,0,0,0,63720000.0,근로자,대학교 졸업 이상,기혼,주택 / 아파트,0.028663,1,0,기술직,2.0,사업 0,58,25,11.0,0,17.97000905869978,1.0,사업,Over 20Y,8.98500452934989,사업,자영사업,중간_기능
23414,0,남성,1,0,0,29736000.0,근로자,대학교 졸업 이상,기혼,주택 / 아파트,0.028663,1,0,단순 노동자,2.0,자영업,31,1,13.0,0,17.207869024588497,1.0,자영업,Under 2Y,8.603934512294249,자영업,자영사업,취약_단순
59119,0,남성,0,1,0,58410000.0,근로자,고등학교 졸업,기혼,주택 / 아파트,0.04622,1,0,단순 노동자,2.0,주택,31,1,15.0,0,17.88299768313685,1.0,주택,Under 2Y,8.941498841568425,주택,기타,취약_단순
49282,0,여성,0,1,2,56286000.0,공무원,대학교 졸업 이상,별거,주택 / 아파트,0.006852,1,0,핵심 노동자,3.0,군대,37,3,8.0,2,17.84595641210255,0.0,군대,2-5Y,5.9486521373675165,군대,공공안정,중간_기능
46365,0,여성,0,1,1,30798000.0,근로자,대학교 졸업 이상,기혼,주택 / 아파트,0.0084739999999999,1,0,핵심 노동자,3.0,학교,41,9,0.0,1,17.242960343240135,1.0,학교,5-10Y,5.747653447746711,학교,공공안정,중간_기능
476,0,남성,1,1,0,21240000.0,근로자,고등학교 졸업,기혼,주택 / 아파트,0.009175,1,0,단순 노동자,2.0,사업 2,46,3,4.0,0,16.87139680141899,1.0,사업,2-5Y,8.435698400709494,사업,자영사업,취약_단순
31674,0,여성,0,1,2,79650000.0,기타,고등학교 졸업,사실혼,주택 / 아파트,0.0072739999999999,1,0,관리직,4.0,사업 2,34,3,2.0,2,18.19315260687526,1.0,사업,2-5Y,4.548288151718815,사업,자영사업,안정_전문관리
49233,0,여성,0,1,0,37170000.0,근로자,대학교 졸업 이상,별거,주택 / 아파트,0.018801,1,0,Unknown,1.0,사업 2,47,5,29.0,0,17.43101256917685,0.0,사업,5-10Y,17.43101256917685,사업,자영사업,기타
7563,0,남성,1,1,0,47790000.0,기타,고등학교 졸업,기혼,주택 / 아파트,0.035792,1,0,단순 노동자,2.0,사업 2,34,0,18.0,0,17.682326991479222,1.0,사업,Under 2Y,8.841163495739611,사업,자영사업,취약_단순
33215,0,여성,0,1,2,21240000.0,근로자,대학교 졸업 이상,기혼,주택 / 아파트,0.006852,1,0,Unknown,4.0,산업 7,34,1,1.0,2,16.87139680141899,1.0,산업,Under 2Y,4.217849200354747,산업,경기민감,기타
3955,0,여성,1,0,0,21240000.0,근로자,고등학교 졸업,기혼,주택 / 아파트,0.020246,1,0,운전자,2.0,건설,37,6,5.0,0,16.87139680141899,1.0,건설,5-10Y,8.435698400709494,건설,경기민감,취약_기계
9263,0,남성,0,1,0,21240000.0,연금수령자,고등학교 졸업,기혼,주택 / 아파트,0.010276,0,0,Unknown,2.0,기타 1,67,1000,27.0,0,16.87139680141899,1.0,기타,Retired,8.435698400709494,기타,기타,기타
26239,0,여성,0,1,0,37170000.0,근로자,고등학교 졸업,기혼,주택 / 아파트,0.016612,1,0,단순 노동자,2.0,사업 2,43,8,23.0,0,17.43101256917685,1.0,사업,5-10Y,8.715506284588425,사업,자영사업,취약_단순
33019,1,여성,0,1,2,23364000.0,근로자,고등학교 졸업,기혼,주택 / 아파트,0.018209,1,0,조리사,4.0,의학,31,7,13.0,2,16.966706976943225,1.0,의학,5-10Y,4.241676744235806,의학,전문금융,취약_서비스
56414,1,여성,0,1,0,31860000.0,연금수령자,대학교 중퇴,사별,주택 / 아파트,0.072508,0,0,Unknown,1.0,기타 1,57,1000,29.0,0,17.276861893833495,0.0,기타,Retired,17.276861893833495,기타,기타,기타
26164,0,여성,0,0,0,40356000.0,연금수령자,고등학교 졸업,사별,주택 / 아파트,0.019101,0,0,Unknown,1.0,기타 1,65,1000,35.0,0,17.51325066528987,0.0,기타,Retired,17.51325066528987,기타,기타,기타
32560,0,남성,1,0,1,47790000.0,근로자,고등학교 졸업,기혼,주택 / 아파트,0.072508,1,0,Unknown,3.0,사업 2,34,1,23.0,1,17.682326991479222,1.0,사업,Under 2Y,5.894108997159741,사업,자영사업,기타
40766,0,남성,1,1,0,26550000.0,연금수령자,대학교 졸업 이상,기혼,주택 / 아파트,0.009175,0,0,Unknown,2.0,기타 1,64,1000,24.0,0,17.094540343317004,1.0,기타,Retired,8.547270171658502,기타,기타,기타
51394,0,남성,1,1,0,53100000.0,근로자,고등학교 졸업,기혼,주택 / 아파트,0.025164,1,0,단순 노동자,2.0,사업 2,31,0,6.0,0,17.78768750504456,1.0,사업,Under 2Y,8.89384375252228,사업,자영사업,취약_단순
56754,0,여성,0,1,1,53100000.0,근로자,고등학교 졸업,기혼,주택 / 아파트,0.030755,1,0,의료 업계 종사자,3.0,의학,27,3,13.0,1,17.78768750504456,1.0,의학,2-5Y,5.929229168348186,의학,전문금융,안정_전문관리
54249,0,여성,1,1,0,47790000.0,기타,대학교 졸업 이상,기혼,주택 / 아파트,0.015221,1,0,기술직,2.0,사업 2,53,4,23.0,0,17.682326991479222,1.0,사업,2-5Y,8.841163495739611,사업,자영사업,중간_기능
58165,0,여성,0,0,0,26550000.0,근로자,고등학교 졸업,기혼,주택 / 아파트,0.031329,1,0,의료 업계 종사자,2.0,호텔,53,9,2.0,0,17.094540343317004,1.0,호텔,5-10Y,8.547270171658502,호텔,서비스요식,안정_전문관리
37951,0,여성,0,0,0,50976000.0,기타,고등학교 졸업,기혼,주택 / 아파트,0.04622,1,0,단순 노동자,2.0,사업 2,45,0,6.0,0,17.746865511308986,1.0,사업,Under 2Y,8.873432755654493,사업,자영사업,취약_단순
50470,1,남성,0,1,0,37170000.0,근로자,저학력자,기혼,주택 / 아파트,0.01885,1,0,단순 노동자,2.0,건설,27,2,6.0,0,17.43101256917685,1.0,건설,2-5Y,8.715506284588425,건설,경기민감,취약_단순
6293,0,남성,0,1,1,31860000.0,연금수령자,저학력자,별거,공공분양,0.018029,0,0,Unknown,2.0,기타 1,47,1000,14.0,1,17.276861893833495,0.0,기타,Retired,8.638430946916747,기타,기타,기타
50052,0,여성,0,1,2,37170000.0,근로자,고등학교 졸업,기혼,주택 / 아파트,0.019101,1,0,조리사,4.0,학교,42,5,4.0,2,17.43101256917685,1.0,학교,5-10Y,4.357753142294213,학교,공공안정,취약_서비스
25959,0,여성,1,1,2,69030000.0,근로자,대학교 졸업 이상,기혼,주택 / 아파트,0.028663,1,0,회계사,4.0,자영업,40,14,0.0,2,18.050051765166117,1.0,자영업,10-20Y,4.512512941291528,자영업,자영사업,안정_전문관리
26610,0,여성,1,1,1,53100000.0,근로자,대학교 졸업 이상,사실혼,주택 / 아파트,0.022625,1,1,기술직,3.0,의학,41,3,7.0,1,17.78768750504456,1.0,의학,2-5Y,5.929229168348186,의학,전문금융,중간_기능
52059,0,여성,1,1,0,58410000.0,연금수령자,고등학교 졸업,기혼,주택 / 아파트,0.014464,0,0,Unknown,2.0,기타 1,60,1000,23.0,0,17.88299768313685,1.0,기타,Retired,8.941498841568425,기타,기타,기타
41711,1,남성,0,1,0,26550000.0,연금수령자,고등학교 졸업,기혼,주택 / 아파트,0.035792,0,0,Unknown,2.0,기타 1,60,1000,2.0,0,17.094540343317004,1.0,기타,Retired,8.547270171658502,기타,기타,기타
15697,0,여성,0,1,0,18054000.0,근로자,고등학교 졸업,기혼,주택 / 아파트,0.026392,1,1,단순 노동자,2.0,기타 0,51,2,25.0,0,16.708877880229622,1.0,기타,2-5Y,8.354438940114811,기타,기타,취약_단순
4644,0,여성,0,0,0,69030000.0,연금수령자,대학교 졸업 이상,기혼,주택 / 아파트,0.020246,0,0,Unknown,2.0,기타 1,51,1000,14.0,0,18.050051765166117,1.0,기타,Retired,9.025025882583057,기타,기타,기타
9069,0,여성,1,1,0,42480000.0,근로자,고등학교 졸업,사실혼,주택 / 아파트,0.0105,1,0,운전자,2.0,운송 0,39,2,7.0,0,17.564543958438446,1.0,운송,2-5Y,8.782271979219223,운송,경기민감,취약_기계
37995,0,여성,0,1,0,42480000.0,기타,고등학교 졸업,기혼,주택 / 아파트,0.04622,1,0,가정부,2.0,자영업,55,2,12.0,0,17.564543958438446,1.0,자영업,2-5Y,8.782271979219223,자영업,자영사업,취약_서비스
27941,0,여성,0,0,1,31860000.0,기타,고등학교 졸업,사실혼,아파트 임대,0.010276,1,0,핵심 노동자,3.0,자영업,31,1,4.0,1,17.276861893833495,1.0,자영업,Under 2Y,5.758953964611165,자영업,자영사업,중간_기능
33929,0,남성,1,1,0,31860000.0,공무원,고등학교 졸업,기혼,주택 / 아파트,0.009334,1,0,단순 노동자,2.0,사업 2,41,1,1.0,0,17.276861893833495,1.0,사업,Under 2Y,8.638430946916747,사업,자영사업,취약_단순
5086,0,여성,0,1,0,28674000.0,연금수령자,고등학교 졸업,기혼,주택 / 아파트,0.072508,0,0,Unknown,2.0,기타 1,64,1000,2.0,0,17.17150138166315,1.0,기타,Retired,8.585750690831574,기타,기타,기타
53487,0,여성,0,0,0,37170000.0,공무원,고등학교 졸업,기혼,주택 / 아파트,0.030755,1,0,핵심 노동자,2.0,정부,55,20,0.0,0,17.43101256917685,1.0,정부,Over 20Y,8.715506284588425,정부,공공안정,중간_기능
16655,0,여성,1,0,0,47790000.0,기타,고등학교 졸업,미혼,주택 / 아파트,0.010006,1,0,회계사,1.0,사업 2,51,7,28.0,0,17.682326991479222,0.0,사업,5-10Y,17.682326991479222,사업,자영사업,안정_전문관리
15798,0,여성,0,1,0,42480000.0,기타,고등학교 졸업,기혼,주택 / 아파트,0.02461,1,0,핵심 노동자,2.0,유치원,39,15,19.0,0,17.564543958438446,1.0,유치원,10-20Y,8.782271979219223,유치원,공공안정,중간_기능
52486,0,남성,1,0,0,21240000.0,근로자,고등학교 졸업,기혼,주택 / 아파트,0.01885,1,0,운전자,2.0,운송 0,57,2,14.0,0,16.87139680141899,1.0,운송,2-5Y,8.435698400709494,운송,경기민감,취약_기계
15578,0,여성,0,1,0,26550000.0,근로자,고등학교 졸업,별거,주택 / 아파트,0.020246,1,0,단순 노동자,1.0,정부,53,11,8.0,0,17.094540343317004,0.0,정부,10-20Y,17.094540343317004,정부,공공안정,취약_단순
56896,0,여성,0,0,0,53100000.0,공무원,대학교 졸업 이상,기혼,주택 / 아파트,0.00496,1,0,핵심 노동자,2.0,법률 서비스,43,14,8.0,0,17.78768750504456,1.0,법률,10-20Y,8.89384375252228,법률,전문금융,중간_기능
5102,0,여성,0,1,1,26550000.0,공무원,대학교 졸업 이상,기혼,주택 / 아파트,0.007305,1,0,의료 업계 종사자,3.0,의학,29,6,1.0,1,17.094540343317004,1.0,의학,5-10Y,5.698180114439001,의학,전문금융,안정_전문관리
7602,0,여성,1,1,0,47790000.0,근로자,대학교 졸업 이상,기혼,주택 / 아파트,0.028663,1,0,Unknown,2.0,사업 2,54,8,14.0,0,17.682326991479222,1.0,사업,5-10Y,8.841163495739611,사업,자영사업,기타
34000,1,남성,0,1,0,53100000.0,근로자,대학교 졸업 이상,기혼,주택 / 아파트,0.00733,1,0,부동산중개업자,2.0,사업 2,36,1,2.0,0,17.78768750504456,1.0,사업,Under 2Y,8.89384375252228,사업,자영사업,취약_판매
27137,1,남성,1,1,0,26550000.0,근로자,고등학교 졸업,기혼,주택 / 아파트,0.00823,1,0,운전자,2.0,자영업,56,2,23.0,0,17.094540343317004,1.0,자영업,2-5Y,8.547270171658502,자영업,자영사업,취약_기계
4580,0,여성,1,1,1,33984000.0,공무원,대학교 졸업 이상,기혼,주택 / 아파트,0.035792,1,0,핵심 노동자,3.0,경찰,36,11,3.0,1,17.34140041300936,1.0,경찰,10-20Y,5.780466804336453,경찰,공공안정,중간_기능
1736,0,여성,0,0,0,15930000.0,공무원,고등학교 졸업,기혼,공공분양,0.010556,1,0,핵심 노동자,2.0,유치원,45,5,16.0,0,16.583714744660867,1.0,유치원,5-10Y,8.291857372330433,유치원,공공안정,중간_기능
58386,0,남성,1,1,2,84960000.0,근로자,고등학교 졸업,기혼,주택 / 아파트,0.04622,1,1,단순 노동자,4.0,사업 2,39,8,16.0,2,18.25769112722815,1.0,사업,5-10Y,4.564422781807037,사업,자영사업,취약_단순
46789,0,여성,0,1,0,26550000.0,근로자,고등학교 졸업,기혼,주택 / 아파트,0.009175,1,0,조리사,2.0,건설,49,2,0.0,0,17.094540343317004,1.0,건설,2-5Y,8.547270171658502,건설,경기민감,취약_서비스
58630,0,여성,0,1,0,58410000.0,연금수령자,고등학교 졸업,사별,주택 / 아파트,0.011703,0,0,Unknown,1.0,기타 1,56,1000,36.0,0,17.88299768313685,0.0,기타,Retired,17.88299768313685,기타,기타,기타
39276,0,여성,1,1,0,106200000.0,근로자,대학교 졸업 이상,기혼,주택 / 아파트,0.010147,1,0,관리직,2.0,사업 2,52,7,5.0,0,18.48083467618831,1.0,사업,5-10Y,9.240417338094154,사업,자영사업,안정_전문관리
4863,0,여성,0,1,0,26550000.0,근로자,대학교 졸업 이상,사실혼,주택 / 아파트,0.026392,1,0,핵심 노동자,2.0,은행,22,1,8.0,0,17.094540343317004,1.0,은행,Under 2Y,8.547270171658502,은행,공공안정,중간_기능
58480,1,여성,0,0,2,31860000.0,근로자,고등학교 졸업,기혼,주택 / 아파트,0.01885,1,0,회계사,4.0,자영업,45,12,6.0,2,17.276861893833495,1.0,자영업,10-20Y,4.319215473458374,자영업,자영사업,안정_전문관리
55386,0,여성,0,1,0,63720000.0,근로자,고등학교 졸업,기혼,공공분양,0.022625,1,0,Unknown,2.0,사업 2,57,8,7.0,0,17.97000905869978,1.0,사업,5-10Y,8.98500452934989,사업,자영사업,기타
32512,0,여성,1,1,1,63720000.0,근로자,고등학교 졸업,별거,주택 / 아파트,0.026392,1,0,관리직,2.0,무역 0,49,12,8.0,1,17.97000905869978,0.0,무역,10-20Y,8.98500452934989,무역,경기민감,안정_전문관리
53323,0,여성,0,1,0,53100000.0,연금수령자,고등학교 졸업,기혼,주택 / 아파트,0.020246,0,0,Unknown,2.0,기타 1,56,1000,29.0,0,17.78768750504456,1.0,기타,Retired,8.89384375252228,기타,기타,기타
45290,0,남성,1,0,1,42480000.0,근로자,고등학교 졸업,기혼,공공분양,0.022625,1,0,Unknown,3.0,사업 2,45,1,13.0,1,17.564543958438446,1.0,사업,Under 2Y,5.854847986146148,사업,자영사업,기타
3780,0,여성,0,0,0,82836000.0,근로자,대학교 졸업 이상,사실혼,주택 / 아파트,0.01885,1,0,관리직,2.0,정부,51,3,20.0,0,18.23237331954566,1.0,정부,2-5Y,9.11618665977283,정부,공공안정,안정_전문관리
40235,0,여성,0,1,2,74340000.0,기타,고등학교 졸업,기혼,주택 / 아파트,0.018801,1,0,회계사,4.0,건설,39,4,13.0,2,18.124159736285087,1.0,건설,2-5Y,4.531039934071272,건설,경기민감,안정_전문관리
39936,0,여성,0,1,2,23364000.0,공무원,대학교 졸업 이상,기혼,주택 / 아파트,0.01885,1,0,핵심 노동자,4.0,정부,32,4,2.0,2,16.966706976943225,1.0,정부,2-5Y,4.241676744235806,정부,공공안정,중간_기능
12403,0,여성,0,0,0,29736000.0,공무원,고등학교 졸업,기혼,주택 / 아파트,0.016612,1,0,단순 노동자,2.0,주택,57,9,36.0,0,17.207869024588497,1.0,주택,5-10Y,8.603934512294249,주택,기타,취약_단순
19959,0,여성,1,1,1,53100000.0,기타,대학교 졸업 이상,기혼,주택 / 아파트,0.006629,1,0,단순 노동자,3.0,대학교,43,4,5.0,1,17.78768750504456,1.0,대학교,2-5Y,5.929229168348186,대학교,공공안정,취약_단순
17190,0,여성,0,1,0,21240000.0,근로자,고등학교 졸업,기혼,주택 / 아파트,0.020713,1,0,Unknown,2.0,사업 2,40,14,10.0,0,16.87139680141899,1.0,사업,10-20Y,8.435698400709494,사업,자영사업,기타
52445,0,남성,0,1,0,90270000.0,기타,고등학교 졸업,기혼,주택 / 아파트,0.04622,1,0,운전자,2.0,사업 2,40,0,22.0,0,18.318315748352216,1.0,사업,Under 2Y,9.159157874176108,사업,자영사업,취약_기계
37395,0,여성,1,1,0,84960000.0,연금수령자,대학교 졸업 이상,미혼,주택 / 아파트,0.032561,0,0,Unknown,1.0,기타 1,64,1000,2.0,0,18.25769112722815,0.0,기타,Retired,18.25769112722815,기타,기타,기타
20066,0,여성,0,1,0,14868000.0,연금수령자,대학교 졸업 이상,기혼,주택 / 아파트,0.006852,0,0,Unknown,2.0,기타 1,66,1000,11.0,0,16.51472187765782,1.0,기타,Retired,8.25736093882891,기타,기타,기타
28733,0,여성,1,1,2,47790000.0,근로자,고등학교 졸업,기혼,주택 / 아파트,0.0031219999999999,1,0,단순 노동자,4.0,자영업,29,6,12.0,2,17.682326991479222,1.0,자영업,5-10Y,4.4205817478698055,자영업,자영사업,취약_단순
41407,0,여성,1,1,0,26550000.0,기타,대학교 졸업 이상,기혼,주택 / 아파트,0.022625,1,1,Unknown,2.0,대학교,42,19,25.0,0,17.094540343317004,1.0,대학교,10-20Y,8.547270171658502,대학교,공공안정,기타
51283,0,여성,0,1,0,79650000.0,근로자,고등학교 졸업,기혼,주택 / 아파트,0.018209,1,0,핵심 노동자,2.0,사업 0,26,2,9.0,0,18.19315260687526,1.0,사업,2-5Y,9.09657630343763,사업,자영사업,중간_기능
50182,0,여성,0,1,0,15930000.0,연금수령자,고등학교 졸업,미혼,주택 / 아파트,0.018029,0,0,Unknown,1.0,기타 1,55,1000,2.0,0,16.583714744660867,0.0,기타,Retired,16.583714744660867,기타,기타,기타
6945,1,여성,0,1,0,30798000.0,기타,고등학교 졸업,사실혼,주택 / 아파트,0.00963,1,0,영업직,2.0,사업 2,40,4,21.0,0,17.242960343240135,1.0,사업,2-5Y,8.621480171620068,사업,자영사업,취약_판매
25612,0,여성,1,1,0,37170000.0,근로자,고등학교 졸업,미혼,주택 / 아파트,0.026392,1,1,Unknown,1.0,사업 0,22,1,9.0,0,17.43101256917685,0.0,사업,Under 2Y,17.43101256917685,사업,자영사업,기타
1422,0,남성,0,1,0,53100000.0,근로자,고등학교 졸업,기혼,주택 / 아파트,0.00823,1,0,운전자,2.0,사업 2,40,7,0.0,0,17.78768750504456,1.0,사업,5-10Y,8.89384375252228,사업,자영사업,취약_기계
4894,0,여성,1,1,0,53100000.0,근로자,대학교 졸업 이상,기혼,주택 / 아파트,0.00963,1,0,핵심 노동자,2.0,법률 서비스,54,10,21.0,0,17.78768750504456,1.0,법률,10-20Y,8.89384375252228,법률,전문금융,중간_기능
15249,0,남성,0,0,0,37170000.0,근로자,고등학교 졸업,기혼,주택 / 아파트,0.016612,1,0,단순 노동자,2.0,자영업,39,7,0.0,0,17.43101256917685,1.0,자영업,5-10Y,8.715506284588425,자영업,자영사업,취약_단순
52633,0,남성,0,1,0,40356000.0,근로자,고등학교 졸업,사실혼,주택 / 아파트,0.003813,1,0,저임금 노동자,2.0,자영업,36,0,7.0,0,17.51325066528987,1.0,자영업,Under 2Y,8.756625332644935,자영업,자영사업,취약_단순
28815,0,남성,1,0,0,50976000.0,기타,대학교 졸업 이상,기혼,주택 / 아파트,0.031329,1,0,기술직,2.0,운송 3,27,6,2.0,0,17.746865511308986,1.0,운송,5-10Y,8.873432755654493,운송,경기민감,중간_기능
53637,0,여성,0,1,0,37170000.0,연금수령자,고등학교 졸업,기혼,주택 / 아파트,0.015221,0,0,Unknown,2.0,기타 1,52,1000,12.0,0,17.43101256917685,1.0,기타,Retired,8.715506284588425,기타,기타,기타
10583,0,남성,1,1,0,28674000.0,연금수령자,고등학교 졸업,기혼,주택 / 아파트,0.009549,0,0,Unknown,2.0,기타 1,58,1000,12.0,0,17.17150138166315,1.0,기타,Retired,8.585750690831574,기타,기타,기타
212,0,여성,0,0,0,26550000.0,근로자,고등학교 졸업,미혼,주택 / 아파트,0.020246,1,0,영업직,1.0,자영업,44,13,19.0,0,17.094540343317004,0.0,자영업,10-20Y,17.094540343317004,자영업,자영사업,취약_판매
31680,0,남성,1,1,1,37170000.0,근로자,대학교 중퇴,기혼,주택 / 아파트,0.018634,1,0,운전자,3.0,사업 2,52,2,16.0,1,17.43101256917685,1.0,사업,2-5Y,5.810337523058951,사업,자영사업,취약_기계
37624,0,여성,0,1,0,21240000.0,기타,대학교 졸업 이상,기혼,아파트 임대,0.020713,1,0,회계사,2.0,사업 0,24,0,0.0,0,16.87139680141899,1.0,사업,Under 2Y,8.435698400709494,사업,자영사업,안정_전문관리
273,0,여성,0,1,1,26550000.0,근로자,고등학교 졸업,기혼,주택 / 아파트,0.018029,1,0,영업직,3.0,사업 2,34,0,25.0,1,17.094540343317004,1.0,사업,Under 2Y,5.698180114439001,사업,자영사업,취약_판매
13904,1,남성,0,0,0,26550000.0,근로자,고등학교 졸업,미혼,주택 / 아파트,0.020246,1,0,운전자,1.0,사업 2,24,3,2.0,0,17.094540343317004,0.0,사업,2-5Y,17.094540343317004,사업,자영사업,취약_기계
17437,0,여성,0,1,0,58410000.0,기타,고등학교 졸업,미혼,주택 / 아파트,0.025164,1,1,Unknown,1.0,사업 0,36,4,19.0,0,17.88299768313685,0.0,사업,2-5Y,17.88299768313685,사업,자영사업,기타
11968,0,여성,0,1,0,21240000.0,근로자,고등학교 졸업,기혼,주택 / 아파트,0.020713,1,0,단순 노동자,2.0,사업 2,48,13,11.0,0,16.87139680141899,1.0,사업,10-20Y,8.435698400709494,사업,자영사업,취약_단순
19306,0,여성,0,1,0,53100000.0,기타,대학교 졸업 이상,사실혼,주택 / 아파트,0.072508,1,0,핵심 노동자,2.0,기타 0,63,6,47.0,0,17.78768750504456,1.0,기타,5-10Y,8.89384375252228,기타,기타,중간_기능
39297,0,남성,0,0,1,44604000.0,근로자,고등학교 졸업,기혼,주택 / 아파트,0.031329,1,1,Unknown,3.0,산업 4,24,3,9.0,1,17.613334121486904,1.0,산업,2-5Y,5.871111373828968,산업,경기민감,기타
41483,0,남성,1,1,1,53100000.0,기타,대학교 졸업 이상,기혼,주택 / 아파트,0.030755,1,0,관리직,3.0,사업 2,48,6,6.0,1,17.78768750504456,1.0,사업,5-10Y,5.929229168348186,사업,자영사업,안정_전문관리
52152,0,남성,1,0,0,37170000.0,근로자,고등학교 졸업,기혼,공공분양,0.018029,1,0,단순 노동자,2.0,사업 2,44,4,28.0,0,17.43101256917685,1.0,사업,2-5Y,8.715506284588425,사업,자영사업,취약_단순
42380,1,남성,0,1,0,30798000.0,기타,고등학교 졸업,기혼,공공분양,0.010032,1,0,보안 업계 종사자,2.0,보안,35,2,4.0,0,17.242960343240135,1.0,보안,2-5Y,8.621480171620068,보안,서비스요식,취약_서비스
29297,0,여성,1,1,1,42480000.0,근로자,대학교 졸업 이상,사실혼,주택 / 아파트,0.018634,1,0,의료 업계 종사자,3.0,정부,38,12,15.0,1,17.564543958438446,1.0,정부,10-20Y,5.854847986146148,정부,공공안정,안정_전문관리
36851,1,여성,0,1,0,26550000.0,연금수령자,고등학교 졸업,기혼,주택 / 아파트,0.010147,0,0,Unknown,2.0,기타 1,61,1000,25.0,0,17.094540343317004,1.0,기타,Retired,8.547270171658502,기타,기타,기타
7363,0,여성,0,1,0,53100000.0,근로자,고등학교 졸업,기혼,주택 / 아파트,0.0196889999999999,1,0,미화원,2.0,자영업,63,6,37.0,0,17.78768750504456,1.0,자영업,5-10Y,8.89384375252228,자영업,자영사업,취약_단순
12946,0,여성,0,1,0,84960000.0,기타,대학교 졸업 이상,사실혼,주택 / 아파트,0.072508,1,0,관리직,2.0,무역 2,29,1,3.0,0,18.25769112722815,1.0,무역,Under 2Y,9.128845563614076,무역,경기민감,안정_전문관리
47769,0,여성,0,0,0,71154000.0,근로자,대학교 졸업 이상,기혼,주택 / 아파트,0.008575,1,0,Unknown,2.0,기타 0,48,21,17.0,0,18.08035711422901,1.0,기타,Over 20Y,9.040178557114505,기타,기타,기타
46201,0,여성,0,1,1,26550000.0,연금수령자,고등학교 졸업,기혼,주택 / 아파트,0.010966,0,0,Unknown,3.0,기타 1,51,1000,28.0,1,17.094540343317004,1.0,기타,Retired,5.698180114439001,기타,기타,기타
38271,0,여성,1,0,0,53100000.0,기타,대학교 졸업 이상,사실혼,주택 / 아파트,0.007305,1,0,Unknown,2.0,보안,34,8,8.0,0,17.78768750504456,1.0,보안,5-10Y,8.89384375252228,보안,서비스요식,기타
32361,0,여성,0,1,2,21240000.0,근로자,고등학교 졸업,기혼,주택 / 아파트,0.026392,1,0,핵심 노동자,4.0,유치원,32,2,2.0,2,16.87139680141899,1.0,유치원,2-5Y,4.217849200354747,유치원,공공안정,중간_기능
22215,0,남성,1,1,0,132750000.0,근로자,고등학교 졸업,기혼,주택 / 아파트,0.026392,1,0,단순 노동자,2.0,운송 3,50,18,28.0,0,18.70397822561928,1.0,운송,10-20Y,9.35198911280964,운송,경기민감,취약_단순
2980,0,여성,0,1,0,21240000.0,근로자,고등학교 졸업,별거,주택 / 아파트,0.00733,1,0,단순 노동자,1.0,자영업,43,4,21.0,0,16.87139680141899,0.0,자영업,2-5Y,16.87139680141899,자영업,자영사업,취약_단순
20984,0,남성,1,1,0,47790000.0,근로자,고등학교 졸업,기혼,주택 / 아파트,0.0145199999999999,1,0,핵심 노동자,2.0,문화,47,4,19.0,0,17.682326991479222,1.0,문화,2-5Y,8.841163495739611,문화,기타,중간_기능
26242,0,여성,0,1,0,47790000.0,기타,고등학교 졸업,기혼,주택 / 아파트,0.0072739999999999,1,0,영업직,2.0,무역 3,50,1,0.0,0,17.682326991479222,1.0,무역,Under 2Y,8.841163495739611,무역,경기민감,취약_판매
12800,0,남성,1,0,0,21240000.0,연금수령자,저학력자,기혼,주택 / 아파트,0.006296,0,0,Unknown,2.0,기타 1,62,1000,30.0,0,16.87139680141899,1.0,기타,Retired,8.435698400709494,기타,기타,기타
55622,1,남성,1,0,0,42480000.0,연금수령자,고등학교 졸업,기혼,주택 / 아파트,0.018801,0,0,Unknown,2.0,기타 1,63,1000,10.0,0,17.564543958438446,1.0,기타,Retired,8.782271979219223,기타,기타,기타
16554,0,여성,0,1,0,40356000.0,기타,고등학교 졸업,기혼,주택 / 아파트,0.002042,1,0,Unknown,2.0,운송 3,48,6,6.0,0,17.51325066528987,1.0,운송,5-10Y,8.756625332644935,운송,경기민감,기타
18063,1,여성,0,1,1,31860000.0,근로자,고등학교 졸업,기혼,주택 / 아파트,0.028663,1,0,단순 노동자,3.0,사업 2,29,0,1.0,1,17.276861893833495,1.0,사업,Under 2Y,5.758953964611165,사업,자영사업,취약_단순
31395,0,여성,0,1,0,26550000.0,근로자,고등학교 졸업,기혼,주택 / 아파트,0.01885,1,0,영업직,2.0,사업 2,29,11,2.0,0,17.094540343317004,1.0,사업,10-20Y,8.547270171658502,사업,자영사업,취약_판매
54461,0,남성,1,1,1,42480000.0,근로자,고등학교 졸업,기혼,주택 / 아파트,0.020713,1,0,운전자,3.0,사업 2,37,2,9.0,1,17.564543958438446,1.0,사업,2-5Y,5.854847986146148,사업,자영사업,취약_기계
39800,0,여성,0,1,0,23364000.0,근로자,고등학교 졸업,미혼,주택 / 아파트,0.00733,1,0,단순 노동자,1.0,환경,46,2,10.0,0,16.966706976943225,0.0,환경,2-5Y,16.966706976943225,환경,기타,취약_단순
34115,0,여성,0,1,0,21240000.0,근로자,대학교 졸업 이상,기혼,주택 / 아파트,0.020713,1,0,Unknown,2.0,정부,37,16,21.0,0,16.87139680141899,1.0,정부,10-20Y,8.435698400709494,정부,공공안정,기타
38998,0,여성,0,0,0,29311200.0,기타,고등학교 졸업,미혼,공공분양,0.014464,1,0,Unknown,1.0,사업 2,60,0,0.0,0,17.19348028762378,0.0,사업,Under 2Y,17.19348028762378,사업,자영사업,기타
56512,0,남성,0,0,0,33984000.0,기타,고등학교 졸업,사실혼,주택 / 아파트,0.00963,1,0,기술직,2.0,사업 2,42,8,15.0,0,17.34140041300936,1.0,사업,5-10Y,8.67070020650468,사업,자영사업,중간_기능
27403,0,여성,0,0,0,29736000.0,기타,고등학교 졸업,기혼,주택 / 아파트,0.030755,1,0,조리사,2.0,운송 3,44,6,19.0,0,17.207869024588497,1.0,운송,5-10Y,8.603934512294249,운송,경기민감,취약_서비스
20153,0,여성,1,0,0,21240000.0,근로자,고등학교 졸업,기혼,주택 / 아파트,0.035792,1,0,핵심 노동자,2.0,의학,42,2,11.0,0,16.87139680141899,1.0,의학,2-5Y,8.435698400709494,의학,전문금융,중간_기능
30224,0,남성,1,1,0,127440000.0,근로자,고등학교 졸업,사실혼,주택 / 아파트,0.030755,1,0,단순 노동자,2.0,군대,53,7,3.0,0,18.6631562314129,1.0,군대,5-10Y,9.33157811570645,군대,공공안정,취약_단순
47309,0,여성,1,1,2,31860000.0,근로자,고등학교 졸업,미혼,주택 / 아파트,0.031329,1,1,영업직,3.0,무역 3,36,0,6.0,2,17.276861893833495,0.0,무역,Under 2Y,5.758953964611165,무역,경기민감,취약_판매
30037,0,여성,0,0,0,31860000.0,근로자,고등학교 졸업,별거,주택 / 아파트,0.008575,1,0,Unknown,1.0,사업 2,27,4,1.0,0,17.276861893833495,0.0,사업,2-5Y,17.276861893833495,사업,자영사업,기타
55118,0,여성,0,1,0,42480000.0,근로자,고등학교 졸업,기혼,주택 / 아파트,0.030755,1,0,영업직,2.0,자영업,50,5,11.0,0,17.564543958438446,1.0,자영업,5-10Y,8.782271979219223,자영업,자영사업,취약_판매
40492,0,남성,1,1,0,63720000.0,기타,대학교 중퇴,기혼,주택 / 아파트,0.031329,1,1,기술직,2.0,사업 2,38,3,1.0,0,17.97000905869978,1.0,사업,2-5Y,8.98500452934989,사업,자영사업,중간_기능
1608,0,남성,0,1,0,69030000.0,기타,고등학교 졸업,미혼,주택 / 아파트,0.026392,1,1,영업직,1.0,운송 1,33,2,4.0,0,18.050051765166117,0.0,운송,2-5Y,18.050051765166117,운송,경기민감,취약_판매
2541,0,남성,1,1,0,63720000.0,근로자,고등학교 졸업,기혼,주택 / 아파트,0.026392,1,0,Unknown,2.0,건설,46,1,9.0,0,17.97000905869978,1.0,건설,Under 2Y,8.98500452934989,건설,경기민감,기타
14513,0,여성,0,1,0,15930000.0,연금수령자,고등학교 졸업,기혼,주택 / 아파트,0.009175,0,0,Unknown,2.0,기타 1,62,1000,24.0,0,16.583714744660867,1.0,기타,Retired,8.291857372330433,기타,기타,기타
51441,1,남성,0,1,0,47790000.0,기타,고등학교 졸업,기혼,주택 / 아파트,0.026392,1,0,보안 업계 종사자,2.0,의학,54,6,21.0,0,17.682326991479222,1.0,의학,5-10Y,8.841163495739611,의학,전문금융,취약_서비스
42902,1,여성,1,1,2,84960000.0,근로자,고등학교 졸업,기혼,주택 / 아파트,0.016612,1,0,관리직,4.0,자영업,33,4,11.0,2,18.25769112722815,1.0,자영업,2-5Y,4.564422781807037,자영업,자영사업,안정_전문관리
43968,0,여성,0,1,0,21240000.0,연금수령자,고등학교 졸업,기혼,주택 / 아파트,0.02461,0,0,Unknown,2.0,기타 1,56,1000,28.0,0,16.87139680141899,1.0,기타,Retired,8.435698400709494,기타,기타,기타
30308,0,남성,0,0,0,21240000.0,연금수령자,고등학교 졸업,기혼,주택 / 아파트,0.016612,0,0,Unknown,2.0,기타 1,61,1000,24.0,0,16.87139680141899,1.0,기타,Retired,8.435698400709494,기타,기타,기타
26334,0,여성,0,0,0,47790000.0,기타,고등학교 졸업,기혼,주택 / 아파트,0.019101,1,1,Unknown,2.0,사업 2,44,4,8.0,0,17.682326991479222,1.0,사업,2-5Y,8.841163495739611,사업,자영사업,기타
13856,0,여성,1,1,0,69030000.0,연금수령자,고등학교 졸업,별거,주택 / 아파트,0.028663,0,0,Unknown,1.0,기타 1,57,1000,1.0,0,18.050051765166117,0.0,기타,Retired,18.050051765166117,기타,기타,기타
17561,1,여성,0,1,2,15930000.0,근로자,고등학교 졸업,사실혼,주택 / 아파트,0.020246,1,0,단순 노동자,4.0,산업 8,33,2,14.0,2,16.583714744660867,1.0,산업,2-5Y,4.145928686165217,산업,경기민감,취약_단순
5966,0,여성,0,0,0,23364000.0,근로자,고등학교 졸업,기혼,아파트 임대,0.0066709999999999,1,0,Unknown,2.0,정부,56,5,1.0,0,16.966706976943225,1.0,정부,5-10Y,8.483353488471613,정부,공공안정,기타
46891,0,여성,0,1,0,30798000.0,근로자,고등학교 졸업,별거,주택 / 아파트,0.020246,1,0,의료 업계 종사자,1.0,의학,44,1,22.0,0,17.242960343240135,0.0,의학,Under 2Y,17.242960343240135,의학,전문금융,안정_전문관리
46342,0,남성,0,1,0,74340000.0,기타,대학교 졸업 이상,기혼,주택 / 아파트,0.04622,1,0,단순 노동자,2.0,건설,52,9,23.0,0,18.124159736285087,1.0,건설,5-10Y,9.062079868142543,건설,경기민감,취약_단순
22014,0,남성,1,0,0,53100000.0,기타,고등학교 졸업,기혼,주택 / 아파트,0.020713,1,0,핵심 노동자,2.0,학교,58,9,4.0,0,17.78768750504456,1.0,학교,5-10Y,8.89384375252228,학교,공공안정,중간_기능
20589,0,여성,0,1,2,79650000.0,근로자,고등학교 졸업,별거,주택 / 아파트,0.002506,1,0,단순 노동자,3.0,레스토랑,34,3,8.0,2,18.19315260687526,0.0,레스토랑,2-5Y,6.064384202291753,레스토랑,서비스요식,취약_단순
12421,0,여성,1,0,0,25488000.0,기타,고등학교 졸업,기혼,주택 / 아파트,0.035792,1,0,Unknown,2.0,농업,42,5,10.0,0,17.053718350366115,1.0,농업,5-10Y,8.526859175183057,농업,기타,기타
1592,1,남성,0,1,0,42480000.0,근로자,고등학교 졸업,기혼,주택 / 아파트,0.00823,1,0,단순 노동자,2.0,건설,45,4,17.0,0,17.564543958438446,1.0,건설,2-5Y,8.782271979219223,건설,경기민감,취약_단순
51676,0,여성,0,0,0,15930000.0,근로자,대학교 중퇴,미혼,주택 / 아파트,0.018634,1,0,영업직,1.0,사업 2,25,3,25.0,0,16.583714744660867,0.0,사업,2-5Y,16.583714744660867,사업,자영사업,취약_판매
59936,0,여성,1,0,0,21240000.0,연금수령자,고등학교 졸업,기혼,주택 / 아파트,0.018634,0,0,Unknown,2.0,기타 1,62,1000,34.0,0,16.87139680141899,1.0,기타,Retired,8.435698400709494,기타,기타,기타
32301,0,남성,0,0,0,29736000.0,근로자,고등학교 졸업,기혼,주택 / 아파트,0.0116569999999999,1,0,단순 노동자,2.0,운송 2,48,3,2.0,0,17.207869024588497,1.0,운송,2-5Y,8.603934512294249,운송,경기민감,취약_단순
20972,0,여성,0,0,0,26550000.0,연금수령자,고등학교 졸업,사별,공공분양,0.0096569999999999,0,0,Unknown,1.0,기타 1,56,1000,39.0,0,17.094540343317004,0.0,기타,Retired,17.094540343317004,기타,기타,기타
51551,0,남성,1,0,0,31860000.0,근로자,고등학교 졸업,기혼,주택 / 아파트,0.0096569999999999,1,0,단순 노동자,2.0,사업 2,51,0,9.0,0,17.276861893833495,1.0,사업,Under 2Y,8.638430946916747,사업,자영사업,취약_단순
22590,0,여성,0,1,0,31860000.0,근로자,대학교 중퇴,미혼,주택 / 아파트,0.018801,1,0,기술직,1.0,국가 안보,21,1,6.0,0,17.276861893833495,0.0,국가,Under 2Y,17.276861893833495,국가,공공안정,중간_기능
23342,0,여성,0,0,0,42480000.0,기타,고등학교 졸업,별거,주택 / 아파트,0.04622,1,0,Unknown,1.0,사업 2,46,14,1.0,0,17.564543958438446,0.0,사업,10-20Y,17.564543958438446,사업,자영사업,기타
18372,0,남성,0,0,0,19116000.0,근로자,고등학교 졸업,기혼,주택 / 아파트,0.028663,1,0,단순 노동자,2.0,농업,49,2,9.0,0,16.766036290992385,1.0,농업,2-5Y,8.383018145496193,농업,기타,취약_단순
11658,0,여성,0,0,1,37170000.0,근로자,대학교 졸업 이상,기혼,주택 / 아파트,0.010643,1,0,Unknown,3.0,사업 2,28,0,18.0,1,17.43101256917685,1.0,사업,Under 2Y,5.810337523058951,사업,자영사업,기타
3120,0,여성,0,1,0,15930000.0,연금수령자,고등학교 졸업,사별,주택 / 아파트,0.031329,0,0,Unknown,1.0,기타 1,65,1000,30.0,0,16.583714744660867,0.0,기타,Retired,16.583714744660867,기타,기타,기타
59020,0,여성,0,0,0,42480000.0,근로자,고등학교 졸업,미혼,주택 / 아파트,0.020713,1,0,미화원,1.0,유치원,55,2,26.0,0,17.564543958438446,0.0,유치원,2-5Y,17.564543958438446,유치원,공공안정,취약_단순
53642,0,여성,0,0,0,26550000.0,기타,대학교 졸업 이상,기혼,주택 / 아파트,0.0145199999999999,1,0,핵심 노동자,2.0,은행,31,2,10.0,0,17.094540343317004,1.0,은행,2-5Y,8.547270171658502,은행,공공안정,중간_기능
26678,0,남성,0,0,0,37170000.0,기타,고등학교 졸업,기혼,아파트 임대,0.00712,1,0,저임금 노동자,2.0,사업 2,29,3,6.0,0,17.43101256917685,1.0,사업,2-5Y,8.715506284588425,사업,자영사업,취약_단순
17657,0,남성,1,1,2,53100000.0,기타,고등학교 졸업,기혼,주택 / 아파트,0.030755,1,0,단순 노동자,4.0,사업 2,44,3,3.0,2,17.78768750504456,1.0,사업,2-5Y,4.44692187626114,사업,자영사업,취약_단순
37189,0,남성,0,0,0,26550000.0,근로자,고등학교 졸업,기혼,주택 / 아파트,0.00712,1,0,단순 노동자,2.0,무역 0,43,10,12.0,0,17.094540343317004,1.0,무역,10-20Y,8.547270171658502,무역,경기민감,취약_단순
29037,0,남성,0,1,0,26550000.0,근로자,대학교 졸업 이상,미혼,주택 / 아파트,0.003069,1,0,영업직,1.0,무역 0,23,0,3.0,0,17.094540343317004,0.0,무역,Under 2Y,17.094540343317004,무역,경기민감,취약_판매
19015,0,여성,1,0,0,15930000.0,근로자,고등학교 졸업,기혼,주택 / 아파트,0.003813,1,0,영업직,2.0,사업 2,48,12,29.0,0,16.583714744660867,1.0,사업,10-20Y,8.291857372330433,사업,자영사업,취약_판매
23044,1,여성,0,1,0,15930000.0,연금수령자,고등학교 졸업,사별,주택 / 아파트,0.015221,0,0,Unknown,1.0,기타 1,57,1000,12.0,0,16.583714744660867,0.0,기타,Retired,16.583714744660867,기타,기타,기타
28791,0,남성,1,0,0,84960000.0,근로자,고등학교 졸업,기혼,주택 / 아파트,0.032561,1,0,운전자,2.0,사업 2,62,6,9.0,0,18.25769112722815,1.0,사업,5-10Y,9.128845563614076,사업,자영사업,취약_기계
8236,0,여성,0,1,0,18054000.0,근로자,고등학교 졸업,사실혼,주택 / 아파트,0.030755,1,0,조리사,2.0,유치원,32,5,32.0,0,16.708877880229622,1.0,유치원,5-10Y,8.354438940114811,유치원,공공안정,취약_서비스
57543,0,여성,0,1,0,29736000.0,기타,고등학교 졸업,기혼,주택 / 아파트,0.0196889999999999,1,0,영업직,2.0,자영업,37,12,7.0,0,17.207869024588497,1.0,자영업,10-20Y,8.603934512294249,자영업,자영사업,취약_판매
55637,0,여성,0,0,0,18054000.0,근로자,고등학교 졸업,미혼,주택 / 아파트,0.025164,1,0,단순 노동자,1.0,군대,59,1,6.0,0,16.708877880229622,0.0,군대,Under 2Y,16.708877880229622,군대,공공안정,취약_단순
12283,0,여성,1,1,1,44604000.0,근로자,대학교 졸업 이상,미혼,주택 / 아파트,0.035792,1,0,관리직,2.0,학교,50,0,13.0,1,17.613334121486904,0.0,학교,Under 2Y,8.806667060743452,학교,공공안정,안정_전문관리
14651,0,남성,0,1,0,31860000.0,근로자,고등학교 졸업,기혼,주택 / 아파트,0.00702,1,0,Unknown,2.0,사업 2,43,3,16.0,0,17.276861893833495,1.0,사업,2-5Y,8.638430946916747,사업,자영사업,기타
21588,0,여성,0,1,0,19116000.0,근로자,고등학교 졸업,미혼,주택 / 아파트,0.030755,1,0,단순 노동자,1.0,사업 2,38,1,6.0,0,16.766036290992385,0.0,사업,Under 2Y,16.766036290992385,사업,자영사업,취약_단순
16577,0,여성,1,1,0,47790000.0,기타,고등학교 졸업,기혼,주택 / 아파트,0.00702,1,0,보안 업계 종사자,2.0,기타 0,54,19,5.0,0,17.682326991479222,1.0,기타,10-20Y,8.841163495739611,기타,기타,취약_서비스
5748,0,남성,1,0,0,15930000.0,근로자,고등학교 졸업,사실혼,주택 / 아파트,0.016612,1,0,Unknown,2.0,학교,55,16,35.0,0,16.583714744660867,1.0,학교,10-20Y,8.291857372330433,학교,공공안정,기타
2449,1,여성,0,1,0,15930000.0,연금수령자,고등학교 졸업,기혼,주택 / 아파트,0.020246,0,0,Unknown,2.0,기타 1,61,1000,4.0,0,16.583714744660867,1.0,기타,Retired,8.291857372330433,기타,기타,기타
56022,0,남성,1,1,0,37170000.0,근로자,고등학교 졸업,기혼,주택 / 아파트,0.035792,1,0,Unknown,2.0,자영업,51,13,11.0,0,17.43101256917685,1.0,자영업,10-20Y,8.715506284588425,자영업,자영사업,기타
4187,0,여성,1,1,0,37170000.0,연금수령자,대학교 졸업 이상,사별,주택 / 아파트,0.0196889999999999,0,0,Unknown,1.0,기타 1,54,1000,27.0,0,17.43101256917685,0.0,기타,Retired,17.43101256917685,기타,기타,기타
32035,0,여성,1,1,0,19116000.0,근로자,고등학교 졸업,기혼,주택 / 아파트,0.028663,1,0,핵심 노동자,2.0,무역 0,22,4,7.0,0,16.766036290992385,1.0,무역,2-5Y,8.383018145496193,무역,경기민감,중간_기능
4162,0,남성,0,1,0,44604000.0,기타,대학교 중퇴,미혼,주택 / 아파트,0.04622,1,0,핵심 노동자,1.0,경찰,23,3,4.0,0,17.613334121486904,0.0,경찰,2-5Y,17.613334121486904,경찰,공공안정,중간_기능
30389,0,남성,1,0,0,74340000.0,근로자,고등학교 졸업,사실혼,주택 / 아파트,0.022625,1,0,Unknown,2.0,자영업,44,9,4.0,0,18.124159736285087,1.0,자영업,5-10Y,9.062079868142543,자영업,자영사업,기타
5428,0,여성,0,1,0,21240000.0,기타,고등학교 졸업,기혼,주택 / 아파트,0.00712,1,1,핵심 노동자,2.0,자영업,35,1,6.0,0,16.87139680141899,1.0,자영업,Under 2Y,8.435698400709494,자영업,자영사업,중간_기능
32032,0,여성,1,1,0,15930000.0,근로자,고등학교 졸업,미혼,주택 / 아파트,0.007114,1,0,핵심 노동자,1.0,우체부,45,3,24.0,0,16.583714744660867,0.0,우체부,2-5Y,16.583714744660867,우체부,기타,중간_기능
21453,0,여성,1,1,1,42480000.0,근로자,대학교 졸업 이상,별거,주택 / 아파트,0.0096569999999999,1,0,단순 노동자,2.0,무역 3,30,2,15.0,1,17.564543958438446,0.0,무역,2-5Y,8.782271979219223,무역,경기민감,취약_단순
7162,0,남성,0,1,1,63720000.0,근로자,고등학교 졸업,사실혼,주택 / 아파트,0.020713,1,0,Unknown,3.0,산업 3,37,15,8.0,1,17.97000905869978,1.0,산업,10-20Y,5.990003019566593,산업,경기민감,기타
55638,1,여성,0,1,1,42480000.0,근로자,고등학교 졸업,사실혼,주택 / 아파트,0.020246,1,0,단순 노동자,3.0,사업 2,33,0,0.0,1,17.564543958438446,1.0,사업,Under 2Y,5.854847986146148,사업,자영사업,취약_단순
37365,0,여성,0,1,0,21240000.0,연금수령자,고등학교 졸업,기혼,주택 / 아파트,0.026392,0,0,Unknown,2.0,기타 1,65,1000,18.0,0,16.87139680141899,1.0,기타,Retired,8.435698400709494,기타,기타,기타
3882,0,여성,0,0,0,23364000.0,연금수령자,고등학교 졸업,사별,주택 / 아파트,0.025164,0,0,Unknown,1.0,기타 1,55,1000,2.0,0,16.966706976943225,0.0,기타,Retired,16.966706976943225,기타,기타,기타
25273,0,여성,1,1,1,26550000.0,근로자,고등학교 졸업,사실혼,주택 / 아파트,0.008068,1,0,단순 노동자,3.0,기타 0,31,0,14.0,1,17.094540343317004,1.0,기타,Under 2Y,5.698180114439001,기타,기타,취약_단순
13614,0,여성,1,0,0,31860000.0,기타,대학교 졸업 이상,기혼,주택 / 아파트,0.00963,1,0,보안 업계 종사자,2.0,보안,32,2,9.0,0,17.276861893833495,1.0,보안,2-5Y,8.638430946916747,보안,서비스요식,취약_서비스
50263,0,여성,0,1,0,31860000.0,연금수령자,고등학교 졸업,사별,주택 / 아파트,0.0196889999999999,0,0,Unknown,1.0,기타 1,59,1000,18.0,0,17.276861893833495,0.0,기타,Retired,17.276861893833495,기타,기타,기타
41573,0,여성,0,0,2,37170000.0,근로자,대학교 졸업 이상,기혼,주택 / 아파트,0.018801,1,0,Unknown,4.0,사업 2,29,0,19.0,2,17.43101256917685,1.0,사업,Under 2Y,4.357753142294213,사업,자영사업,기타
22306,0,남성,1,1,0,28674000.0,연금수령자,대학교 졸업 이상,기혼,주택 / 아파트,0.030755,0,0,Unknown,2.0,기타 1,66,1000,30.0,0,17.17150138166315,1.0,기타,Retired,8.585750690831574,기타,기타,기타
4524,0,여성,0,1,0,53100000.0,공무원,고등학교 졸업,미혼,주택 / 아파트,0.04622,1,0,미화원,1.0,학교,48,1,1.0,0,17.78768750504456,0.0,학교,Under 2Y,17.78768750504456,학교,공공안정,취약_단순
109,0,여성,0,1,0,29736000.0,연금수령자,고등학교 졸업,사별,주택 / 아파트,0.028663,0,0,Unknown,1.0,기타 1,55,1000,26.0,0,17.207869024588497,0.0,기타,Retired,17.207869024588497,기타,기타,기타
53834,0,남성,0,1,0,42480000.0,공무원,대학교 졸업 이상,기혼,주택 / 아파트,0.014464,1,0,단순 노동자,2.0,대학교,52,15,10.0,0,17.564543958438446,1.0,대학교,10-20Y,8.782271979219223,대학교,공공안정,취약_단순
57146,0,여성,0,1,0,22302000.0,기타,고등학교 졸업,미혼,주택 / 아파트,0.072508,1,0,기술직,1.0,무역 3,51,15,22.0,0,16.92018696334647,0.0,무역,10-20Y,16.92018696334647,무역,경기민감,중간_기능
20576,0,여성,0,0,0,31860000.0,근로자,고등학교 졸업,사실혼,주택 / 아파트,0.030755,1,0,Unknown,2.0,무역 3,29,2,2.0,0,17.276861893833495,1.0,무역,2-5Y,8.638430946916747,무역,경기민감,기타
18863,0,남성,1,1,1,42480000.0,근로자,고등학교 졸업,기혼,아파트 임대,0.020713,1,0,운전자,3.0,운송 0,47,0,11.0,1,17.564543958438446,1.0,운송,Under 2Y,5.854847986146148,운송,경기민감,취약_기계
32569,0,여성,0,1,1,63720000.0,공무원,대학교 졸업 이상,사실혼,주택 / 아파트,0.001276,1,0,핵심 노동자,3.0,학교,45,0,5.0,1,17.97000905869978,1.0,학교,Under 2Y,5.990003019566593,학교,공공안정,중간_기능
9654,0,여성,0,1,0,31860000.0,기타,대학교 졸업 이상,기혼,주택 / 아파트,0.025164,1,0,Unknown,2.0,사업 0,43,8,18.0,0,17.276861893833495,1.0,사업,5-10Y,8.638430946916747,사업,자영사업,기타
28125,0,여성,1,1,0,31860000.0,연금수령자,고등학교 졸업,기혼,주택 / 아파트,0.030755,0,0,Unknown,2.0,기타 1,55,1000,13.0,0,17.276861893833495,1.0,기타,Retired,8.638430946916747,기타,기타,기타
24390,1,여성,0,0,0,37170000.0,근로자,고등학교 졸업,기혼,공공분양,0.010032,1,0,Unknown,2.0,자영업,35,4,5.0,0,17.43101256917685,1.0,자영업,2-5Y,8.715506284588425,자영업,자영사업,기타
38671,0,남성,1,1,0,42480000.0,연금수령자,고등학교 졸업,기혼,주택 / 아파트,0.030755,0,1,Unknown,2.0,기타 1,59,1000,29.0,0,17.564543958438446,1.0,기타,Retired,8.782271979219223,기타,기타,기타
28366,0,남성,0,1,1,19116000.0,근로자,고등학교 졸업,기혼,주택 / 아파트,0.00733,1,0,단순 노동자,3.0,사업 2,40,0,21.0,1,16.766036290992385,1.0,사업,Under 2Y,5.588678763664128,사업,자영사업,취약_단순
40691,0,남성,1,0,1,38232000.0,기타,저학력자,별거,공공분양,0.032561,1,0,단순 노동자,2.0,무역 2,28,2,4.0,1,17.45918344539623,0.0,무역,2-5Y,8.729591722698116,무역,경기민감,취약_단순
47632,0,남성,0,1,0,26550000.0,기타,대학교 중퇴,미혼,주택 / 아파트,0.02461,1,0,Unknown,1.0,사업 0,23,2,5.0,0,17.094540343317004,0.0,사업,2-5Y,17.094540343317004,사업,자영사업,기타
8364,0,남성,1,1,0,31860000.0,연금수령자,대학교 졸업 이상,기혼,주택 / 아파트,0.0228,0,0,Unknown,2.0,기타 1,67,1000,36.0,0,17.276861893833495,1.0,기타,Retired,8.638430946916747,기타,기타,기타
42894,0,남성,1,1,1,42480000.0,근로자,고등학교 졸업,기혼,주택 / 아파트,0.00963,1,0,운전자,3.0,사업 2,42,10,11.0,1,17.564543958438446,1.0,사업,10-20Y,5.854847986146148,사업,자영사업,취약_기계
35239,0,여성,0,1,0,24426000.0,근로자,고등학교 졸업,기혼,주택 / 아파트,0.072508,1,0,핵심 노동자,2.0,무역 3,45,1,29.0,0,17.01115873765315,1.0,무역,Under 2Y,8.505579368826576,무역,경기민감,중간_기능
4212,0,남성,1,1,0,53100000.0,근로자,대학교 졸업 이상,미혼,주택 / 아파트,0.019101,1,0,Unknown,1.0,사업 2,24,2,9.0,0,17.78768750504456,0.0,사업,2-5Y,17.78768750504456,사업,자영사업,기타
31827,0,여성,0,1,1,31860000.0,근로자,고등학교 졸업,기혼,공공분양,0.009549,1,0,Unknown,3.0,사업 2,40,1,13.0,1,17.276861893833495,1.0,사업,Under 2Y,5.758953964611165,사업,자영사업,기타
38583,0,여성,0,1,0,21240000.0,연금수령자,고등학교 졸업,기혼,주택 / 아파트,0.002042,0,0,Unknown,2.0,기타 1,61,1000,39.0,0,16.87139680141899,1.0,기타,Retired,8.435698400709494,기타,기타,기타
13972,0,여성,1,0,0,12744000.0,공무원,고등학교 졸업,기혼,주택 / 아파트,0.019101,1,0,핵심 노동자,2.0,정부,52,4,32.0,0,16.360571209040316,1.0,정부,2-5Y,8.180285604520158,정부,공공안정,중간_기능
59971,0,여성,0,1,0,42480000.0,연금수령자,고등학교 졸업,미혼,주택 / 아파트,0.010032,0,0,Unknown,1.0,기타 1,63,1000,4.0,0,17.564543958438446,0.0,기타,Retired,17.564543958438446,기타,기타,기타
38295,0,남성,0,1,0,18054000.0,연금수령자,고등학교 졸업,기혼,주택 / 아파트,0.035792,0,0,Unknown,2.0,기타 1,66,1000,2.0,0,16.708877880229622,1.0,기타,Retired,8.354438940114811,기타,기타,기타
29876,0,여성,1,1,0,33984000.0,기타,고등학교 졸업,기혼,주택 / 아파트,0.025164,1,0,운전자,2.0,사업 0,33,7,16.0,0,17.34140041300936,1.0,사업,5-10Y,8.67070020650468,사업,자영사업,취약_기계
17609,0,여성,1,1,0,22302000.0,연금수령자,고등학교 졸업,기혼,오피스텔,0.030755,0,0,Unknown,2.0,기타 1,65,1000,33.0,0,16.92018696334647,1.0,기타,Retired,8.460093481673235,기타,기타,기타
1638,1,남성,1,0,0,60534000.0,근로자,고등학교 졸업,기혼,주택 / 아파트,0.0105,1,0,운전자,2.0,자영업,38,9,18.0,0,17.918715765138213,1.0,자영업,5-10Y,8.959357882569106,자영업,자영사업,취약_기계
36134,0,남성,1,1,0,63720000.0,근로자,고등학교 졸업,미혼,주택 / 아파트,0.009549,1,1,기술직,1.0,운송 1,26,3,22.0,0,17.97000905869978,0.0,운송,2-5Y,17.97000905869978,운송,경기민감,중간_기능
27255,0,여성,0,1,0,106200000.0,근로자,고등학교 졸업,기혼,주택 / 아파트,0.00702,1,1,조리사,2.0,호텔,54,3,13.0,0,18.48083467618831,1.0,호텔,2-5Y,9.240417338094154,호텔,서비스요식,취약_서비스
56056,0,여성,1,1,1,44604000.0,근로자,고등학교 졸업,기혼,주택 / 아파트,0.010147,1,0,미화원,3.0,우체부,48,12,16.0,1,17.613334121486904,1.0,우체부,10-20Y,5.871111373828968,우체부,기타,취약_단순
48337,1,여성,1,1,1,25488000.0,근로자,대학교 중퇴,기혼,주택 / 아파트,0.015221,1,0,Unknown,3.0,산업 4,24,0,16.0,1,17.053718350366115,1.0,산업,Under 2Y,5.684572783455372,산업,경기민감,기타
24038,0,남성,1,0,1,69030000.0,근로자,대학교 졸업 이상,기혼,주택 / 아파트,0.019101,1,0,운전자,3.0,기타 0,39,6,23.0,1,18.050051765166117,1.0,기타,5-10Y,6.016683921722038,기타,기타,취약_기계
1182,0,여성,0,0,0,31860000.0,연금수령자,고등학교 졸업,기혼,주택 / 아파트,0.04622,0,0,Unknown,2.0,기타 1,55,1000,36.0,0,17.276861893833495,1.0,기타,Retired,8.638430946916747,기타,기타,기타
53920,0,남성,0,1,0,31860000.0,근로자,고등학교 졸업,미혼,주택 / 아파트,0.010966,1,0,운전자,1.0,산업 3,27,8,15.0,0,17.276861893833495,0.0,산업,5-10Y,17.276861893833495,산업,경기민감,취약_기계
5476,0,여성,1,1,2,22302000.0,근로자,고등학교 졸업,기혼,주택 / 아파트,0.035792,1,0,회계사,4.0,산업 4,34,2,2.0,2,16.92018696334647,1.0,산업,2-5Y,4.230046740836618,산업,경기민감,안정_전문관리
39416,0,여성,1,1,0,106200000.0,기타,대학교 졸업 이상,미혼,주택 / 아파트,0.072508,1,0,관리직,1.0,사업 2,26,0,10.0,0,18.48083467618831,0.0,사업,Under 2Y,18.48083467618831,사업,자영사업,안정_전문관리
53327,0,여성,0,1,0,24426000.0,연금수령자,고등학교 졸업,사별,주택 / 아파트,0.0196889999999999,0,0,Unknown,1.0,기타 1,64,1000,3.0,0,17.01115873765315,0.0,기타,Retired,17.01115873765315,기타,기타,기타
33578,0,남성,0,0,0,15930000.0,연금수령자,고등학교 졸업,별거,주택 / 아파트,0.0084739999999999,0,0,Unknown,1.0,기타 1,58,1000,17.0,0,16.583714744660867,0.0,기타,Retired,16.583714744660867,기타,기타,기타
34532,0,여성,0,0,0,26550000.0,기타,고등학교 졸업,기혼,주택 / 아파트,0.0145199999999999,1,0,영업직,2.0,자영업,33,8,1.0,0,17.094540343317004,1.0,자영업,5-10Y,8.547270171658502,자영업,자영사업,취약_판매
51854,1,여성,0,0,0,33984000.0,기타,대학교 졸업 이상,별거,주택 / 아파트,0.04622,1,0,핵심 노동자,1.0,무역 3,51,4,9.0,0,17.34140041300936,0.0,무역,2-5Y,17.34140041300936,무역,경기민감,중간_기능
27443,0,여성,0,0,0,29736000.0,기타,고등학교 졸업,기혼,주택 / 아파트,0.028663,1,0,영업직,2.0,사업 2,29,1,5.0,0,17.207869024588497,1.0,사업,Under 2Y,8.603934512294249,사업,자영사업,취약_판매
42250,0,여성,0,0,0,15930000.0,근로자,고등학교 졸업,기혼,주택 / 아파트,0.0066709999999999,1,0,영업직,2.0,자영업,29,0,12.0,0,16.583714744660867,1.0,자영업,Under 2Y,8.291857372330433,자영업,자영사업,취약_판매
52632,0,남성,0,0,1,21240000.0,근로자,고등학교 졸업,별거,주택 / 아파트,0.01885,1,0,운전자,2.0,운송 0,54,21,14.0,1,16.87139680141899,0.0,운송,Over 20Y,8.435698400709494,운송,경기민감,취약_기계
28957,0,여성,0,1,3,37170000.0,근로자,고등학교 졸업,사실혼,주택 / 아파트,0.020713,1,0,Unknown,5.0,사업 2,30,2,12.0,3+,17.43101256917685,1.0,사업,2-5Y,3.4862025138353703,사업,자영사업,기타
22750,0,남성,1,1,0,53100000.0,근로자,대학교 졸업 이상,기혼,공공분양,0.032561,1,0,관리직,2.0,기타 0,40,6,6.0,0,17.78768750504456,1.0,기타,5-10Y,8.89384375252228,기타,기타,안정_전문관리
32578,0,여성,0,1,0,38232000.0,근로자,대학교 졸업 이상,기혼,주택 / 아파트,0.010643,1,0,관리직,2.0,사업 2,52,4,3.0,0,17.45918344539623,1.0,사업,2-5Y,8.729591722698116,사업,자영사업,안정_전문관리
28759,0,여성,0,1,0,26550000.0,연금수령자,고등학교 졸업,기혼,주택 / 아파트,0.008625,0,0,Unknown,2.0,기타 1,55,1000,6.0,0,17.094540343317004,1.0,기타,Retired,8.547270171658502,기타,기타,기타
11756,1,여성,1,0,0,63720000.0,기타,고등학교 졸업,미혼,주택 / 아파트,0.014464,1,0,관리직,1.0,사업 2,33,5,16.0,0,17.97000905869978,0.0,사업,5-10Y,17.97000905869978,사업,자영사업,안정_전문관리
41497,0,여성,1,1,0,16992000.0,근로자,고등학교 졸업,기혼,주택 / 아파트,0.020713,1,0,회계사,2.0,정부,56,27,28.0,0,16.648253261875023,1.0,정부,Over 20Y,8.324126630937512,정부,공공안정,안정_전문관리
51072,0,여성,0,1,0,29736000.0,연금수령자,고등학교 졸업,미혼,주택 / 아파트,0.010006,0,0,Unknown,1.0,기타 1,57,1000,3.0,0,17.207869024588497,0.0,기타,Retired,17.207869024588497,기타,기타,기타
12790,1,여성,0,1,0,37170000.0,근로자,고등학교 졸업,사별,주택 / 아파트,0.020246,1,0,Unknown,1.0,건설,67,8,3.0,0,17.43101256917685,0.0,건설,5-10Y,17.43101256917685,건설,경기민감,기타
37510,0,여성,1,1,0,37170000.0,근로자,대학교 중퇴,미혼,주택 / 아파트,0.04622,1,0,영업직,1.0,자영업,22,2,7.0,0,17.43101256917685,0.0,자영업,2-5Y,17.43101256917685,자영업,자영사업,취약_판매
43891,0,여성,1,0,0,37170000.0,근로자,대학교 졸업 이상,기혼,아파트 임대,0.025164,1,0,영업직,2.0,산업 8,33,9,15.0,0,17.43101256917685,1.0,산업,5-10Y,8.715506284588425,산업,경기민감,취약_판매
56936,0,여성,0,1,0,15930000.0,연금수령자,고등학교 졸업,사별,주택 / 아파트,0.030755,0,0,Unknown,1.0,기타 1,63,1000,10.0,0,16.583714744660867,0.0,기타,Retired,16.583714744660867,기타,기타,기타
10221,0,여성,0,1,1,31860000.0,공무원,대학교 졸업 이상,기혼,주택 / 아파트,0.009175,1,1,Unknown,3.0,기타 0,27,3,4.0,1,17.276861893833495,1.0,기타,2-5Y,5.758953964611165,기타,기타,기타
36233,0,남성,1,1,1,95580000.0,근로자,고등학교 졸업,기혼,주택 / 아파트,0.018209,1,0,Unknown,3.0,사업 2,26,2,11.0,1,18.37547416157673,1.0,사업,2-5Y,6.125158053858908,사업,자영사업,기타
29109,0,여성,1,1,0,63720000.0,근로자,고등학교 졸업,사실혼,주택 / 아파트,0.010032,1,0,Unknown,2.0,군대,54,23,1.0,0,17.97000905869978,1.0,군대,Over 20Y,8.98500452934989,군대,공공안정,기타
50887,0,여성,0,0,0,40356000.0,근로자,대학교 졸업 이상,기혼,주택 / 아파트,0.018029,1,1,영업직,2.0,자영업,32,1,3.0,0,17.51325066528987,1.0,자영업,Under 2Y,8.756625332644935,자영업,자영사업,취약_판매
22730,0,여성,0,1,0,42480000.0,근로자,고등학교 졸업,사실혼,주택 / 아파트,0.01885,1,0,단순 노동자,2.0,사업 2,51,7,0.0,0,17.564543958438446,1.0,사업,5-10Y,8.782271979219223,사업,자영사업,취약_단순
57205,0,여성,0,1,1,47790000.0,공무원,고등학교 졸업,별거,주택 / 아파트,0.020246,1,0,의료 업계 종사자,2.0,정부,45,6,12.0,1,17.682326991479222,0.0,정부,5-10Y,8.841163495739611,정부,공공안정,안정_전문관리
16109,0,남성,1,1,1,74340000.0,기타,고등학교 졸업,기혼,주택 / 아파트,0.072508,1,0,운전자,3.0,운송 1,42,4,21.0,1,18.124159736285087,1.0,운송,2-5Y,6.041386578761696,운송,경기민감,취약_기계
25193,1,남성,0,1,0,31860000.0,근로자,고등학교 졸업,미혼,주택 / 아파트,0.018634,1,0,운전자,1.0,건설,45,1,5.0,0,17.276861893833495,0.0,건설,Under 2Y,17.276861893833495,건설,경기민감,취약_기계
43737,0,남성,1,0,0,37170000.0,근로자,고등학교 졸업,기혼,주택 / 아파트,0.011703,1,0,운전자,2.0,사업 2,51,3,16.0,0,17.43101256917685,1.0,사업,2-5Y,8.715506284588425,사업,자영사업,취약_기계
2780,0,남성,0,0,0,49914000.0,공무원,고등학교 졸업,사실혼,주택 / 아파트,0.006305,1,0,관리직,2.0,군대,31,9,5.0,0,17.72581210252854,1.0,군대,5-10Y,8.86290605126427,군대,공공안정,안정_전문관리
6482,0,여성,0,1,0,47790000.0,근로자,고등학교 졸업,사별,주택 / 아파트,0.00823,1,0,단순 노동자,1.0,사업 2,56,35,16.0,0,17.682326991479222,0.0,사업,Over 20Y,17.682326991479222,사업,자영사업,취약_단순
19303,0,여성,0,1,0,31860000.0,공무원,고등학교 졸업,기혼,주택 / 아파트,0.0105,1,0,Unknown,2.0,주택,54,1,0.0,0,17.276861893833495,1.0,주택,Under 2Y,8.638430946916747,주택,기타,기타
39738,0,남성,1,1,0,63720000.0,근로자,고등학교 졸업,기혼,주택 / 아파트,0.02461,1,0,운전자,2.0,사업 2,37,8,21.0,0,17.97000905869978,1.0,사업,5-10Y,8.98500452934989,사업,자영사업,취약_기계
9301,0,남성,0,0,0,31860000.0,연금수령자,대학교 졸업 이상,기혼,주택 / 아파트,0.00496,0,0,Unknown,2.0,기타 1,61,1000,11.0,0,17.276861893833495,1.0,기타,Retired,8.638430946916747,기타,기타,기타
11852,1,여성,0,1,0,37170000.0,연금수령자,대학교 졸업 이상,기혼,주택 / 아파트,0.018029,0,0,Unknown,2.0,기타 1,66,1000,18.0,0,17.43101256917685,1.0,기타,Retired,8.715506284588425,기타,기타,기타
8468,0,여성,0,1,0,59472000.0,근로자,대학교 졸업 이상,사별,주택 / 아파트,0.026392,1,0,영업직,1.0,사업 2,51,3,16.0,0,17.901016188333806,0.0,사업,2-5Y,17.901016188333806,사업,자영사업,취약_판매
37931,0,여성,0,1,0,58410000.0,기타,대학교 졸업 이상,미혼,주택 / 아파트,0.04622,1,0,관리직,1.0,무역 3,54,11,17.0,0,17.88299768313685,0.0,무역,10-20Y,17.88299768313685,무역,경기민감,안정_전문관리
18398,0,여성,0,1,0,21240000.0,연금수령자,고등학교 졸업,사별,주택 / 아파트,0.030755,0,0,Unknown,1.0,기타 1,66,1000,12.0,0,16.87139680141899,0.0,기타,Retired,16.87139680141899,기타,기타,기타
21043,0,여성,0,0,0,58410000.0,기타,고등학교 졸업,별거,공공분양,0.072508,1,0,부동산중개업자,1.0,서비스,41,2,5.0,0,17.88299768313685,0.0,서비스,2-5Y,17.88299768313685,서비스,서비스요식,취약_판매
7640,0,여성,1,1,0,47790000.0,연금수령자,고등학교 졸업,사실혼,주택 / 아파트,0.018209,0,0,Unknown,2.0,기타 1,59,1000,9.0,0,17.682326991479222,1.0,기타,Retired,8.841163495739611,기타,기타,기타
23727,1,여성,0,1,0,26550000.0,기타,고등학교 졸업,미혼,주택 / 아파트,0.030755,1,0,핵심 노동자,1.0,무역 3,37,2,12.0,0,17.094540343317004,0.0,무역,2-5Y,17.094540343317004,무역,경기민감,중간_기능
32497,0,여성,0,1,0,23364000.0,공무원,고등학교 졸업,사실혼,주택 / 아파트,0.02461,1,0,관리직,2.0,정부,28,7,9.0,0,16.966706976943225,1.0,정부,5-10Y,8.483353488471613,정부,공공안정,안정_전문관리
51029,1,여성,0,1,0,53100000.0,근로자,대학교 졸업 이상,기혼,주택 / 아파트,0.026392,1,1,회계사,2.0,사업 2,29,2,0.0,0,17.78768750504456,1.0,사업,2-5Y,8.89384375252228,사업,자영사업,안정_전문관리
1175,0,여성,0,1,0,19116000.0,근로자,고등학교 졸업,사별,주택 / 아파트,0.010276,1,0,영업직,1.0,자영업,53,1,28.0,0,16.766036290992385,0.0,자영업,Under 2Y,16.766036290992385,자영업,자영사업,취약_판매
36467,0,남성,1,1,1,26550000.0,연금수령자,고등학교 졸업,기혼,공공분양,0.031329,0,0,Unknown,3.0,기타 1,40,1000,20.0,1,17.094540343317004,1.0,기타,Retired,5.698180114439001,기타,기타,기타
1477,1,여성,1,1,0,20178000.0,연금수령자,고등학교 졸업,기혼,주택 / 아파트,0.025164,0,0,Unknown,2.0,기타 1,55,1000,1.0,0,16.820103509509387,1.0,기타,Retired,8.410051754754694,기타,기타,기타
14085,0,여성,0,1,1,26550000.0,기타,고등학교 졸업,사실혼,공공분양,0.011703,1,0,Unknown,3.0,전기,36,4,23.0,1,17.094540343317004,1.0,전기,2-5Y,5.698180114439001,전기,기타,기타
44242,0,여성,0,1,0,21240000.0,공무원,고등학교 졸업,사실혼,주택 / 아파트,0.035792,1,0,Unknown,2.0,자영업,47,4,25.0,0,16.87139680141899,1.0,자영업,2-5Y,8.435698400709494,자영업,자영사업,기타
13082,0,남성,1,1,0,104076000.0,근로자,대학교 졸업 이상,기혼,주택 / 아파트,0.028663,1,0,단순 노동자,2.0,산업 4,35,8,2.0,0,18.460631969062955,1.0,산업,5-10Y,9.230315984531478,산업,경기민감,취약_단순
28215,0,남성,1,1,1,40356000.0,근로자,고등학교 졸업,기혼,주택 / 아파트,0.030755,1,0,핵심 노동자,3.0,학교,57,10,0.0,1,17.51325066528987,1.0,학교,10-20Y,5.83775022176329,학교,공공안정,중간_기능
14766,0,여성,0,1,0,55224000.0,연금수령자,고등학교 졸업,기혼,주택 / 아파트,0.010032,0,0,Unknown,2.0,기타 1,57,1000,18.0,0,17.826908217473516,1.0,기타,Retired,8.913454108736758,기타,기타,기타
27951,0,여성,0,0,0,28674000.0,근로자,고등학교 졸업,사별,주택 / 아파트,0.00496,1,0,미화원,1.0,사업 2,45,7,10.0,0,17.17150138166315,0.0,사업,5-10Y,17.17150138166315,사업,자영사업,취약_단순
47345,0,여성,1,1,0,53100000.0,기타,대학교 졸업 이상,미혼,주택 / 아파트,0.035792,1,1,요식업 종사자,1.0,사업 2,42,8,6.0,0,17.78768750504456,0.0,사업,5-10Y,17.78768750504456,사업,자영사업,취약_서비스
50312,0,여성,0,0,0,47790000.0,연금수령자,고등학교 졸업,미혼,주택 / 아파트,0.014464,0,0,Unknown,1.0,기타 1,61,1000,8.0,0,17.682326991479222,0.0,기타,Retired,17.682326991479222,기타,기타,기타
906,1,여성,0,1,1,47790000.0,기타,대학교 중퇴,기혼,주택 / 아파트,0.04622,1,0,영업직,3.0,자영업,50,9,33.0,1,17.682326991479222,1.0,자영업,5-10Y,5.894108997159741,자영업,자영사업,취약_판매
50567,0,여성,0,1,0,26550000.0,근로자,고등학교 졸업,사실혼,주택 / 아파트,0.015221,1,0,영업직,2.0,자영업,32,9,2.0,0,17.094540343317004,1.0,자영업,5-10Y,8.547270171658502,자영업,자영사업,취약_판매
39883,0,여성,0,0,0,53100000.0,근로자,대학교 졸업 이상,기혼,주택 / 아파트,0.0196889999999999,1,0,관리직,2.0,정부,42,13,8.0,0,17.78768750504456,1.0,정부,10-20Y,8.89384375252228,정부,공공안정,안정_전문관리
23995,0,여성,0,1,1,47790000.0,근로자,대학교 졸업 이상,사실혼,주택 / 아파트,0.006852,1,0,단순 노동자,3.0,학교,49,19,9.0,1,17.682326991479222,1.0,학교,10-20Y,5.894108997159741,학교,공공안정,취약_단순
39344,0,여성,0,1,0,23364000.0,근로자,고등학교 졸업,기혼,주택 / 아파트,0.025164,1,0,영업직,2.0,자영업,61,0,11.0,0,16.966706976943225,1.0,자영업,Under 2Y,8.483353488471613,자영업,자영사업,취약_판매
36156,0,남성,1,1,3,37170000.0,근로자,고등학교 졸업,사실혼,주택 / 아파트,0.031329,1,0,단순 노동자,5.0,사업 2,38,0,12.0,3+,17.43101256917685,1.0,사업,Under 2Y,3.4862025138353703,사업,자영사업,취약_단순
17419,0,남성,0,0,0,63720000.0,공무원,대학교 졸업 이상,기혼,주택 / 아파트,0.0228,1,0,핵심 노동자,2.0,의학,39,6,7.0,0,17.97000905869978,1.0,의학,5-10Y,8.98500452934989,의학,전문금융,중간_기능
18264,0,남성,1,1,2,56639646.0,근로자,대학교 졸업 이상,기혼,주택 / 아파트,0.02461,1,0,관리직,4.0,무역 0,37,1,12.0,2,17.852219774985684,1.0,무역,Under 2Y,4.463054943746421,무역,경기민감,안정_전문관리
37320,0,여성,1,1,1,26550000.0,근로자,고등학교 졸업,기혼,주택 / 아파트,0.022625,1,0,영업직,3.0,사업 0,27,6,0.0,1,17.094540343317004,1.0,사업,5-10Y,5.698180114439001,사업,자영사업,취약_판매
50759,0,여성,0,0,0,27612000.0,연금수령자,고등학교 졸업,사별,공공분양,0.04622,0,0,Unknown,1.0,기타 1,57,1000,40.0,0,17.13376105502164,0.0,기타,Retired,17.13376105502164,기타,기타,기타
38172,0,여성,0,0,0,16992000.0,근로자,고등학교 졸업,기혼,주택 / 아파트,0.0196889999999999,1,0,단순 노동자,2.0,산업 7,35,0,10.0,0,16.648253261875023,1.0,산업,Under 2Y,8.324126630937512,산업,경기민감,취약_단순
24554,0,여성,0,1,2,37170000.0,근로자,고등학교 졸업,기혼,주택 / 아파트,0.020713,1,0,Unknown,4.0,사업 2,38,4,19.0,2,17.43101256917685,1.0,사업,2-5Y,4.357753142294213,사업,자영사업,기타
42592,0,여성,0,1,0,29736000.0,근로자,대학교 졸업 이상,기혼,주택 / 아파트,0.028663,1,0,회계사,2.0,운송 2,49,15,24.0,0,17.207869024588497,1.0,운송,10-20Y,8.603934512294249,운송,경기민감,안정_전문관리
45874,0,여성,0,1,1,21240000.0,근로자,고등학교 졸업,기혼,주택 / 아파트,0.010966,1,0,단순 노동자,3.0,자영업,31,10,14.0,1,16.87139680141899,1.0,자영업,10-20Y,5.62379893380633,자영업,자영사업,취약_단순
40570,0,여성,0,1,0,42480000.0,연금수령자,대학교 졸업 이상,사별,주택 / 아파트,0.035792,0,0,Unknown,1.0,기타 1,68,1000,12.0,0,17.564543958438446,0.0,기타,Retired,17.564543958438446,기타,기타,기타
32058,0,남성,0,1,0,20178000.0,연금수령자,고등학교 졸업,기혼,주택 / 아파트,0.025164,0,0,Unknown,2.0,기타 1,59,1000,32.0,0,16.820103509509387,1.0,기타,Retired,8.410051754754694,기타,기타,기타
33914,0,여성,0,1,0,31860000.0,공무원,대학교 졸업 이상,기혼,주택 / 아파트,0.006629,1,0,관리직,2.0,정부,42,8,8.0,0,17.276861893833495,1.0,정부,5-10Y,8.638430946916747,정부,공공안정,안정_전문관리
51905,0,여성,0,1,0,15930000.0,연금수령자,고등학교 졸업,사별,주택 / 아파트,0.019101,0,0,Unknown,1.0,기타 1,66,1000,35.0,0,16.583714744660867,0.0,기타,Retired,16.583714744660867,기타,기타,기타
41415,0,남성,0,1,1,53100000.0,근로자,고등학교 졸업,기혼,주택 / 아파트,0.009549,1,0,Unknown,3.0,산업 3,24,0,24.0,1,17.78768750504456,1.0,산업,Under 2Y,5.929229168348186,산업,경기민감,기타
52704,0,여성,0,0,0,26550000.0,근로자,고등학교 졸업,기혼,주택 / 아파트,0.004849,1,0,Unknown,2.0,사업 1,48,4,3.0,0,17.094540343317004,1.0,사업,2-5Y,8.547270171658502,사업,자영사업,기타
16045,0,남성,0,0,0,28674000.0,근로자,고등학교 졸업,기혼,주택 / 아파트,0.030755,1,0,단순 노동자,2.0,사업 1,29,4,11.0,0,17.17150138166315,1.0,사업,2-5Y,8.585750690831574,사업,자영사업,취약_단순
4245,0,여성,0,0,0,23364000.0,근로자,고등학교 졸업,사별,오피스텔,0.04622,1,0,의료 업계 종사자,1.0,의학,43,3,24.0,0,16.966706976943225,0.0,의학,2-5Y,16.966706976943225,의학,전문금융,안정_전문관리
44488,0,여성,0,0,0,37170000.0,공무원,고등학교 졸업,사실혼,주택 / 아파트,0.007305,1,0,핵심 노동자,2.0,유치원,31,7,13.0,0,17.43101256917685,1.0,유치원,5-10Y,8.715506284588425,유치원,공공안정,중간_기능
30760,0,여성,1,1,1,21240000.0,근로자,대학교 졸업 이상,기혼,주택 / 아파트,0.02461,1,0,Unknown,3.0,자영업,31,3,15.0,1,16.87139680141899,1.0,자영업,2-5Y,5.62379893380633,자영업,자영사업,기타
56035,0,여성,0,0,0,49914000.0,기타,대학교 졸업 이상,별거,주택 / 아파트,0.04622,1,0,Unknown,1.0,사업 2,27,4,11.0,0,17.72581210252854,0.0,사업,2-5Y,17.72581210252854,사업,자영사업,기타
2095,0,남성,1,1,0,79650000.0,연금수령자,대학교 중퇴,기혼,주택 / 아파트,0.006207,0,0,Unknown,2.0,기타 1,64,1000,24.0,0,18.19315260687526,1.0,기타,Retired,9.09657630343763,기타,기타,기타
5766,0,남성,1,0,0,106200000.0,근로자,대학교 졸업 이상,기혼,주택 / 아파트,0.072508,1,0,Unknown,2.0,사업 2,29,10,0.0,0,18.48083467618831,1.0,사업,10-20Y,9.240417338094154,사업,자영사업,기타
10552,0,남성,1,1,0,22302000.0,연금수령자,고등학교 졸업,기혼,주택 / 아파트,0.020713,0,0,Unknown,2.0,기타 1,57,1000,0.0,0,16.92018696334647,1.0,기타,Retired,8.460093481673235,기타,기타,기타
15364,0,여성,0,1,0,25488000.0,공무원,고등학교 졸업,기혼,주택 / 아파트,0.025164,1,0,단순 노동자,2.0,유치원,38,7,1.0,0,17.053718350366115,1.0,유치원,5-10Y,8.526859175183057,유치원,공공안정,취약_단순
57233,0,여성,0,1,0,15930000.0,연금수령자,고등학교 졸업,기혼,주택 / 아파트,0.035792,0,0,Unknown,2.0,기타 1,58,1000,1.0,0,16.583714744660867,1.0,기타,Retired,8.291857372330433,기타,기타,기타
46203,0,남성,0,1,0,84960000.0,기타,대학교 졸업 이상,기혼,주택 / 아파트,0.04622,1,0,Unknown,2.0,사업 2,35,6,18.0,0,18.25769112722815,1.0,사업,5-10Y,9.128845563614076,사업,자영사업,기타
23680,0,남성,1,1,0,63720000.0,근로자,대학교 졸업 이상,기혼,주택 / 아파트,0.025164,1,0,영업직,2.0,무역 3,53,3,10.0,0,17.97000905869978,1.0,무역,2-5Y,8.98500452934989,무역,경기민감,취약_판매
52538,0,여성,0,1,0,53100000.0,기타,대학교 졸업 이상,별거,주택 / 아파트,0.04622,1,0,Unknown,1.0,사업 2,52,11,13.0,0,17.78768750504456,0.0,사업,10-20Y,17.78768750504456,사업,자영사업,기타
16931,0,여성,1,0,0,12744000.0,근로자,고등학교 졸업,기혼,주택 / 아파트,0.031329,1,0,영업직,2.0,무역 0,41,2,18.0,0,16.360571209040316,1.0,무역,2-5Y,8.180285604520158,무역,경기민감,취약_판매
57275,0,남성,0,0,0,95580000.0,기타,고등학교 졸업,기혼,주택 / 아파트,0.032561,1,0,핵심 노동자,2.0,사업 2,32,5,10.0,0,18.37547416157673,1.0,사업,5-10Y,9.187737080788365,사업,자영사업,중간_기능
34344,0,여성,0,0,1,39294000.0,기타,대학교 중퇴,미혼,주택 / 아파트,0.018801,1,0,Unknown,2.0,사업 2,31,1,2.0,1,17.486582418877422,0.0,사업,Under 2Y,8.743291209438711,사업,자영사업,기타
13863,0,여성,0,1,0,29736000.0,연금수령자,고등학교 졸업,기혼,주택 / 아파트,0.030755,0,0,Unknown,2.0,기타 1,64,1000,12.0,0,17.207869024588497,1.0,기타,Retired,8.603934512294249,기타,기타,기타
44719,0,여성,1,0,0,37170000.0,기타,고등학교 졸업,기혼,주택 / 아파트,0.018801,1,0,Unknown,2.0,유치원,55,18,20.0,0,17.43101256917685,1.0,유치원,10-20Y,8.715506284588425,유치원,공공안정,기타
15506,0,남성,1,1,2,53100000.0,근로자,고등학교 졸업,기혼,주택 / 아파트,0.035792,1,0,운전자,4.0,자영업,34,3,16.0,2,17.78768750504456,1.0,자영업,2-5Y,4.44692187626114,자영업,자영사업,취약_기계
48823,0,남성,1,1,0,19116000.0,근로자,고등학교 졸업,기혼,주택 / 아파트,0.028663,1,0,단순 노동자,2.0,기타 0,59,13,23.0,0,16.766036290992385,1.0,기타,10-20Y,8.383018145496193,기타,기타,취약_단순
5598,0,남성,0,1,1,122130000.0,기타,대학교 졸업 이상,기혼,주택 / 아파트,0.028663,1,1,관리직,3.0,사업 2,38,14,7.0,1,18.620596617335263,1.0,사업,10-20Y,6.206865539111756,사업,자영사업,안정_전문관리
30459,0,남성,1,1,1,53100000.0,근로자,고등학교 졸업,기혼,주택 / 아파트,0.028663,1,0,단순 노동자,3.0,사업 2,42,21,21.0,1,17.78768750504456,1.0,사업,Over 20Y,5.929229168348186,사업,자영사업,취약_단순
50653,1,여성,0,1,0,37170000.0,근로자,고등학교 졸업,기혼,주택 / 아파트,0.010147,1,0,요식업 종사자,2.0,운송 0,43,1,9.0,0,17.43101256917685,1.0,운송,Under 2Y,8.715506284588425,운송,경기민감,취약_서비스
12143,0,남성,1,0,0,42480000.0,근로자,고등학교 졸업,기혼,주택 / 아파트,0.025164,1,0,Unknown,2.0,산업 3,45,24,24.0,0,17.564543958438446,1.0,산업,Over 20Y,8.782271979219223,산업,경기민감,기타
1253,0,여성,1,1,0,53100000.0,근로자,고등학교 졸업,기혼,주택 / 아파트,0.020713,1,0,회계사,2.0,사업 2,44,3,14.0,0,17.78768750504456,1.0,사업,2-5Y,8.89384375252228,사업,자영사업,안정_전문관리
59496,0,남성,0,1,0,21240000.0,연금수령자,고등학교 졸업,기혼,주택 / 아파트,0.026392,0,0,Unknown,2.0,기타 1,61,1000,32.0,0,16.87139680141899,1.0,기타,Retired,8.435698400709494,기타,기타,기타
30605,0,여성,0,1,0,20178000.0,근로자,고등학교 졸업,미혼,공공분양,0.022625,1,0,미화원,1.0,사업 2,33,6,1.0,0,16.820103509509387,0.0,사업,5-10Y,16.820103509509387,사업,자영사업,취약_단순
50508,0,여성,0,1,2,31860000.0,근로자,고등학교 졸업,별거,주택 / 아파트,0.035792,1,0,영업직,3.0,자영업,34,5,4.0,2,17.276861893833495,0.0,자영업,5-10Y,5.758953964611165,자영업,자영사업,취약_판매
31032,0,여성,1,1,2,47790000.0,근로자,고등학교 졸업,기혼,주택 / 아파트,0.035792,1,0,핵심 노동자,4.0,정부,37,3,6.0,2,17.682326991479222,1.0,정부,2-5Y,4.4205817478698055,정부,공공안정,중간_기능
38365,0,남성,1,1,0,42480000.0,기타,대학교 졸업 이상,기혼,주택 / 아파트,0.072508,1,0,기술직,2.0,사업 2,57,10,20.0,0,17.564543958438446,1.0,사업,10-20Y,8.782271979219223,사업,자영사업,중간_기능
22445,0,여성,1,1,0,21240000.0,연금수령자,고등학교 졸업,기혼,주택 / 아파트,0.0084739999999999,0,0,Unknown,2.0,기타 1,58,1000,8.0,0,16.87139680141899,1.0,기타,Retired,8.435698400709494,기타,기타,기타
49490,0,남성,1,1,0,21240000.0,근로자,저학력자,기혼,주택 / 아파트,0.025164,1,0,저임금 노동자,2.0,사업 2,44,4,2.0,0,16.87139680141899,1.0,사업,2-5Y,8.435698400709494,사업,자영사업,취약_단순
11933,0,남성,1,1,1,74340000.0,기타,대학교 중퇴,기혼,주택 / 아파트,0.04622,1,0,단순 노동자,3.0,산업 10,38,3,3.0,1,18.124159736285087,1.0,산업,2-5Y,6.041386578761696,산업,경기민감,취약_단순
3425,0,여성,0,1,0,26550000.0,연금수령자,대학교 졸업 이상,사별,주택 / 아파트,0.011703,0,0,Unknown,1.0,기타 1,58,1000,24.0,0,17.094540343317004,0.0,기타,Retired,17.094540343317004,기타,기타,기타
46599,0,남성,0,1,0,37170000.0,근로자,고등학교 졸업,기혼,주택 / 아파트,0.0145199999999999,1,0,관리직,2.0,무역 0,40,8,23.0,0,17.43101256917685,1.0,무역,5-10Y,8.715506284588425,무역,경기민감,안정_전문관리
31441,1,여성,0,1,0,42480000.0,근로자,대학교 졸업 이상,기혼,주택 / 아파트,0.015221,1,0,핵심 노동자,2.0,기타 0,32,11,9.0,0,17.564543958438446,1.0,기타,10-20Y,8.782271979219223,기타,기타,중간_기능
17897,0,여성,1,1,0,21240000.0,근로자,대학교 졸업 이상,사실혼,주택 / 아파트,0.035792,1,0,Unknown,2.0,산업 8,40,2,9.0,0,16.87139680141899,1.0,산업,2-5Y,8.435698400709494,산업,경기민감,기타
38569,0,여성,1,0,0,52038000.0,기타,고등학교 졸업,기혼,주택 / 아파트,0.04622,1,0,의료 업계 종사자,2.0,호텔,33,6,17.0,0,17.767484798111372,1.0,호텔,5-10Y,8.883742399055686,호텔,서비스요식,안정_전문관리
53767,0,여성,0,1,0,26550000.0,공무원,대학교 졸업 이상,기혼,주택 / 아파트,0.0116569999999999,1,0,관리직,2.0,유치원,40,21,20.0,0,17.094540343317004,1.0,유치원,Over 20Y,8.547270171658502,유치원,공공안정,안정_전문관리
9447,0,남성,0,1,0,22302000.0,근로자,고등학교 졸업,기혼,주택 / 아파트,0.020246,1,0,Unknown,2.0,운송 2,39,6,14.0,0,16.92018696334647,1.0,운송,5-10Y,8.460093481673235,운송,경기민감,기타
22667,0,여성,0,1,0,42480000.0,근로자,고등학교 졸업,별거,주택 / 아파트,0.010006,1,0,Unknown,1.0,사업 2,49,26,19.0,0,17.564543958438446,0.0,사업,Over 20Y,17.564543958438446,사업,자영사업,기타
11915,0,남성,0,0,0,15930000.0,공무원,저학력자,기혼,주택 / 아파트,0.006852,1,0,저임금 노동자,2.0,유치원,56,3,38.0,0,16.583714744660867,1.0,유치원,2-5Y,8.291857372330433,유치원,공공안정,취약_단순
51290,0,여성,1,1,1,54162000.0,근로자,고등학교 졸업,기혼,주택 / 아파트,0.018801,1,0,단순 노동자,3.0,산업 12,36,4,9.0,1,17.807490131971477,1.0,산업,2-5Y,5.935830043990492,산업,경기민감,취약_단순
53496,0,여성,0,0,0,53100000.0,근로자,고등학교 졸업,기혼,주택 / 아파트,0.014464,1,0,영업직,2.0,보안,54,20,29.0,0,17.78768750504456,1.0,보안,Over 20Y,8.89384375252228,보안,서비스요식,취약_판매
57485,0,남성,1,1,0,53100000.0,기타,대학교 중퇴,기혼,주택 / 아파트,0.025164,1,0,관리직,2.0,사업 2,43,11,13.0,0,17.78768750504456,1.0,사업,10-20Y,8.89384375252228,사업,자영사업,안정_전문관리
46518,0,여성,0,1,0,31860000.0,연금수령자,고등학교 졸업,기혼,주택 / 아파트,0.014464,0,0,Unknown,2.0,기타 1,56,1000,3.0,0,17.276861893833495,1.0,기타,Retired,8.638430946916747,기타,기타,기타
9232,0,여성,1,0,1,29205000.0,근로자,고등학교 졸업,기혼,주택 / 아파트,0.020713,1,0,요식업 종사자,3.0,사업 2,32,9,12.0,1,17.18985051969726,1.0,사업,5-10Y,5.72995017323242,사업,자영사업,취약_서비스
19663,1,남성,1,1,0,31860000.0,근로자,고등학교 졸업,기혼,주택 / 아파트,0.019101,1,0,단순 노동자,2.0,사업 2,26,0,0.0,0,17.276861893833495,1.0,사업,Under 2Y,8.638430946916747,사업,자영사업,취약_단순
55555,0,여성,0,1,0,37170000.0,연금수령자,고등학교 졸업,기혼,주택 / 아파트,0.020246,0,1,Unknown,2.0,기타 1,57,1000,6.0,0,17.43101256917685,1.0,기타,Retired,8.715506284588425,기타,기타,기타
15999,1,남성,0,1,0,31860000.0,근로자,고등학교 졸업,미혼,주택 / 아파트,0.031329,1,0,저임금 노동자,1.0,사업 2,47,2,3.0,0,17.276861893833495,0.0,사업,2-5Y,17.276861893833495,사업,자영사업,취약_단순
40552,0,남성,1,1,0,63720000.0,근로자,고등학교 졸업,기혼,주택 / 아파트,0.072508,1,0,운전자,2.0,국가 안보,38,10,1.0,0,17.97000905869978,1.0,국가,10-20Y,8.98500452934989,국가,공공안정,취약_기계
21429,0,여성,0,0,1,37170000.0,공무원,고등학교 졸업,사별,주택 / 아파트,0.00712,1,0,핵심 노동자,2.0,군대,39,5,10.0,1,17.43101256917685,0.0,군대,5-10Y,8.715506284588425,군대,공공안정,중간_기능
1866,0,여성,0,1,0,42480000.0,기타,고등학교 졸업,미혼,주택 / 아파트,0.005144,1,0,핵심 노동자,1.0,자영업,45,3,22.0,0,17.564543958438446,0.0,자영업,2-5Y,17.564543958438446,자영업,자영사업,중간_기능
32110,0,여성,0,1,0,28674000.0,근로자,고등학교 졸업,미혼,주택 / 아파트,0.01885,1,0,Unknown,1.0,기타 0,54,5,8.0,0,17.17150138166315,0.0,기타,5-10Y,17.17150138166315,기타,기타,기타
28844,1,여성,0,1,0,53100000.0,근로자,대학교 졸업 이상,기혼,주택 / 아파트,0.0228,1,0,회계사,2.0,산업 4,47,0,10.0,0,17.78768750504456,1.0,산업,Under 2Y,8.89384375252228,산업,경기민감,안정_전문관리
45062,0,남성,1,1,0,47790000.0,근로자,대학교 졸업 이상,기혼,주택 / 아파트,0.018801,1,0,기술직,2.0,사업 2,37,4,20.0,0,17.682326991479222,1.0,사업,2-5Y,8.841163495739611,사업,자영사업,중간_기능
43604,0,여성,0,1,0,47790000.0,근로자,대학교 졸업 이상,미혼,주택 / 아파트,0.010643,1,0,Unknown,1.0,사업 0,43,4,12.0,0,17.682326991479222,0.0,사업,2-5Y,17.682326991479222,사업,자영사업,기타
53766,0,여성,0,1,0,11682000.0,연금수령자,고등학교 졸업,기혼,주택 / 아파트,0.020246,0,0,Unknown,2.0,기타 1,61,1000,17.0,0,16.27355983918417,1.0,기타,Retired,8.136779919592085,기타,기타,기타
13294,0,여성,0,1,0,15930000.0,연금수령자,고등학교 졸업,사별,주택 / 아파트,0.011703,0,0,Unknown,1.0,기타 1,67,1000,32.0,0,16.583714744660867,0.0,기타,Retired,16.583714744660867,기타,기타,기타
12141,0,남성,0,0,0,31860000.0,연금수령자,고등학교 졸업,미혼,주택 / 아파트,0.002506,0,0,Unknown,1.0,기타 1,54,1000,10.0,0,17.276861893833495,0.0,기타,Retired,17.276861893833495,기타,기타,기타
14731,0,여성,0,1,1,27612000.0,기타,고등학교 졸업,사별,주택 / 아파트,0.0060079999999999,1,0,영업직,2.0,자영업,44,0,28.0,1,17.13376105502164,0.0,자영업,Under 2Y,8.56688052751082,자영업,자영사업,취약_판매
22944,0,여성,0,1,1,17735400.0,연금수령자,고등학교 졸업,사별,주택 / 아파트,0.006629,0,0,Unknown,2.0,기타 1,54,1000,12.0,1,16.691073256591135,0.0,기타,Retired,8.345536628295568,기타,기타,기타
38476,1,여성,1,1,0,63720000.0,근로자,고등학교 졸업,별거,주택 / 아파트,0.010006,1,0,관리직,1.0,부동산 중개업,57,17,10.0,0,17.97000905869978,0.0,부동산,10-20Y,17.97000905869978,부동산,자영사업,안정_전문관리
6288,1,남성,1,1,0,90270000.0,근로자,고등학교 졸업,기혼,주택 / 아파트,0.028663,1,0,단순 노동자,2.0,건설,59,3,7.0,0,18.318315748352216,1.0,건설,2-5Y,9.159157874176108,건설,경기민감,취약_단순
40509,0,여성,0,0,0,21240000.0,근로자,대학교 졸업 이상,기혼,주택 / 아파트,0.016612,1,0,Unknown,2.0,사업 0,27,5,4.0,0,16.87139680141899,1.0,사업,5-10Y,8.435698400709494,사업,자영사업,기타
3940,0,남성,0,1,0,26550000.0,연금수령자,고등학교 졸업,기혼,주택 / 아파트,0.022625,0,0,Unknown,2.0,기타 1,56,1000,27.0,0,17.094540343317004,1.0,기타,Retired,8.547270171658502,기타,기타,기타
19244,0,여성,0,0,0,10620000.0,연금수령자,고등학교 졸업,기혼,주택 / 아파트,0.025164,0,0,Unknown,2.0,기타 1,53,1000,2.0,0,16.178249667940023,1.0,기타,Retired,8.089124833970011,기타,기타,기타
22655,0,여성,0,0,0,37170000.0,연금수령자,고등학교 졸업,기혼,주택 / 아파트,0.01885,0,0,Unknown,2.0,기타 1,49,1000,3.0,0,17.43101256917685,1.0,기타,Retired,8.715506284588425,기타,기타,기타
41371,0,여성,1,1,0,31860000.0,근로자,고등학교 졸업,별거,주택 / 아파트,0.00733,1,0,Unknown,1.0,건설,47,1,28.0,0,17.276861893833495,0.0,건설,Under 2Y,17.276861893833495,건설,경기민감,기타
29186,1,여성,0,1,0,26550000.0,근로자,고등학교 졸업,미혼,주택 / 아파트,0.003069,1,0,Unknown,1.0,산업 3,38,1,6.0,0,17.094540343317004,0.0,산업,Under 2Y,17.094540343317004,산업,경기민감,기타
48565,0,남성,1,1,0,42480000.0,근로자,고등학교 졸업,기혼,주택 / 아파트,0.026392,1,0,운전자,2.0,자영업,36,2,5.0,0,17.564543958438446,1.0,자영업,2-5Y,8.782271979219223,자영업,자영사업,취약_기계
37407,0,여성,0,0,0,69030000.0,공무원,고등학교 졸업,별거,공공분양,0.002506,1,0,의료 업계 종사자,1.0,국가 안보,59,4,0.0,0,18.050051765166117,0.0,국가,2-5Y,18.050051765166117,국가,공공안정,안정_전문관리
11711,0,여성,0,1,1,21240000.0,연금수령자,고등학교 졸업,사실혼,주택 / 아파트,0.006296,0,0,Unknown,3.0,기타 1,61,1000,1.0,1,16.87139680141899,1.0,기타,Retired,5.62379893380633,기타,기타,기타
32909,0,남성,1,1,0,47790000.0,근로자,대학교 졸업 이상,기혼,주택 / 아파트,0.010032,1,0,핵심 노동자,2.0,산업 6,43,0,13.0,0,17.682326991479222,1.0,산업,Under 2Y,8.841163495739611,산업,경기민감,중간_기능
50031,0,남성,1,1,2,46197000.0,근로자,고등학교 졸업,기혼,주택 / 아파트,0.009334,1,0,Unknown,4.0,정부,46,20,24.0,2,17.648425440525088,1.0,정부,Over 20Y,4.412106360131272,정부,공공안정,기타
49607,1,남성,0,1,1,26550000.0,근로자,대학교 중퇴,기혼,주택 / 아파트,0.015221,1,0,단순 노동자,3.0,사업 1,27,7,2.0,1,17.094540343317004,1.0,사업,5-10Y,5.698180114439001,사업,자영사업,취약_단순
14474,0,여성,0,1,0,36108000.0,공무원,대학교 졸업 이상,미혼,공공분양,0.02461,1,0,핵심 노동자,1.0,학교,52,17,17.0,0,17.402025033094876,0.0,학교,10-20Y,17.402025033094876,학교,공공안정,중간_기능
26139,0,여성,0,1,0,42480000.0,근로자,고등학교 졸업,사별,주택 / 아파트,0.0145199999999999,1,0,영업직,1.0,자영업,53,1,31.0,0,17.564543958438446,0.0,자영업,Under 2Y,17.564543958438446,자영업,자영사업,취약_판매
42735,0,여성,0,0,1,37170000.0,근로자,고등학교 졸업,별거,주택 / 아파트,0.0035409999999999,1,0,미화원,2.0,운송 1,37,2,9.0,1,17.43101256917685,0.0,운송,2-5Y,8.715506284588425,운송,경기민감,취약_단순
58743,0,여성,0,1,1,35046000.0,기타,대학교 중퇴,기혼,주택 / 아파트,0.04622,1,0,단순 노동자,3.0,사업 2,28,6,12.0,1,17.372172070784426,1.0,사업,5-10Y,5.790724023594809,사업,자영사업,취약_단순
45628,0,여성,1,1,1,28674000.0,근로자,고등학교 졸업,기혼,아파트 임대,0.020713,1,0,관리직,3.0,학교,38,2,4.0,1,17.17150138166315,1.0,학교,2-5Y,5.723833793887716,학교,공공안정,안정_전문관리
55234,0,남성,0,0,1,26550000.0,연금수령자,고등학교 졸업,기혼,주택 / 아파트,0.018029,0,0,Unknown,3.0,기타 1,39,1000,3.0,1,17.094540343317004,1.0,기타,Retired,5.698180114439001,기타,기타,기타
42649,0,여성,1,0,1,53100000.0,근로자,대학교 졸업 이상,기혼,주택 / 아파트,0.032561,1,0,의료 업계 종사자,3.0,의학,39,21,8.0,1,17.78768750504456,1.0,의학,Over 20Y,5.929229168348186,의학,전문금융,안정_전문관리
46541,0,남성,0,0,0,27612000.0,근로자,대학교 졸업 이상,사실혼,주택 / 아파트,0.020246,1,0,단순 노동자,2.0,산업 4,25,0,21.0,0,17.13376105502164,1.0,산업,Under 2Y,8.56688052751082,산업,경기민감,취약_단순
7167,0,여성,1,1,2,69030000.0,근로자,고등학교 졸업,기혼,주택 / 아파트,0.022625,1,0,단순 노동자,4.0,사업 2,31,5,13.0,2,18.050051765166117,1.0,사업,5-10Y,4.512512941291528,사업,자영사업,취약_단순
27053,0,남성,1,0,0,63720000.0,기타,고등학교 졸업,기혼,공공분양,0.04622,1,0,운전자,2.0,자영업,54,5,30.0,0,17.97000905869978,1.0,자영업,5-10Y,8.98500452934989,자영업,자영사업,취약_기계
57380,0,여성,0,1,0,47790000.0,근로자,고등학교 졸업,기혼,주택 / 아파트,0.035792,1,0,핵심 노동자,2.0,자영업,53,1,5.0,0,17.682326991479222,1.0,자영업,Under 2Y,8.841163495739611,자영업,자영사업,중간_기능
32057,0,여성,0,1,0,31860000.0,근로자,고등학교 졸업,사실혼,공공분양,0.04622,1,0,조리사,2.0,정부,50,6,29.0,0,17.276861893833495,1.0,정부,5-10Y,8.638430946916747,정부,공공안정,취약_서비스
19573,0,여성,0,0,2,31860000.0,공무원,대학교 졸업 이상,기혼,주택 / 아파트,0.015221,1,0,의료 업계 종사자,4.0,기타 0,32,10,8.0,2,17.276861893833495,1.0,기타,10-20Y,4.319215473458374,기타,기타,안정_전문관리
26810,0,남성,0,0,0,74340000.0,기타,대학교 졸업 이상,기혼,주택 / 아파트,0.019101,1,0,단순 노동자,2.0,산업 4,50,19,5.0,0,18.124159736285087,1.0,산업,10-20Y,9.062079868142543,산업,경기민감,취약_단순
44981,0,남성,0,0,0,31860000.0,공무원,대학교 졸업 이상,사실혼,주택 / 아파트,0.00733,1,0,핵심 노동자,2.0,의학,49,19,4.0,0,17.276861893833495,1.0,의학,10-20Y,8.638430946916747,의학,전문금융,중간_기능
20770,1,남성,0,1,0,21240000.0,근로자,고등학교 졸업,기혼,주택 / 아파트,0.030755,1,0,저임금 노동자,2.0,사업 2,30,2,13.0,0,16.87139680141899,1.0,사업,2-5Y,8.435698400709494,사업,자영사업,취약_단순
33285,0,여성,0,1,0,31860000.0,공무원,고등학교 졸업,기혼,주택 / 아파트,0.035792,1,0,핵심 노동자,2.0,학교,54,9,8.0,0,17.276861893833495,1.0,학교,5-10Y,8.638430946916747,학교,공공안정,중간_기능
17521,0,여성,0,1,0,24426000.0,기타,고등학교 졸업,미혼,주택 / 아파트,0.031329,1,0,영업직,1.0,자영업,29,6,25.0,0,17.01115873765315,0.0,자영업,5-10Y,17.01115873765315,자영업,자영사업,취약_판매
58422,0,여성,0,1,0,16461000.0,연금수령자,고등학교 졸업,기혼,주택 / 아파트,0.015221,0,0,Unknown,2.0,기타 1,61,1000,3.0,0,16.61650456545887,1.0,기타,Retired,8.308252282729436,기타,기타,기타
49330,0,여성,0,1,1,37170000.0,근로자,대학교 졸업 이상,기혼,주택 / 아파트,0.028663,1,0,핵심 노동자,3.0,사업 1,32,0,9.0,1,17.43101256917685,1.0,사업,Under 2Y,5.810337523058951,사업,자영사업,중간_기능
26954,0,여성,1,1,0,51931800.0,연금수령자,대학교 졸업 이상,사별,주택 / 아파트,0.003069,0,0,Unknown,1.0,기타 1,64,1000,9.0,0,17.765441896520873,0.0,기타,Retired,17.765441896520873,기타,기타,기타
43223,0,남성,1,1,2,21240000.0,근로자,고등학교 졸업,기혼,주택 / 아파트,0.01885,1,0,운전자,4.0,자영업,39,0,12.0,2,16.87139680141899,1.0,자영업,Under 2Y,4.217849200354747,자영업,자영사업,취약_기계
971,0,남성,1,1,2,33984000.0,근로자,고등학교 졸업,기혼,주택 / 아파트,0.025164,1,0,Unknown,4.0,산업 4,34,0,0.0,2,17.34140041300936,1.0,산업,Under 2Y,4.33535010325234,산업,경기민감,기타
59923,1,여성,0,1,0,47790000.0,근로자,고등학교 졸업,기혼,주택 / 아파트,0.025164,1,0,의료 업계 종사자,2.0,의학,43,2,0.0,0,17.682326991479222,1.0,의학,2-5Y,8.841163495739611,의학,전문금융,안정_전문관리
50708,0,여성,0,1,0,44604000.0,기타,대학교 졸업 이상,별거,주택 / 아파트,0.035792,1,0,Unknown,1.0,기타 0,52,4,14.0,0,17.613334121486904,0.0,기타,2-5Y,17.613334121486904,기타,기타,기타
32494,0,남성,0,1,0,22302000.0,연금수령자,고등학교 졸업,기혼,주택 / 아파트,0.030755,0,1,Unknown,2.0,기타 1,64,1000,14.0,0,16.92018696334647,1.0,기타,Retired,8.460093481673235,기타,기타,기타
35960,0,여성,0,1,0,21240000.0,근로자,고등학교 졸업,사실혼,주택 / 아파트,0.00963,1,0,핵심 노동자,2.0,유치원,47,14,25.0,0,16.87139680141899,1.0,유치원,10-20Y,8.435698400709494,유치원,공공안정,중간_기능
52219,1,남성,0,0,0,42480000.0,근로자,고등학교 졸업,기혼,주택 / 아파트,0.008625,1,0,단순 노동자,2.0,자영업,52,0,32.0,0,17.564543958438446,1.0,자영업,Under 2Y,8.782271979219223,자영업,자영사업,취약_단순
12617,0,여성,1,1,2,11682000.0,근로자,고등학교 졸업,기혼,주택 / 아파트,0.01885,1,0,단순 노동자,4.0,학교,43,4,22.0,2,16.27355983918417,1.0,학교,2-5Y,4.0683899597960425,학교,공공안정,취약_단순
26351,0,여성,0,0,0,37170000.0,근로자,대학교 졸업 이상,기혼,주택 / 아파트,0.01885,1,0,관리직,2.0,우체부,45,3,26.0,0,17.43101256917685,1.0,우체부,2-5Y,8.715506284588425,우체부,기타,안정_전문관리
37119,0,여성,0,0,0,23364000.0,기타,대학교 졸업 이상,기혼,주택 / 아파트,0.008575,1,0,영업직,2.0,모바일,27,1,13.0,0,16.966706976943225,1.0,모바일,Under 2Y,8.483353488471613,모바일,기타,취약_판매
18534,1,남성,0,0,2,53100000.0,근로자,대학교 졸업 이상,별거,주택 / 아파트,0.010147,1,0,보안 업계 종사자,3.0,보안,34,1,5.0,2,17.78768750504456,0.0,보안,Under 2Y,5.929229168348186,보안,서비스요식,취약_서비스
43538,0,여성,1,1,0,39294000.0,기타,고등학교 졸업,미혼,주택 / 아파트,0.028663,1,0,영업직,1.0,사업 2,38,2,8.0,0,17.486582418877422,0.0,사업,2-5Y,17.486582418877422,사업,자영사업,취약_판매
33553,0,남성,0,1,0,9558000.0,연금수령자,고등학교 졸업,기혼,주택 / 아파트,0.026392,0,0,Unknown,2.0,기타 1,64,1000,25.0,0,16.072889162744634,1.0,기타,Retired,8.036444581372317,기타,기타,기타
564,1,여성,1,1,0,26550000.0,공무원,고등학교 졸업,기혼,주택 / 아파트,0.018029,1,0,운전자,2.0,기타 0,46,8,0.0,0,17.094540343317004,1.0,기타,5-10Y,8.547270171658502,기타,기타,취약_기계
24915,0,여성,0,1,2,63720000.0,근로자,대학교 졸업 이상,기혼,주택 / 아파트,0.0105,1,1,인사 담당자,4.0,보안,39,12,23.0,2,17.97000905869978,1.0,보안,10-20Y,4.492502264674945,보안,서비스요식,안정_사무
58575,0,여성,0,0,1,47790000.0,근로자,대학교 졸업 이상,기혼,주택 / 아파트,0.031329,1,0,회계사,3.0,사업 2,29,10,0.0,1,17.682326991479222,1.0,사업,10-20Y,5.894108997159741,사업,자영사업,안정_전문관리
47554,0,여성,1,0,0,16992000.0,기타,고등학교 졸업,기혼,공공분양,0.014464,1,0,회계사,2.0,주택,50,7,33.0,0,16.648253261875023,1.0,주택,5-10Y,8.324126630937512,주택,기타,안정_전문관리
54,0,남성,0,1,1,63720000.0,근로자,고등학교 졸업,기혼,아파트 임대,0.018029,1,0,저임금 노동자,3.0,산업 4,49,1,15.0,1,17.97000905869978,1.0,산업,Under 2Y,5.990003019566593,산업,경기민감,취약_단순
24040,0,여성,0,1,1,42480000.0,근로자,대학교 졸업 이상,기혼,주택 / 아파트,0.022625,1,0,Unknown,3.0,의학,30,3,14.0,1,17.564543958438446,1.0,의학,2-5Y,5.854847986146148,의학,전문금융,기타
15806,0,여성,0,0,0,42480000.0,기타,대학교 졸업 이상,기혼,주택 / 아파트,0.003069,1,0,기술직,2.0,자영업,28,5,3.0,0,17.564543958438446,1.0,자영업,5-10Y,8.782271979219223,자영업,자영사업,중간_기능
20230,0,남성,0,0,2,21240000.0,근로자,고등학교 졸업,기혼,주택 / 아파트,0.010006,1,0,보안 업계 종사자,4.0,사업 2,44,1,13.0,2,16.87139680141899,1.0,사업,Under 2Y,4.217849200354747,사업,자영사업,취약_서비스
28007,0,남성,1,0,0,58410000.0,근로자,대학교 졸업 이상,기혼,공공분양,0.0060079999999999,1,1,보안 업계 종사자,2.0,자영업,46,4,14.0,0,17.88299768313685,1.0,자영업,2-5Y,8.941498841568425,자영업,자영사업,취약_서비스
33199,0,여성,1,0,0,15930000.0,근로자,고등학교 졸업,기혼,주택 / 아파트,0.035792,1,0,핵심 노동자,2.0,레스토랑,45,9,13.0,0,16.583714744660867,1.0,레스토랑,5-10Y,8.291857372330433,레스토랑,서비스요식,중간_기능
45247,0,여성,0,1,1,24426000.0,근로자,고등학교 졸업,사별,주택 / 아파트,0.030755,1,0,영업직,2.0,무역 3,40,5,4.0,1,17.01115873765315,0.0,무역,5-10Y,8.505579368826576,무역,경기민감,취약_판매
50832,1,여성,1,1,0,21240000.0,근로자,고등학교 졸업,기혼,주택 / 아파트,0.031329,1,0,보안 업계 종사자,2.0,사업 2,54,2,0.0,0,16.87139680141899,1.0,사업,2-5Y,8.435698400709494,사업,자영사업,취약_서비스
26808,0,여성,0,0,1,39294000.0,근로자,대학교 중퇴,기혼,주택 / 아파트,0.035792,1,0,핵심 노동자,3.0,유치원,40,1,23.0,1,17.486582418877422,1.0,유치원,Under 2Y,5.828860806292474,유치원,공공안정,중간_기능
25996,0,여성,0,1,0,26550000.0,근로자,고등학교 졸업,기혼,주택 / 아파트,0.022625,1,0,조리사,2.0,무역 5,47,3,31.0,0,17.094540343317004,1.0,무역,2-5Y,8.547270171658502,무역,경기민감,취약_서비스
12301,0,남성,1,1,0,58410000.0,공무원,대학교 졸업 이상,기혼,주택 / 아파트,0.0228,1,0,기술직,2.0,사업 0,54,6,37.0,0,17.88299768313685,1.0,사업,5-10Y,8.941498841568425,사업,자영사업,중간_기능
59420,0,여성,0,0,2,37170000.0,근로자,고등학교 졸업,기혼,주택 / 아파트,0.009175,1,0,영업직,4.0,사업 2,35,7,4.0,2,17.43101256917685,1.0,사업,5-10Y,4.357753142294213,사업,자영사업,취약_판매
50227,0,남성,0,1,0,31860000.0,기타,고등학교 졸업,기혼,주택 / 아파트,0.0105,1,0,운전자,2.0,주택,55,3,30.0,0,17.276861893833495,1.0,주택,2-5Y,8.638430946916747,주택,기타,취약_기계
19452,0,여성,0,1,0,42480000.0,공무원,대학교 졸업 이상,기혼,주택 / 아파트,0.035792,1,0,핵심 노동자,2.0,기타 0,44,7,15.0,0,17.564543958438446,1.0,기타,5-10Y,8.782271979219223,기타,기타,중간_기능
21546,0,남성,1,1,3,84960000.0,근로자,고등학교 졸업,기혼,주택 / 아파트,0.019101,1,0,단순 노동자,5.0,자영업,52,2,10.0,3+,18.25769112722815,1.0,자영업,2-5Y,3.6515382254456297,자영업,자영사업,취약_단순
55510,0,남성,1,1,2,90270000.0,기타,고등학교 졸업,기혼,주택 / 아파트,0.00963,1,0,핵심 노동자,4.0,군대,35,7,2.0,2,18.318315748352216,1.0,군대,5-10Y,4.579578937088054,군대,공공안정,중간_기능
38609,0,여성,1,0,0,112572000.0,공무원,대학교 졸업 이상,기혼,주택 / 아파트,0.006629,1,0,관리직,2.0,경찰,35,13,6.0,0,18.53910358377929,1.0,경찰,10-20Y,9.269551791889644,경찰,공공안정,안정_전문관리
15016,1,남성,1,1,0,42480000.0,근로자,고등학교 졸업,미혼,주택 / 아파트,0.014464,1,0,운전자,1.0,사업 2,35,1,15.0,0,17.564543958438446,0.0,사업,Under 2Y,17.564543958438446,사업,자영사업,취약_기계
12462,0,여성,0,1,0,47790000.0,기타,고등학교 졸업,기혼,주택 / 아파트,0.026392,1,0,영업직,2.0,자영업,24,2,24.0,0,17.682326991479222,1.0,자영업,2-5Y,8.841163495739611,자영업,자영사업,취약_판매
58565,0,여성,0,0,0,26550000.0,연금수령자,고등학교 졸업,사실혼,주택 / 아파트,0.030755,0,0,Unknown,2.0,기타 1,64,1000,25.0,0,17.094540343317004,1.0,기타,Retired,8.547270171658502,기타,기타,기타
3593,1,남성,1,1,2,31860000.0,근로자,고등학교 졸업,기혼,주택 / 아파트,0.01885,1,0,핵심 노동자,4.0,농업,23,4,2.0,2,17.276861893833495,1.0,농업,2-5Y,4.319215473458374,농업,기타,중간_기능
58267,0,여성,0,1,0,47790000.0,연금수령자,고등학교 졸업,사별,주택 / 아파트,0.011703,0,0,Unknown,1.0,기타 1,59,1000,8.0,0,17.682326991479222,0.0,기타,Retired,17.682326991479222,기타,기타,기타
39698,1,여성,0,1,0,37170000.0,근로자,고등학교 졸업,기혼,주택 / 아파트,0.032561,1,0,의료 업계 종사자,2.0,의학,49,3,28.0,0,17.43101256917685,1.0,의학,2-5Y,8.715506284588425,의학,전문금융,안정_전문관리
48743,0,여성,1,0,0,31860000.0,근로자,고등학교 졸업,기혼,주택 / 아파트,0.028663,1,0,관리직,2.0,유치원,41,21,5.0,0,17.276861893833495,1.0,유치원,Over 20Y,8.638430946916747,유치원,공공안정,안정_전문관리
1566,0,여성,0,1,1,53100000.0,기타,대학교 졸업 이상,미혼,주택 / 아파트,0.030755,1,0,Unknown,2.0,사업 2,43,9,13.0,1,17.78768750504456,0.0,사업,5-10Y,8.89384375252228,사업,자영사업,기타
19914,0,여성,0,1,1,37170000.0,근로자,고등학교 졸업,미혼,주택 / 아파트,0.0196889999999999,1,0,단순 노동자,2.0,기타 0,48,0,1.0,1,17.43101256917685,0.0,기타,Under 2Y,8.715506284588425,기타,기타,취약_단순
943,0,여성,0,1,1,74340000.0,근로자,대학교 졸업 이상,기혼,주택 / 아파트,0.00733,1,0,관리직,3.0,사업 2,29,5,1.0,1,18.124159736285087,1.0,사업,5-10Y,6.041386578761696,사업,자영사업,안정_전문관리
2298,1,여성,0,1,0,15930000.0,근로자,고등학교 졸업,사실혼,주택 / 아파트,0.020713,1,0,영업직,2.0,자영업,23,2,4.0,0,16.583714744660867,1.0,자영업,2-5Y,8.291857372330433,자영업,자영사업,취약_판매
1557,1,남성,1,1,0,69030000.0,연금수령자,고등학교 졸업,기혼,주택 / 아파트,0.030755,0,0,Unknown,2.0,기타 1,61,1000,1.0,0,18.050051765166117,1.0,기타,Retired,9.025025882583057,기타,기타,기타
6592,0,여성,1,1,2,69030000.0,근로자,대학교 졸업 이상,기혼,주택 / 아파트,0.035792,1,0,관리직,4.0,학교,55,17,0.0,2,18.050051765166117,1.0,학교,10-20Y,4.512512941291528,학교,공공안정,안정_전문관리
8251,0,남성,1,0,1,34045596.0,근로자,대학교 졸업 이상,기혼,주택 / 아파트,0.002134,1,0,운전자,3.0,운송 1,36,2,11.0,1,17.343211272360083,1.0,운송,2-5Y,5.781070424120028,운송,경기민감,취약_기계
50368,0,여성,0,1,0,26550000.0,근로자,고등학교 졸업,기혼,주택 / 아파트,0.00733,1,0,단순 노동자,2.0,사업 2,52,3,26.0,0,17.094540343317004,1.0,사업,2-5Y,8.547270171658502,사업,자영사업,취약_단순
30842,0,여성,1,0,1,26550000.0,근로자,대학교 졸업 이상,사실혼,주택 / 아파트,0.030755,1,0,영업직,3.0,자영업,33,9,6.0,1,17.094540343317004,1.0,자영업,5-10Y,5.698180114439001,자영업,자영사업,취약_판매
10371,0,여성,0,0,2,9558000.0,근로자,고등학교 졸업,기혼,주택 / 아파트,0.010966,1,0,의료 업계 종사자,4.0,의학,25,2,19.0,2,16.072889162744634,1.0,의학,2-5Y,4.018222290686158,의학,전문금융,안정_전문관리
4613,0,남성,1,1,2,31860000.0,근로자,대학교 졸업 이상,기혼,주택 / 아파트,0.026392,1,0,관리직,4.0,건설,40,2,7.0,2,17.276861893833495,1.0,건설,2-5Y,4.319215473458374,건설,경기민감,안정_전문관리
9317,0,여성,0,0,2,9558000.0,근로자,고등학교 졸업,사실혼,공공분양,0.031329,1,0,보안 업계 종사자,4.0,유치원,38,13,8.0,2,16.072889162744634,1.0,유치원,10-20Y,4.018222290686158,유치원,공공안정,취약_서비스
32365,0,여성,0,0,0,53100000.0,근로자,대학교 졸업 이상,사별,주택 / 아파트,0.035792,1,0,회계사,1.0,자영업,48,3,0.0,0,17.78768750504456,0.0,자영업,2-5Y,17.78768750504456,자영업,자영사업,안정_전문관리
13154,0,남성,1,1,0,42480000.0,기타,대학교 졸업 이상,기혼,주택 / 아파트,0.01885,1,0,기술직,2.0,사업 2,56,3,34.0,0,17.564543958438446,1.0,사업,2-5Y,8.782271979219223,사업,자영사업,중간_기능
1180,0,남성,0,1,0,37170000.0,근로자,대학교 졸업 이상,미혼,주택 / 아파트,0.0145199999999999,1,0,핵심 노동자,1.0,정부,34,9,18.0,0,17.43101256917685,0.0,정부,5-10Y,17.43101256917685,정부,공공안정,중간_기능
86,0,여성,0,1,1,37170000.0,공무원,대학교 졸업 이상,기혼,주택 / 아파트,0.035792,1,0,Unknown,3.0,정부,41,2,3.0,1,17.43101256917685,1.0,정부,2-5Y,5.810337523058951,정부,공공안정,기타
18765,0,남성,0,1,0,37170000.0,근로자,고등학교 졸업,기혼,주택 / 아파트,0.018209,1,0,Unknown,2.0,레스토랑,28,3,0.0,0,17.43101256917685,1.0,레스토랑,2-5Y,8.715506284588425,레스토랑,서비스요식,기타
7072,0,남성,1,0,0,47790000.0,기타,고등학교 졸업,기혼,주택 / 아파트,0.026392,1,0,운전자,2.0,사업 2,47,0,14.0,0,17.682326991479222,1.0,사업,Under 2Y,8.841163495739611,사업,자영사업,취약_기계
38444,0,여성,0,0,0,39294000.0,기타,대학교 졸업 이상,미혼,주택 / 아파트,0.035792,1,0,단순 노동자,1.0,사업 2,25,2,10.0,0,17.486582418877422,0.0,사업,2-5Y,17.486582418877422,사업,자영사업,취약_단순
30546,0,여성,0,1,1,42480000.0,근로자,대학교 졸업 이상,사실혼,주택 / 아파트,0.018029,1,1,회계사,3.0,무역 0,41,4,16.0,1,17.564543958438446,1.0,무역,2-5Y,5.854847986146148,무역,경기민감,안정_전문관리
5496,0,여성,0,1,0,42480000.0,공무원,대학교 졸업 이상,별거,주택 / 아파트,0.010032,1,0,핵심 노동자,1.0,학교,45,18,23.0,0,17.564543958438446,0.0,학교,10-20Y,17.564543958438446,학교,공공안정,중간_기능
6912,0,여성,0,1,0,37170000.0,공무원,고등학교 졸업,기혼,주택 / 아파트,0.018209,1,0,의료 업계 종사자,2.0,의학,50,31,22.0,0,17.43101256917685,1.0,의학,Over 20Y,8.715506284588425,의학,전문금융,안정_전문관리
13287,0,여성,0,1,0,9558000.0,연금수령자,고등학교 졸업,별거,주택 / 아파트,0.008625,0,0,Unknown,1.0,기타 1,61,1000,14.0,0,16.072889162744634,0.0,기타,Retired,16.072889162744634,기타,기타,기타
31718,0,여성,0,1,0,191160000.0,기타,고등학교 졸업,기혼,주택 / 아파트,0.0072739999999999,1,0,의료 업계 종사자,2.0,의학,47,5,22.0,0,19.06862133690545,1.0,의학,5-10Y,9.534310668452726,의학,전문금융,안정_전문관리
39475,0,여성,0,0,0,53100000.0,근로자,고등학교 졸업,미혼,주택 / 아파트,0.01885,1,0,단순 노동자,1.0,사업 2,53,2,29.0,0,17.78768750504456,0.0,사업,2-5Y,17.78768750504456,사업,자영사업,취약_단순
36001,0,여성,0,1,1,58410000.0,근로자,고등학교 졸업,별거,주택 / 아파트,0.0116569999999999,1,0,관리직,2.0,우체부,34,13,17.0,1,17.88299768313685,0.0,우체부,10-20Y,8.941498841568425,우체부,기타,안정_전문관리
38446,0,남성,1,1,0,47790000.0,근로자,고등학교 졸업,기혼,주택 / 아파트,0.028663,1,0,보안 업계 종사자,2.0,운송 1,60,4,30.0,0,17.682326991479222,1.0,운송,2-5Y,8.841163495739611,운송,경기민감,취약_서비스
45462,0,남성,0,0,0,21240000.0,근로자,고등학교 졸업,미혼,아파트 임대,0.0196889999999999,1,0,단순 노동자,1.0,사업 0,33,15,12.0,0,16.87139680141899,0.0,사업,10-20Y,16.87139680141899,사업,자영사업,취약_단순
16601,0,여성,1,1,2,26550000.0,근로자,고등학교 졸업,기혼,주택 / 아파트,0.030755,1,0,영업직,4.0,자영업,37,5,11.0,2,17.094540343317004,1.0,자영업,5-10Y,4.273635085829251,자영업,자영사업,취약_판매
9851,0,여성,1,1,0,26550000.0,기타,고등학교 졸업,기혼,주택 / 아파트,0.031329,1,0,단순 노동자,2.0,사업 2,46,2,30.0,0,17.094540343317004,1.0,사업,2-5Y,8.547270171658502,사업,자영사업,취약_단순
43165,0,여성,1,0,0,84960000.0,공무원,대학교 졸업 이상,기혼,주택 / 아파트,0.0066709999999999,1,0,Unknown,2.0,국가 안보,37,13,1.0,0,18.25769112722815,1.0,국가,10-20Y,9.128845563614076,국가,공공안정,기타
13624,0,여성,1,1,0,24426000.0,근로자,대학교 졸업 이상,미혼,주택 / 아파트,0.028663,1,0,Unknown,1.0,사업 2,39,0,0.0,0,17.01115873765315,0.0,사업,Under 2Y,17.01115873765315,사업,자영사업,기타
6522,0,남성,1,1,0,26550000.0,기타,고등학교 졸업,미혼,주택 / 아파트,0.0060079999999999,1,0,단순 노동자,1.0,사업 2,35,1,19.0,0,17.094540343317004,0.0,사업,Under 2Y,17.094540343317004,사업,자영사업,취약_단순
10262,0,여성,1,1,0,31860000.0,공무원,고등학교 졸업,기혼,주택 / 아파트,0.02461,1,0,관리직,2.0,유치원,51,9,15.0,0,17.276861893833495,1.0,유치원,5-10Y,8.638430946916747,유치원,공공안정,안정_전문관리
50372,0,남성,1,1,3,26550000.0,근로자,고등학교 졸업,기혼,주택 / 아파트,0.028663,1,1,Unknown,5.0,사업 0,40,7,8.0,3+,17.094540343317004,1.0,사업,5-10Y,3.418908068663401,사업,자영사업,기타
18505,0,여성,1,1,0,26550000.0,기타,대학교 졸업 이상,사별,주택 / 아파트,0.025164,1,0,핵심 노동자,1.0,학교,59,3,13.0,0,17.094540343317004,0.0,학교,2-5Y,17.094540343317004,학교,공공안정,중간_기능
57353,0,여성,0,1,0,55224000.0,근로자,고등학교 졸업,미혼,주택 / 아파트,0.020246,1,0,영업직,1.0,기타 0,42,15,24.0,0,17.826908217473516,0.0,기타,10-20Y,17.826908217473516,기타,기타,취약_판매
45911,0,여성,1,1,0,21240000.0,기타,대학교 졸업 이상,기혼,주택 / 아파트,0.035792,1,0,관리직,2.0,무역 3,44,16,26.0,0,16.87139680141899,1.0,무역,10-20Y,8.435698400709494,무역,경기민감,안정_전문관리
3156,0,여성,0,1,0,43542000.0,근로자,고등학교 졸업,사별,주택 / 아파트,0.032561,1,0,회계사,1.0,은행,55,14,28.0,0,17.58923657045466,0.0,은행,10-20Y,17.58923657045466,은행,공공안정,안정_전문관리
4092,0,남성,1,1,1,31860000.0,근로자,고등학교 졸업,미혼,주택 / 아파트,0.018029,1,0,단순 노동자,2.0,사업 2,42,2,4.0,1,17.276861893833495,0.0,사업,2-5Y,8.638430946916747,사업,자영사업,취약_단순
45422,0,여성,0,1,0,21240000.0,연금수령자,고등학교 졸업,기혼,주택 / 아파트,0.006296,0,0,Unknown,2.0,기타 1,63,1000,23.0,0,16.87139680141899,1.0,기타,Retired,8.435698400709494,기타,기타,기타
50587,0,남성,0,1,0,42480000.0,기타,고등학교 졸업,사실혼,주택 / 아파트,0.04622,1,0,관리직,2.0,건설,38,5,16.0,0,17.564543958438446,1.0,건설,5-10Y,8.782271979219223,건설,경기민감,안정_전문관리
24994,1,여성,0,1,0,42480000.0,근로자,고등학교 졸업,기혼,주택 / 아파트,0.020246,1,0,영업직,2.0,자영업,34,7,2.0,0,17.564543958438446,1.0,자영업,5-10Y,8.782271979219223,자영업,자영사업,취약_판매
29687,0,남성,0,1,0,28674000.0,근로자,고등학교 졸업,기혼,주택 / 아파트,0.031329,1,0,저임금 노동자,2.0,산업 3,30,0,2.0,0,17.17150138166315,1.0,산업,Under 2Y,8.585750690831574,산업,경기민감,취약_단순
28685,0,여성,1,0,0,74340000.0,근로자,고등학교 졸업,기혼,주택 / 아파트,0.035792,1,0,Unknown,2.0,자영업,45,3,8.0,0,18.124159736285087,1.0,자영업,2-5Y,9.062079868142543,자영업,자영사업,기타
14944,0,여성,0,0,0,26550000.0,기타,고등학교 졸업,기혼,주택 / 아파트,0.0060079999999999,1,0,회계사,2.0,산업 0,39,0,38.0,0,17.094540343317004,1.0,산업,Under 2Y,8.547270171658502,산업,경기민감,안정_전문관리
38904,0,여성,0,1,0,74340000.0,기타,대학교 졸업 이상,기혼,주택 / 아파트,0.04622,1,0,영업직,2.0,사업 2,25,4,2.0,0,18.124159736285087,1.0,사업,2-5Y,9.062079868142543,사업,자영사업,취약_판매
31947,0,여성,0,1,0,53100000.0,근로자,고등학교 졸업,기혼,주택 / 아파트,0.00733,1,0,핵심 노동자,2.0,자영업,52,3,24.0,0,17.78768750504456,1.0,자영업,2-5Y,8.89384375252228,자영업,자영사업,중간_기능
3154,1,남성,1,1,1,63720000.0,근로자,고등학교 졸업,기혼,주택 / 아파트,0.018029,1,0,운전자,3.0,산업 4,42,7,8.0,1,17.97000905869978,1.0,산업,5-10Y,5.990003019566593,산업,경기민감,취약_기계
6528,0,여성,0,1,0,58410000.0,근로자,대학교 졸업 이상,기혼,아파트 임대,0.018634,1,1,회계사,2.0,자영업,28,1,5.0,0,17.88299768313685,1.0,자영업,Under 2Y,8.941498841568425,자영업,자영사업,안정_전문관리
49283,0,남성,0,1,1,31860000.0,근로자,고등학교 졸업,기혼,주택 / 아파트,0.0116569999999999,1,0,단순 노동자,3.0,사업 2,37,1,1.0,1,17.276861893833495,1.0,사업,Under 2Y,5.758953964611165,사업,자영사업,취약_단순
25478,0,여성,0,1,0,37170000.0,근로자,고등학교 졸업,미혼,주택 / 아파트,0.04622,1,0,핵심 노동자,1.0,사업 1,23,2,23.0,0,17.43101256917685,0.0,사업,2-5Y,17.43101256917685,사업,자영사업,중간_기능
56795,0,여성,1,1,0,63720000.0,연금수령자,대학교 졸업 이상,기혼,주택 / 아파트,0.022625,0,0,Unknown,2.0,기타 1,61,1000,1.0,0,17.97000905869978,1.0,기타,Retired,8.98500452934989,기타,기타,기타
35020,0,남성,0,0,0,37170000.0,근로자,고등학교 졸업,기혼,주택 / 아파트,0.015221,1,0,단순 노동자,2.0,사업 2,39,3,23.0,0,17.43101256917685,1.0,사업,2-5Y,8.715506284588425,사업,자영사업,취약_단순
30202,0,남성,0,1,0,37170000.0,기타,고등학교 졸업,기혼,주택 / 아파트,0.01885,1,0,조리사,2.0,산업 8,50,0,5.0,0,17.43101256917685,1.0,산업,Under 2Y,8.715506284588425,산업,경기민감,취약_서비스
37798,0,여성,0,0,0,12744000.0,연금수령자,고등학교 졸업,기혼,주택 / 아파트,0.019101,0,0,Unknown,2.0,기타 1,55,1000,13.0,0,16.360571209040316,1.0,기타,Retired,8.180285604520158,기타,기타,기타
26313,0,남성,0,1,0,26550000.0,근로자,고등학교 졸업,기혼,주택 / 아파트,0.018634,1,0,단순 노동자,2.0,사업 2,45,10,6.0,0,17.094540343317004,1.0,사업,10-20Y,8.547270171658502,사업,자영사업,취약_단순
53670,0,남성,1,0,2,47790000.0,근로자,고등학교 졸업,기혼,주택 / 아파트,0.015221,1,0,단순 노동자,4.0,자영업,38,4,5.0,2,17.682326991479222,1.0,자영업,2-5Y,4.4205817478698055,자영업,자영사업,취약_단순
56140,0,여성,0,1,0,55224000.0,연금수령자,고등학교 졸업,미혼,주택 / 아파트,0.0038179999999999,0,0,Unknown,1.0,기타 1,54,1000,21.0,0,17.826908217473516,0.0,기타,Retired,17.826908217473516,기타,기타,기타
3615,0,남성,1,0,1,53100000.0,기타,고등학교 졸업,기혼,주택 / 아파트,0.00963,1,0,단순 노동자,3.0,산업 4,38,1,9.0,1,17.78768750504456,1.0,산업,Under 2Y,5.929229168348186,산업,경기민감,취약_단순
4046,0,여성,1,1,1,19116000.0,근로자,고등학교 졸업,기혼,주택 / 아파트,0.031329,1,0,Unknown,3.0,사업 0,38,3,4.0,1,16.766036290992385,1.0,사업,2-5Y,5.588678763664128,사업,자영사업,기타
13702,0,남성,1,1,0,26550000.0,연금수령자,고등학교 졸업,사실혼,주택 / 아파트,0.030755,0,0,Unknown,2.0,기타 1,38,1000,6.0,0,17.094540343317004,1.0,기타,Retired,8.547270171658502,기타,기타,기타
54992,0,여성,0,1,2,31860000.0,기타,대학교 졸업 이상,기혼,주택 / 아파트,0.025164,1,0,핵심 노동자,4.0,은행,32,3,0.0,2,17.276861893833495,1.0,은행,2-5Y,4.319215473458374,은행,공공안정,중간_기능
31101,0,여성,1,0,0,47790000.0,근로자,대학교 중퇴,기혼,주택 / 아파트,0.028663,1,0,Unknown,2.0,사업 2,54,2,9.0,0,17.682326991479222,1.0,사업,2-5Y,8.841163495739611,사업,자영사업,기타
10279,0,여성,0,0,1,21240000.0,기타,고등학교 졸업,기혼,공공분양,0.04622,1,0,관리직,3.0,자영업,33,1,16.0,1,16.87139680141899,1.0,자영업,Under 2Y,5.62379893380633,자영업,자영사업,안정_전문관리
56870,0,여성,0,1,0,21240000.0,기타,고등학교 졸업,사별,주택 / 아파트,0.028663,1,0,의료 업계 종사자,1.0,의학,49,25,2.0,0,16.87139680141899,0.0,의학,Over 20Y,16.87139680141899,의학,전문금융,안정_전문관리
30644,1,남성,1,1,0,37170000.0,근로자,고등학교 졸업,기혼,주택 / 아파트,0.015221,1,0,단순 노동자,2.0,사업 0,40,1,0.0,0,17.43101256917685,1.0,사업,Under 2Y,8.715506284588425,사업,자영사업,취약_단순
58754,0,여성,0,1,3,15930000.0,근로자,고등학교 졸업,기혼,주택 / 아파트,0.02461,1,0,Unknown,5.0,학교,33,3,0.0,3+,16.583714744660867,1.0,학교,2-5Y,3.3167429489321734,학교,공공안정,기타
38661,1,남성,1,1,1,31860000.0,근로자,대학교 졸업 이상,기혼,주택 / 아파트,0.025164,1,0,단순 노동자,3.0,사업 2,35,7,0.0,1,17.276861893833495,1.0,사업,5-10Y,5.758953964611165,사업,자영사업,취약_단순
10801,0,여성,1,1,2,15930000.0,근로자,대학교 졸업 이상,기혼,주택 / 아파트,0.030755,1,0,기술직,4.0,기타 0,45,14,25.0,2,16.583714744660867,1.0,기타,10-20Y,4.145928686165217,기타,기타,중간_기능
20200,0,여성,0,1,0,31860000.0,연금수령자,고등학교 졸업,기혼,주택 / 아파트,0.031329,0,0,Unknown,2.0,기타 1,65,1000,0.0,0,17.276861893833495,1.0,기타,Retired,8.638430946916747,기타,기타,기타
16759,1,여성,0,0,0,21240000.0,근로자,고등학교 졸업,미혼,주택 / 아파트,0.035792,1,0,단순 노동자,1.0,산업 8,33,13,17.0,0,16.87139680141899,0.0,산업,10-20Y,16.87139680141899,산업,경기민감,취약_단순
44934,0,여성,0,1,1,58410000.0,기타,고등학교 졸업,사별,주택 / 아파트,0.04622,1,0,영업직,2.0,자영업,36,1,20.0,1,17.88299768313685,0.0,자영업,Under 2Y,8.941498841568425,자영업,자영사업,취약_판매
51423,1,여성,0,1,1,14868000.0,근로자,대학교 졸업 이상,사실혼,주택 / 아파트,0.006852,1,0,Unknown,3.0,자영업,27,6,11.0,1,16.51472187765782,1.0,자영업,5-10Y,5.504907292552606,자영업,자영사업,기타
33363,1,남성,1,1,0,29736000.0,근로자,고등학교 졸업,사실혼,공공분양,0.020713,1,0,단순 노동자,2.0,주택,30,3,6.0,0,17.207869024588497,1.0,주택,2-5Y,8.603934512294249,주택,기타,취약_단순
12986,0,남성,1,1,0,42480000.0,기타,대학교 졸업 이상,기혼,주택 / 아파트,0.032561,1,1,단순 노동자,2.0,사업 2,51,9,20.0,0,17.564543958438446,1.0,사업,5-10Y,8.782271979219223,사업,자영사업,취약_단순
2101,0,남성,1,0,2,31860000.0,근로자,고등학교 졸업,기혼,주택 / 아파트,0.0072739999999999,1,0,Unknown,4.0,사업 2,29,0,4.0,2,17.276861893833495,1.0,사업,Under 2Y,4.319215473458374,사업,자영사업,기타
30915,0,여성,0,1,0,15930000.0,연금수령자,고등학교 졸업,기혼,주택 / 아파트,0.008575,0,0,Unknown,2.0,기타 1,59,1000,13.0,0,16.583714744660867,1.0,기타,Retired,8.291857372330433,기타,기타,기타
29310,1,여성,0,1,0,26550000.0,근로자,고등학교 졸업,미혼,아파트 임대,0.010147,1,0,영업직,1.0,자영업,22,0,4.0,0,17.094540343317004,0.0,자영업,Under 2Y,17.094540343317004,자영업,자영사업,취약_판매
31319,1,남성,1,1,1,21240000.0,근로자,고등학교 졸업,기혼,주택 / 아파트,0.018209,1,0,단순 노동자,3.0,사업 1,38,14,8.0,1,16.87139680141899,1.0,사업,10-20Y,5.62379893380633,사업,자영사업,취약_단순
9942,0,여성,0,1,0,84960000.0,근로자,대학교 졸업 이상,미혼,공공분양,0.008575,1,0,관리직,1.0,학교,48,18,1.0,0,18.25769112722815,0.0,학교,10-20Y,18.25769112722815,학교,공공안정,안정_전문관리
53278,0,남성,1,1,0,47790000.0,근로자,고등학교 졸업,미혼,주택 / 아파트,0.018209,1,1,단순 노동자,1.0,학교,34,2,18.0,0,17.682326991479222,0.0,학교,2-5Y,17.682326991479222,학교,공공안정,취약_단순
14170,0,여성,0,0,1,40356000.0,기타,고등학교 졸업,기혼,주택 / 아파트,0.026392,1,0,가정부,3.0,서비스,27,3,1.0,1,17.51325066528987,1.0,서비스,2-5Y,5.83775022176329,서비스,서비스요식,취약_서비스
43633,0,여성,1,1,0,31860000.0,근로자,고등학교 졸업,기혼,주택 / 아파트,0.0088659999999999,1,0,단순 노동자,2.0,서비스,62,6,18.0,0,17.276861893833495,1.0,서비스,5-10Y,8.638430946916747,서비스,서비스요식,취약_단순
20813,0,여성,1,0,2,15930000.0,근로자,고등학교 졸업,기혼,주택 / 아파트,0.018209,1,0,영업직,4.0,자영업,38,4,17.0,2,16.583714744660867,1.0,자영업,2-5Y,4.145928686165217,자영업,자영사업,취약_판매
47088,1,여성,0,1,0,15930000.0,근로자,고등학교 졸업,기혼,주택 / 아파트,0.026392,1,0,조리사,2.0,사업 2,24,1,5.0,0,16.583714744660867,1.0,사업,Under 2Y,8.291857372330433,사업,자영사업,취약_서비스
50996,0,남성,1,1,0,47790000.0,근로자,고등학교 졸업,기혼,주택 / 아파트,0.010006,1,0,단순 노동자,2.0,사업 2,42,9,22.0,0,17.682326991479222,1.0,사업,5-10Y,8.841163495739611,사업,자영사업,취약_단순
42501,0,남성,1,1,0,42480000.0,근로자,고등학교 졸업,기혼,주택 / 아파트,0.025164,1,0,단순 노동자,2.0,사업 2,39,1,1.0,0,17.564543958438446,1.0,사업,Under 2Y,8.782271979219223,사업,자영사업,취약_단순
24347,0,여성,0,0,0,47790000.0,기타,대학교 졸업 이상,기혼,주택 / 아파트,0.007305,1,0,회계사,2.0,사업 2,35,5,7.0,0,17.682326991479222,1.0,사업,5-10Y,8.841163495739611,사업,자영사업,안정_전문관리
48347,0,여성,1,0,0,15930000.0,연금수령자,고등학교 졸업,기혼,주택 / 아파트,0.010556,0,0,Unknown,2.0,기타 1,55,1000,8.0,0,16.583714744660867,1.0,기타,Retired,8.291857372330433,기타,기타,기타
40813,0,여성,0,1,0,63720000.0,공무원,고등학교 졸업,사별,주택 / 아파트,0.002042,1,0,Unknown,1.0,정부,51,4,17.0,0,17.97000905869978,0.0,정부,2-5Y,17.97000905869978,정부,공공안정,기타
29700,1,남성,1,1,0,95580000.0,연금수령자,고등학교 졸업,기혼,주택 / 아파트,0.016612,0,0,Unknown,2.0,기타 1,40,1000,2.0,0,18.37547416157673,1.0,기타,Retired,9.187737080788365,기타,기타,기타
57810,0,여성,0,1,1,31860000.0,근로자,고등학교 졸업,기혼,주택 / 아파트,0.009549,1,0,영업직,3.0,레스토랑,27,0,9.0,1,17.276861893833495,1.0,레스토랑,Under 2Y,5.758953964611165,레스토랑,서비스요식,취약_판매
8530,0,남성,1,0,1,74340000.0,근로자,대학교 졸업 이상,기혼,주택 / 아파트,0.010966,1,0,핵심 노동자,3.0,군대,28,5,1.0,1,18.124159736285087,1.0,군대,5-10Y,6.041386578761696,군대,공공안정,중간_기능
57026,0,여성,0,1,2,31860000.0,근로자,대학교 졸업 이상,미혼,주택 / 아파트,0.031329,1,0,핵심 노동자,3.0,학교,40,3,19.0,2,17.276861893833495,0.0,학교,2-5Y,5.758953964611165,학교,공공안정,중간_기능
57215,0,남성,0,0,1,24426000.0,근로자,고등학교 졸업,기혼,아파트 임대,0.018209,1,0,영업직,3.0,자영업,29,8,2.0,1,17.01115873765315,1.0,자영업,5-10Y,5.670386245884384,자영업,자영사업,취약_판매
53921,0,여성,0,1,0,42480000.0,연금수령자,고등학교 졸업,사실혼,주택 / 아파트,0.026392,0,0,Unknown,2.0,기타 1,57,1000,34.0,0,17.564543958438446,1.0,기타,Retired,8.782271979219223,기타,기타,기타
27811,0,남성,1,1,0,53100000.0,근로자,고등학교 졸업,사실혼,주택 / 아파트,0.032561,1,0,저임금 노동자,2.0,우체부,29,2,21.0,0,17.78768750504456,1.0,우체부,2-5Y,8.89384375252228,우체부,기타,취약_단순
2141,0,여성,0,1,2,42480000.0,근로자,대학교 졸업 이상,기혼,주택 / 아파트,0.009175,1,0,핵심 노동자,4.0,의학,45,21,11.0,2,17.564543958438446,1.0,의학,Over 20Y,4.391135989609611,의학,전문금융,중간_기능
33054,0,여성,0,1,0,30798000.0,공무원,고등학교 졸업,미혼,주택 / 아파트,0.006233,1,0,핵심 노동자,1.0,우체부,54,1,18.0,0,17.242960343240135,0.0,우체부,Under 2Y,17.242960343240135,우체부,기타,중간_기능
4475,0,여성,0,0,1,29736000.0,근로자,대학교 졸업 이상,기혼,주택 / 아파트,0.018801,1,0,Unknown,3.0,사업 2,28,5,12.0,1,17.207869024588497,1.0,사업,5-10Y,5.735956341529499,사업,자영사업,기타
8368,0,남성,0,0,0,21240000.0,근로자,고등학교 졸업,미혼,주택 / 아파트,0.018801,1,0,단순 노동자,1.0,사업 1,40,0,21.0,0,16.87139680141899,0.0,사업,Under 2Y,16.87139680141899,사업,자영사업,취약_단순
20340,1,여성,0,1,1,31860000.0,기타,고등학교 졸업,기혼,주택 / 아파트,0.02461,1,0,영업직,3.0,자영업,24,2,5.0,1,17.276861893833495,1.0,자영업,2-5Y,5.758953964611165,자영업,자영사업,취약_판매
24738,0,남성,1,1,3,42480000.0,근로자,대학교 졸업 이상,기혼,주택 / 아파트,0.04622,1,1,기술직,5.0,사업 2,44,12,7.0,3+,17.564543958438446,1.0,사업,10-20Y,3.512908791687689,사업,자영사업,중간_기능
51772,0,여성,0,1,0,79650000.0,기타,대학교 졸업 이상,미혼,주택 / 아파트,0.04622,1,0,의료 업계 종사자,1.0,의학,51,20,0.0,0,18.19315260687526,0.0,의학,Over 20Y,18.19315260687526,의학,전문금융,안정_전문관리
13542,1,남성,0,1,2,31860000.0,근로자,고등학교 졸업,미혼,주택 / 아파트,0.026392,1,1,단순 노동자,3.0,산업 8,28,2,5.0,2,17.276861893833495,0.0,산업,2-5Y,5.758953964611165,산업,경기민감,취약_단순
30731,0,여성,0,1,1,90270000.0,기타,대학교 졸업 이상,기혼,주택 / 아파트,0.072508,1,0,Unknown,3.0,사업 2,52,1,35.0,1,18.318315748352216,1.0,사업,Under 2Y,6.106105249450739,사업,자영사업,기타
32617,0,여성,0,1,0,19116000.0,연금수령자,대학교 졸업 이상,사별,주택 / 아파트,0.014464,0,0,Unknown,1.0,기타 1,63,1000,10.0,0,16.766036290992385,0.0,기타,Retired,16.766036290992385,기타,기타,기타
12826,0,남성,1,1,0,26550000.0,근로자,고등학교 졸업,기혼,주택 / 아파트,0.0084739999999999,1,0,단순 노동자,2.0,무역 0,45,3,25.0,0,17.094540343317004,1.0,무역,2-5Y,8.547270171658502,무역,경기민감,취약_단순
20944,0,여성,0,1,0,53100000.0,근로자,고등학교 졸업,미혼,주택 / 아파트,0.035792,1,0,회계사,1.0,무역 0,40,13,22.0,0,17.78768750504456,0.0,무역,10-20Y,17.78768750504456,무역,경기민감,안정_전문관리
44946,0,남성,0,0,1,31860000.0,공무원,대학교 졸업 이상,기혼,주택 / 아파트,0.006629,1,0,Unknown,3.0,의학,43,5,3.0,1,17.276861893833495,1.0,의학,5-10Y,5.758953964611165,의학,전문금융,기타
253,0,여성,0,0,1,15930000.0,근로자,고등학교 졸업,기혼,공공분양,0.02461,1,0,기술직,3.0,사업 2,42,2,0.0,1,16.583714744660867,1.0,사업,2-5Y,5.527904914886956,사업,자영사업,중간_기능
10684,1,남성,1,1,0,21240000.0,근로자,고등학교 졸업,미혼,주택 / 아파트,0.035792,1,0,보안 업계 종사자,1.0,사업 0,47,6,15.0,0,16.87139680141899,0.0,사업,5-10Y,16.87139680141899,사업,자영사업,취약_서비스
44027,0,남성,0,0,0,33984000.0,기타,고등학교 졸업,기혼,주택 / 아파트,0.072508,1,0,영업직,2.0,무역 3,56,5,20.0,0,17.34140041300936,1.0,무역,5-10Y,8.67070020650468,무역,경기민감,취약_판매
10130,0,남성,1,0,2,31860000.0,근로자,고등학교 졸업,기혼,주택 / 아파트,0.019101,1,0,운전자,4.0,사업 2,25,2,3.0,2,17.276861893833495,1.0,사업,2-5Y,4.319215473458374,사업,자영사업,취약_기계
26628,0,남성,0,1,0,74340000.0,근로자,고등학교 졸업,미혼,주택 / 아파트,0.008068,1,0,Unknown,1.0,사업 2,38,4,5.0,0,18.124159736285087,0.0,사업,2-5Y,18.124159736285087,사업,자영사업,기타
33263,0,남성,1,1,1,95580000.0,근로자,대학교 졸업 이상,기혼,주택 / 아파트,0.007114,1,0,관리직,3.0,사업 2,37,6,8.0,1,18.37547416157673,1.0,사업,5-10Y,6.125158053858908,사업,자영사업,안정_전문관리
17987,0,여성,0,1,0,31860000.0,연금수령자,고등학교 졸업,기혼,주택 / 아파트,0.020713,0,0,Unknown,2.0,기타 1,63,1000,27.0,0,17.276861893833495,1.0,기타,Retired,8.638430946916747,기타,기타,기타
2826,1,남성,1,1,0,42480000.0,기타,고등학교 졸업,기혼,주택 / 아파트,0.026392,1,0,단순 노동자,2.0,사업 2,42,3,12.0,0,17.564543958438446,1.0,사업,2-5Y,8.782271979219223,사업,자영사업,취약_단순
38050,0,여성,1,0,2,31860000.0,근로자,대학교 졸업 이상,미혼,주택 / 아파트,0.0228,1,0,가정부,3.0,사업 2,37,0,0.0,2,17.276861893833495,0.0,사업,Under 2Y,5.758953964611165,사업,자영사업,취약_서비스
56520,0,여성,1,1,0,63720000.0,기타,대학교 졸업 이상,기혼,주택 / 아파트,0.0196889999999999,1,0,회계사,2.0,무역 2,35,4,19.0,0,17.97000905869978,1.0,무역,2-5Y,8.98500452934989,무역,경기민감,안정_전문관리
9206,0,여성,0,0,0,33240600.0,근로자,고등학교 졸업,기혼,주택 / 아파트,0.031329,1,0,핵심 노동자,2.0,무역 2,25,2,11.0,0,17.319282608413822,1.0,무역,2-5Y,8.659641304206911,무역,경기민감,중간_기능
22806,0,여성,0,1,1,63720000.0,공무원,고등학교 졸업,기혼,주택 / 아파트,0.006629,1,0,Unknown,3.0,학교,46,22,8.0,1,17.97000905869978,1.0,학교,Over 20Y,5.990003019566593,학교,공공안정,기타
36887,0,남성,1,1,2,159300000.0,기타,고등학교 졸업,기혼,공공분양,0.032561,1,0,관리직,4.0,사업 2,27,2,13.0,2,18.886299781157746,1.0,사업,2-5Y,4.721574945289436,사업,자영사업,안정_전문관리
33727,1,여성,0,1,1,15930000.0,기타,고등학교 졸업,기혼,주택 / 아파트,0.002134,1,0,관리직,3.0,정부,32,12,2.0,1,16.583714744660867,1.0,정부,10-20Y,5.527904914886956,정부,공공안정,안정_전문관리
52196,0,여성,0,0,0,31860000.0,근로자,고등학교 졸업,미혼,아파트 임대,0.0105,1,0,단순 노동자,1.0,사업 2,36,3,1.0,0,17.276861893833495,0.0,사업,2-5Y,17.276861893833495,사업,자영사업,취약_단순
32273,1,남성,0,1,0,26550000.0,근로자,고등학교 졸업,기혼,주택 / 아파트,0.019101,1,0,운전자,2.0,자영업,49,1,14.0,0,17.094540343317004,1.0,자영업,Under 2Y,8.547270171658502,자영업,자영사업,취약_기계
31306,1,여성,0,1,0,84960000.0,근로자,대학교 졸업 이상,기혼,주택 / 아파트,0.020246,1,0,관리직,2.0,사업 2,31,3,2.0,0,18.25769112722815,1.0,사업,2-5Y,9.128845563614076,사업,자영사업,안정_전문관리
7781,1,남성,0,0,2,55224000.0,기타,고등학교 졸업,기혼,주택 / 아파트,0.00702,1,0,핵심 노동자,4.0,사업 2,37,14,1.0,2,17.826908217473516,1.0,사업,10-20Y,4.456727054368379,사업,자영사업,중간_기능
17841,0,여성,1,1,0,21240000.0,근로자,고등학교 졸업,기혼,주택 / 아파트,0.01885,1,0,Unknown,2.0,자영업,46,2,1.0,0,16.87139680141899,1.0,자영업,2-5Y,8.435698400709494,자영업,자영사업,기타
28915,0,여성,1,0,0,26550000.0,근로자,고등학교 졸업,사실혼,주택 / 아파트,0.019101,1,0,관리직,2.0,호텔,43,8,5.0,0,17.094540343317004,1.0,호텔,5-10Y,8.547270171658502,호텔,서비스요식,안정_전문관리
32915,0,남성,1,1,0,15930000.0,연금수령자,대학교 졸업 이상,기혼,주택 / 아파트,0.031329,0,0,Unknown,2.0,기타 1,67,1000,10.0,0,16.583714744660867,1.0,기타,Retired,8.291857372330433,기타,기타,기타
48935,0,여성,0,1,0,26550000.0,기타,대학교 졸업 이상,미혼,아파트 임대,0.010006,1,0,Unknown,1.0,사업 0,25,0,5.0,0,17.094540343317004,0.0,사업,Under 2Y,17.094540343317004,사업,자영사업,기타
38589,0,여성,0,1,0,26550000.0,연금수령자,고등학교 졸업,기혼,주택 / 아파트,0.035792,0,0,Unknown,2.0,기타 1,61,1000,10.0,0,17.094540343317004,1.0,기타,Retired,8.547270171658502,기타,기타,기타
25250,0,남성,1,0,2,42480000.0,기타,고등학교 졸업,별거,주택 / 아파트,0.016612,1,0,운전자,3.0,무역 0,44,2,2.0,2,17.564543958438446,0.0,무역,2-5Y,5.854847986146148,무역,경기민감,취약_기계
2893,0,여성,0,1,0,42480000.0,기타,고등학교 졸업,별거,주택 / 아파트,0.01885,1,0,핵심 노동자,1.0,정부,45,10,13.0,0,17.564543958438446,0.0,정부,10-20Y,17.564543958438446,정부,공공안정,중간_기능
29959,0,여성,0,0,0,31860000.0,근로자,고등학교 졸업,기혼,주택 / 아파트,0.018634,1,0,관리직,2.0,우체부,51,28,6.0,0,17.276861893833495,1.0,우체부,Over 20Y,8.638430946916747,우체부,기타,안정_전문관리
2515,0,여성,0,1,0,47790000.0,근로자,고등학교 졸업,기혼,주택 / 아파트,0.006207,1,0,단순 노동자,2.0,기타 0,43,4,14.0,0,17.682326991479222,1.0,기타,2-5Y,8.841163495739611,기타,기타,취약_단순
13757,0,여성,1,1,0,23364000.0,근로자,대학교 졸업 이상,기혼,주택 / 아파트,0.030755,1,0,핵심 노동자,2.0,학교,51,23,15.0,0,16.966706976943225,1.0,학교,Over 20Y,8.483353488471613,학교,공공안정,중간_기능
34922,0,여성,0,1,0,25488000.0,기타,대학교 졸업 이상,기혼,주택 / 아파트,0.031329,1,0,단순 노동자,2.0,학교,50,15,15.0,0,17.053718350366115,1.0,학교,10-20Y,8.526859175183057,학교,공공안정,취약_단순
21894,0,여성,0,1,0,45666000.0,근로자,고등학교 졸업,별거,주택 / 아파트,0.016612,1,1,단순 노동자,1.0,사업 2,52,6,14.0,0,17.636864618375714,0.0,사업,5-10Y,17.636864618375714,사업,자영사업,취약_단순
39889,0,남성,0,1,0,26550000.0,근로자,고등학교 졸업,기혼,주택 / 아파트,0.006207,1,0,단순 노동자,2.0,자영업,48,7,0.0,0,17.094540343317004,1.0,자영업,5-10Y,8.547270171658502,자영업,자영사업,취약_단순
39087,0,여성,0,1,0,98251992.0,근로자,고등학교 졸업,기혼,주택 / 아파트,0.0038179999999999,1,0,영업직,2.0,사업 2,42,5,9.0,0,18.403046093495185,1.0,사업,5-10Y,9.201523046747592,사업,자영사업,취약_판매
21488,0,남성,1,1,0,37170000.0,기타,대학교 졸업 이상,기혼,주택 / 아파트,0.032561,1,0,관리직,2.0,사업 2,41,1,16.0,0,17.43101256917685,1.0,사업,Under 2Y,8.715506284588425,사업,자영사업,안정_전문관리
38577,0,남성,1,1,0,26550000.0,근로자,고등학교 졸업,별거,주택 / 아파트,0.025164,1,0,단순 노동자,1.0,기타 0,59,29,6.0,0,17.094540343317004,0.0,기타,Over 20Y,17.094540343317004,기타,기타,취약_단순
14564,0,여성,0,0,0,31860000.0,기타,고등학교 졸업,기혼,주택 / 아파트,0.032561,1,0,영업직,2.0,사업 2,51,1,24.0,0,17.276861893833495,1.0,사업,Under 2Y,8.638430946916747,사업,자영사업,취약_판매
16033,0,남성,0,1,0,31860000.0,근로자,고등학교 졸업,기혼,주택 / 아파트,0.028663,1,0,보안 업계 종사자,2.0,농업,59,19,11.0,0,17.276861893833495,1.0,농업,10-20Y,8.638430946916747,농업,기타,취약_서비스
29651,0,여성,1,1,4,38232000.0,기타,대학교 졸업 이상,기혼,주택 / 아파트,0.005313,1,0,Unknown,6.0,기타 0,42,1,9.0,3+,17.45918344539623,1.0,기타,Under 2Y,2.9098639075660384,기타,기타,기타
50330,0,여성,0,1,0,26550000.0,근로자,고등학교 졸업,미혼,주택 / 아파트,0.0096569999999999,1,0,영업직,1.0,사업 2,21,0,0.0,0,17.094540343317004,0.0,사업,Under 2Y,17.094540343317004,사업,자영사업,취약_판매
18726,0,남성,0,1,0,26550000.0,근로자,고등학교 졸업,기혼,주택 / 아파트,0.010966,1,0,단순 노동자,2.0,사업 2,37,1,2.0,0,17.094540343317004,1.0,사업,Under 2Y,8.547270171658502,사업,자영사업,취약_단순
55841,0,남성,1,1,0,42480000.0,기타,대학교 졸업 이상,기혼,주택 / 아파트,0.008575,1,0,관리직,2.0,우체부,32,6,14.0,0,17.564543958438446,1.0,우체부,5-10Y,8.782271979219223,우체부,기타,안정_전문관리
34032,1,여성,0,1,1,42480000.0,근로자,고등학교 졸업,미혼,주택 / 아파트,0.010032,1,0,기술직,2.0,사업 2,30,2,7.0,1,17.564543958438446,0.0,사업,2-5Y,8.782271979219223,사업,자영사업,중간_기능
12422,0,여성,0,0,2,37170000.0,공무원,고등학교 졸업,기혼,주택 / 아파트,0.010006,1,0,의료 업계 종사자,4.0,기타 0,36,2,13.0,2,17.43101256917685,1.0,기타,2-5Y,4.357753142294213,기타,기타,안정_전문관리
15102,0,남성,1,0,1,26550000.0,근로자,고등학교 졸업,기혼,주택 / 아파트,0.015221,1,0,단순 노동자,3.0,사업 0,35,6,9.0,1,17.094540343317004,1.0,사업,5-10Y,5.698180114439001,사업,자영사업,취약_단순
729,0,여성,0,0,0,27612000.0,기타,고등학교 졸업,기혼,주택 / 아파트,0.010032,1,0,영업직,2.0,사업 0,26,4,2.0,0,17.13376105502164,1.0,사업,2-5Y,8.56688052751082,사업,자영사업,취약_판매
7760,0,여성,0,1,1,37170000.0,근로자,대학교 졸업 이상,사실혼,주택 / 아파트,0.020713,1,0,핵심 노동자,3.0,유치원,30,4,14.0,1,17.43101256917685,1.0,유치원,2-5Y,5.810337523058951,유치원,공공안정,중간_기능
38791,0,남성,1,1,2,47790000.0,기타,대학교 졸업 이상,기혼,주택 / 아파트,0.0060079999999999,1,0,운전자,4.0,사업 1,39,0,23.0,2,17.682326991479222,1.0,사업,Under 2Y,4.4205817478698055,사업,자영사업,취약_기계
51834,0,남성,1,0,0,19116000.0,연금수령자,고등학교 졸업,미혼,주택 / 아파트,0.035792,0,0,Unknown,1.0,기타 1,61,1000,8.0,0,16.766036290992385,0.0,기타,Retired,16.766036290992385,기타,기타,기타
16812,0,여성,0,1,0,30798000.0,연금수령자,고등학교 졸업,기혼,주택 / 아파트,0.02461,0,0,Unknown,2.0,기타 1,60,1000,37.0,0,17.242960343240135,1.0,기타,Retired,8.621480171620068,기타,기타,기타
55031,0,여성,0,1,1,47790000.0,근로자,고등학교 졸업,사실혼,주택 / 아파트,0.018801,1,0,회계사,3.0,은행,48,6,28.0,1,17.682326991479222,1.0,은행,5-10Y,5.894108997159741,은행,공공안정,안정_전문관리
24153,0,남성,0,1,0,26550000.0,연금수령자,대학교 졸업 이상,기혼,주택 / 아파트,0.031329,0,0,Unknown,2.0,기타 1,63,1000,20.0,0,17.094540343317004,1.0,기타,Retired,8.547270171658502,기타,기타,기타
13695,0,남성,1,0,0,63720000.0,근로자,대학교 졸업 이상,미혼,주택 / 아파트,0.022625,1,0,운전자,1.0,자영업,27,5,12.0,0,17.97000905869978,0.0,자영업,5-10Y,17.97000905869978,자영업,자영사업,취약_기계
20574,0,여성,1,0,0,47790000.0,공무원,대학교 졸업 이상,미혼,주택 / 아파트,0.00702,1,0,관리직,1.0,은행,27,7,0.0,0,17.682326991479222,0.0,은행,5-10Y,17.682326991479222,은행,공공안정,안정_전문관리
18801,0,여성,0,0,1,15930000.0,기타,고등학교 졸업,미혼,주택 / 아파트,0.0072739999999999,1,0,단순 노동자,2.0,사업 0,31,5,14.0,1,16.583714744660867,0.0,사업,5-10Y,8.291857372330433,사업,자영사업,취약_단순
54381,0,남성,0,1,0,47790000.0,기타,대학교 졸업 이상,미혼,주택 / 아파트,0.0116569999999999,1,0,Unknown,1.0,기타 0,24,5,23.0,0,17.682326991479222,0.0,기타,5-10Y,17.682326991479222,기타,기타,기타
40767,0,여성,0,1,0,27612000.0,기타,고등학교 졸업,기혼,주택 / 아파트,0.0066709999999999,1,0,단순 노동자,2.0,사업 2,45,6,17.0,0,17.13376105502164,1.0,사업,5-10Y,8.56688052751082,사업,자영사업,취약_단순
7201,0,여성,1,1,0,13806000.0,연금수령자,고등학교 졸업,기혼,주택 / 아파트,0.0228,0,0,Unknown,2.0,기타 1,60,1000,16.0,0,16.440613910677833,1.0,기타,Retired,8.220306955338916,기타,기타,기타
49151,0,여성,1,1,0,89208000.0,기타,대학교 졸업 이상,별거,주택 / 아파트,0.018209,1,1,회계사,1.0,사업 2,42,2,1.0,0,18.30648129083709,0.0,사업,2-5Y,18.30648129083709,사업,자영사업,안정_전문관리
53096,1,여성,0,0,0,19116000.0,기타,고등학교 졸업,별거,주택 / 아파트,0.018209,1,0,조리사,1.0,유치원,23,1,12.0,0,16.766036290992385,0.0,유치원,Under 2Y,16.766036290992385,유치원,공공안정,취약_서비스
50521,0,남성,0,0,2,53100000.0,근로자,대학교 졸업 이상,기혼,주택 / 아파트,0.0035409999999999,1,0,Unknown,4.0,기타 0,47,3,12.0,2,17.78768750504456,1.0,기타,2-5Y,4.44692187626114,기타,기타,기타
40679,0,여성,0,1,0,31860000.0,연금수령자,고등학교 졸업,기혼,주택 / 아파트,0.026392,0,0,Unknown,2.0,기타 1,61,1000,0.0,0,17.276861893833495,1.0,기타,Retired,8.638430946916747,기타,기타,기타
2868,0,남성,1,1,0,53100000.0,근로자,대학교 졸업 이상,기혼,주택 / 아파트,0.004849,1,0,핵심 노동자,2.0,자영업,54,5,0.0,0,17.78768750504456,1.0,자영업,5-10Y,8.89384375252228,자영업,자영사업,중간_기능
52185,1,여성,0,1,1,53100000.0,근로자,고등학교 졸업,미혼,주택 / 아파트,0.025164,1,0,Unknown,2.0,사업 2,37,9,1.0,1,17.78768750504456,0.0,사업,5-10Y,8.89384375252228,사업,자영사업,기타
53146,0,남성,1,1,0,69030000.0,공무원,대학교 졸업 이상,기혼,주택 / 아파트,0.035792,1,1,핵심 노동자,2.0,학교,39,2,20.0,0,18.050051765166117,1.0,학교,2-5Y,9.025025882583057,학교,공공안정,중간_기능
5819,0,남성,1,1,3,47790000.0,근로자,대학교 중퇴,기혼,주택 / 아파트,0.022625,1,0,관리직,5.0,건설,47,2,4.0,3+,17.682326991479222,1.0,건설,2-5Y,3.5364653982958445,건설,경기민감,안정_전문관리
1536,0,여성,0,1,0,31860000.0,근로자,고등학교 졸업,기혼,주택 / 아파트,0.028663,1,0,영업직,2.0,자영업,44,7,28.0,0,17.276861893833495,1.0,자영업,5-10Y,8.638430946916747,자영업,자영사업,취약_판매
22957,0,남성,1,1,0,53100000.0,근로자,고등학교 졸업,기혼,주택 / 아파트,0.028663,1,0,운전자,2.0,자영업,45,11,17.0,0,17.78768750504456,1.0,자영업,10-20Y,8.89384375252228,자영업,자영사업,취약_기계
38517,0,남성,1,1,0,50976000.0,연금수령자,고등학교 졸업,기혼,주택 / 아파트,0.01885,0,0,Unknown,2.0,기타 1,60,1000,36.0,0,17.746865511308986,1.0,기타,Retired,8.873432755654493,기타,기타,기타
8540,0,여성,0,1,2,21240000.0,근로자,고등학교 졸업,기혼,주택 / 아파트,0.028663,1,0,단순 노동자,4.0,자영업,33,6,14.0,2,16.87139680141899,1.0,자영업,5-10Y,4.217849200354747,자영업,자영사업,취약_단순
53068,0,여성,1,0,0,42480000.0,기타,고등학교 졸업,기혼,공공분양,0.072508,1,0,미화원,2.0,사업 0,57,24,20.0,0,17.564543958438446,1.0,사업,Over 20Y,8.782271979219223,사업,자영사업,취약_단순
49555,0,남성,0,0,0,21240000.0,근로자,대학교 졸업 이상,미혼,주택 / 아파트,0.028663,1,0,기술직,1.0,사업 2,27,0,4.0,0,16.87139680141899,0.0,사업,Under 2Y,16.87139680141899,사업,자영사업,중간_기능
14581,0,여성,0,1,1,21240000.0,기타,고등학교 졸업,사별,주택 / 아파트,0.0096569999999999,1,0,단순 노동자,2.0,사업 2,53,0,26.0,1,16.87139680141899,0.0,사업,Under 2Y,8.435698400709494,사업,자영사업,취약_단순
4657,0,남성,0,0,0,23364000.0,근로자,고등학교 졸업,미혼,주택 / 아파트,0.009549,1,0,단순 노동자,1.0,사업 2,35,16,18.0,0,16.966706976943225,0.0,사업,10-20Y,16.966706976943225,사업,자영사업,취약_단순
20548,0,여성,0,1,1,21240000.0,기타,대학교 중퇴,기혼,주택 / 아파트,0.009175,1,0,Unknown,3.0,사업 2,27,0,12.0,1,16.87139680141899,1.0,사업,Under 2Y,5.62379893380633,사업,자영사업,기타
21888,0,여성,1,0,2,49914000.0,기타,대학교 졸업 이상,기혼,주택 / 아파트,0.026392,1,0,영업직,4.0,사업 2,37,0,0.0,2,17.72581210252854,1.0,사업,Under 2Y,4.431453025632135,사업,자영사업,취약_판매
28345,0,여성,0,1,0,21240000.0,연금수령자,고등학교 졸업,기혼,주택 / 아파트,0.02461,0,0,Unknown,2.0,기타 1,67,1000,29.0,0,16.87139680141899,1.0,기타,Retired,8.435698400709494,기타,기타,기타
7343,0,여성,0,1,0,53100000.0,근로자,고등학교 졸업,별거,주택 / 아파트,0.010032,1,0,영업직,1.0,무역 0,48,10,15.0,0,17.78768750504456,0.0,무역,10-20Y,17.78768750504456,무역,경기민감,취약_판매
16594,0,여성,0,1,0,15930000.0,근로자,고등학교 졸업,기혼,주택 / 아파트,0.0196889999999999,1,0,저임금 노동자,2.0,사업 2,46,19,3.0,0,16.583714744660867,1.0,사업,10-20Y,8.291857372330433,사업,자영사업,취약_단순
34739,0,여성,0,1,0,63720000.0,기타,대학교 졸업 이상,미혼,주택 / 아파트,0.018634,1,0,관리직,1.0,사업 2,31,6,14.0,0,17.97000905869978,0.0,사업,5-10Y,17.97000905869978,사업,자영사업,안정_전문관리
56347,0,여성,0,1,0,127440000.0,근로자,대학교 졸업 이상,기혼,주택 / 아파트,0.005002,1,0,핵심 노동자,2.0,학교,54,31,13.0,0,18.6631562314129,1.0,학교,Over 20Y,9.33157811570645,학교,공공안정,중간_기능
49015,0,여성,0,1,0,53100000.0,근로자,고등학교 졸업,기혼,주택 / 아파트,0.031329,1,0,단순 노동자,2.0,우체부,45,4,23.0,0,17.78768750504456,1.0,우체부,2-5Y,8.89384375252228,우체부,기타,취약_단순
50695,0,여성,0,0,1,21240000.0,근로자,대학교 졸업 이상,사별,공공분양,0.009549,1,0,단순 노동자,2.0,우체부,45,0,10.0,1,16.87139680141899,0.0,우체부,Under 2Y,8.435698400709494,우체부,기타,취약_단순
36464,0,여성,1,1,0,28674000.0,기타,고등학교 졸업,기혼,주택 / 아파트,0.02461,1,0,의료 업계 종사자,2.0,의학,49,7,25.0,0,17.17150138166315,1.0,의학,5-10Y,8.585750690831574,의학,전문금융,안정_전문관리
31967,0,여성,0,1,0,69030000.0,연금수령자,고등학교 졸업,기혼,주택 / 아파트,0.0145199999999999,0,0,Unknown,2.0,기타 1,64,1000,30.0,0,18.050051765166117,1.0,기타,Retired,9.025025882583057,기타,기타,기타
2965,0,여성,0,1,0,37170000.0,근로자,고등학교 졸업,사실혼,주택 / 아파트,0.030755,1,0,Unknown,2.0,정부,54,2,15.0,0,17.43101256917685,1.0,정부,2-5Y,8.715506284588425,정부,공공안정,기타
23146,0,남성,0,1,2,33984000.0,근로자,저학력자,사실혼,주택 / 아파트,0.020246,1,0,단순 노동자,4.0,운송 2,38,3,4.0,2,17.34140041300936,1.0,운송,2-5Y,4.33535010325234,운송,경기민감,취약_단순
55465,1,남성,1,1,0,21240000.0,연금수령자,고등학교 졸업,미혼,주택 / 아파트,0.0228,0,0,Unknown,1.0,기타 1,61,1000,34.0,0,16.87139680141899,0.0,기타,Retired,16.87139680141899,기타,기타,기타
42427,0,여성,0,1,0,37170000.0,근로자,고등학교 졸업,기혼,주택 / 아파트,0.0066709999999999,1,0,핵심 노동자,2.0,학교,60,10,5.0,0,17.43101256917685,1.0,학교,10-20Y,8.715506284588425,학교,공공안정,중간_기능
31322,0,여성,0,1,0,37170000.0,연금수령자,고등학교 졸업,기혼,주택 / 아파트,0.0096569999999999,0,0,Unknown,2.0,기타 1,57,1000,20.0,0,17.43101256917685,1.0,기타,Retired,8.715506284588425,기타,기타,기타
708,0,여성,0,1,0,58410000.0,공무원,고등학교 졸업,사별,주택 / 아파트,0.04622,1,0,운전자,1.0,군대,61,26,23.0,0,17.88299768313685,0.0,군대,Over 20Y,17.88299768313685,군대,공공안정,취약_기계
57388,0,여성,0,1,0,26550000.0,근로자,고등학교 졸업,기혼,주택 / 아파트,0.009175,1,0,영업직,2.0,산업 2,37,12,0.0,0,17.094540343317004,1.0,산업,10-20Y,8.547270171658502,산업,경기민감,취약_판매
47723,0,여성,0,0,1,19116000.0,기타,대학교 졸업 이상,기혼,주택 / 아파트,0.020246,1,0,보안 업계 종사자,3.0,주택,37,1,7.0,1,16.766036290992385,1.0,주택,Under 2Y,5.588678763664128,주택,기타,취약_서비스
23961,0,여성,0,1,0,24426000.0,연금수령자,저학력자,기혼,주택 / 아파트,0.035792,0,0,Unknown,2.0,기타 1,59,1000,11.0,0,17.01115873765315,1.0,기타,Retired,8.505579368826576,기타,기타,기타
44945,0,여성,0,0,0,15930000.0,근로자,고등학교 졸업,사실혼,주택 / 아파트,0.008575,1,0,핵심 노동자,2.0,우체부,45,8,5.0,0,16.583714744660867,1.0,우체부,5-10Y,8.291857372330433,우체부,기타,중간_기능
25687,0,여성,1,1,0,57348000.0,근로자,대학교 졸업 이상,사별,주택 / 아파트,0.0105,1,0,회계사,1.0,주택,62,7,4.0,0,17.864648544785695,0.0,주택,5-10Y,17.864648544785695,주택,기타,안정_전문관리
19632,0,남성,1,1,1,42480000.0,근로자,고등학교 졸업,사실혼,주택 / 아파트,0.032561,1,1,영업직,3.0,기타 0,38,7,11.0,1,17.564543958438446,1.0,기타,5-10Y,5.854847986146148,기타,기타,취약_판매
23842,0,여성,0,1,1,69030000.0,기타,대학교 졸업 이상,미혼,주택 / 아파트,0.04622,1,0,Unknown,2.0,사업 2,52,3,4.0,1,18.050051765166117,0.0,사업,2-5Y,9.025025882583057,사업,자영사업,기타
22041,0,여성,0,1,0,29736000.0,근로자,대학교 졸업 이상,기혼,주택 / 아파트,0.018634,1,0,기술직,2.0,대학교,57,16,11.0,0,17.207869024588497,1.0,대학교,10-20Y,8.603934512294249,대학교,공공안정,중간_기능
31046,0,남성,1,1,1,53100000.0,공무원,대학교 졸업 이상,기혼,주택 / 아파트,0.0145199999999999,1,0,관리직,3.0,경찰,38,13,11.0,1,17.78768750504456,1.0,경찰,10-20Y,5.929229168348186,경찰,공공안정,안정_전문관리
55888,0,여성,0,1,0,15930000.0,연금수령자,고등학교 졸업,기혼,주택 / 아파트,0.026392,0,0,Unknown,2.0,기타 1,63,1000,28.0,0,16.583714744660867,1.0,기타,Retired,8.291857372330433,기타,기타,기타
2949,0,여성,0,0,0,42480000.0,기타,고등학교 졸업,기혼,공공분양,0.04622,1,0,단순 노동자,2.0,사업 2,34,1,18.0,0,17.564543958438446,1.0,사업,Under 2Y,8.782271979219223,사업,자영사업,취약_단순
20027,0,여성,0,1,0,35969940.0,근로자,고등학교 졸업,기혼,주택 / 아파트,0.00712,1,0,핵심 노동자,2.0,학교,57,26,11.0,0,17.398194175414694,1.0,학교,Over 20Y,8.699097087707347,학교,공공안정,중간_기능
49638,0,남성,1,0,0,26550000.0,기타,고등학교 졸업,별거,주택 / 아파트,0.025164,1,0,단순 노동자,1.0,사업 2,26,5,11.0,0,17.094540343317004,0.0,사업,5-10Y,17.094540343317004,사업,자영사업,취약_단순
13511,0,남성,1,1,1,42480000.0,기타,고등학교 졸업,기혼,주택 / 아파트,0.00712,1,0,단순 노동자,3.0,사업 2,33,4,7.0,1,17.564543958438446,1.0,사업,2-5Y,5.854847986146148,사업,자영사업,취약_단순
17271,0,남성,1,1,1,39294000.0,근로자,고등학교 졸업,미혼,주택 / 아파트,0.0196889999999999,1,0,Unknown,2.0,산업 2,47,3,9.0,1,17.486582418877422,0.0,산업,2-5Y,8.743291209438711,산업,경기민감,기타
11200,0,여성,0,1,0,24426000.0,연금수령자,고등학교 졸업,기혼,주택 / 아파트,0.020246,0,0,Unknown,2.0,기타 1,62,1000,35.0,0,17.01115873765315,1.0,기타,Retired,8.505579368826576,기타,기타,기타
6483,0,여성,0,1,0,31860000.0,근로자,대학교 졸업 이상,기혼,주택 / 아파트,0.006305,1,0,Unknown,2.0,기타 0,47,25,7.0,0,17.276861893833495,1.0,기타,Over 20Y,8.638430946916747,기타,기타,기타
7029,0,남성,0,1,0,37170000.0,근로자,고등학교 졸업,기혼,주택 / 아파트,0.028663,1,0,단순 노동자,2.0,사업 2,42,0,13.0,0,17.43101256917685,1.0,사업,Under 2Y,8.715506284588425,사업,자영사업,취약_단순
43447,0,여성,0,1,0,42480000.0,근로자,고등학교 졸업,미혼,주택 / 아파트,0.005002,1,0,기술직,1.0,사업 2,35,1,19.0,0,17.564543958438446,0.0,사업,Under 2Y,17.564543958438446,사업,자영사업,중간_기능
14896,0,여성,0,1,1,12744000.0,근로자,고등학교 졸업,기혼,주택 / 아파트,0.018634,1,0,미화원,3.0,산업 4,25,3,13.0,1,16.360571209040316,1.0,산업,2-5Y,5.453523736346772,산업,경기민감,취약_단순
19559,0,여성,0,1,3,47790000.0,연금수령자,고등학교 졸업,사실혼,주택 / 아파트,0.018029,0,0,Unknown,5.0,기타 1,61,1000,24.0,3+,17.682326991479222,1.0,기타,Retired,3.5364653982958445,기타,기타,기타
5073,0,여성,1,1,0,18054000.0,기타,고등학교 졸업,기혼,주택 / 아파트,0.0096569999999999,1,0,핵심 노동자,2.0,유치원,37,10,13.0,0,16.708877880229622,1.0,유치원,10-20Y,8.354438940114811,유치원,공공안정,중간_기능
51575,1,여성,0,0,0,27612000.0,근로자,고등학교 졸업,미혼,주택 / 아파트,0.00702,1,0,단순 노동자,1.0,산업 3,43,6,21.0,0,17.13376105502164,0.0,산업,5-10Y,17.13376105502164,산업,경기민감,취약_단순
24410,0,여성,0,1,0,47790000.0,연금수령자,고등학교 졸업,미혼,주택 / 아파트,0.011703,0,0,Unknown,1.0,기타 1,57,1000,6.0,0,17.682326991479222,0.0,기타,Retired,17.682326991479222,기타,기타,기타
56032,0,여성,0,1,1,38232000.0,공무원,대학교 졸업 이상,기혼,주택 / 아파트,0.006852,1,0,Unknown,3.0,군대,27,5,5.0,1,17.45918344539623,1.0,군대,5-10Y,5.819727815132077,군대,공공안정,기타
3263,0,여성,0,0,3,15930000.0,근로자,고등학교 졸업,기혼,주택 / 아파트,0.026392,1,0,영업직,5.0,무역 0,32,0,14.0,3+,16.583714744660867,1.0,무역,Under 2Y,3.3167429489321734,무역,경기민감,취약_판매
44206,0,여성,0,1,0,58410000.0,근로자,고등학교 졸업,사실혼,주택 / 아파트,0.04622,1,0,영업직,2.0,사업 2,51,0,8.0,0,17.88299768313685,1.0,사업,Under 2Y,8.941498841568425,사업,자영사업,취약_판매
51403,0,여성,0,1,0,31860000.0,연금수령자,고등학교 졸업,기혼,주택 / 아파트,0.018634,0,0,Unknown,2.0,기타 1,62,1000,38.0,0,17.276861893833495,1.0,기타,Retired,8.638430946916747,기타,기타,기타
58809,0,여성,0,0,1,24426000.0,근로자,고등학교 졸업,사실혼,주택 / 아파트,0.014464,1,0,보안 업계 종사자,3.0,사업 2,35,1,9.0,1,17.01115873765315,1.0,사업,Under 2Y,5.670386245884384,사업,자영사업,취약_서비스
4107,0,여성,0,0,0,21240000.0,근로자,고등학교 졸업,미혼,공공분양,0.022625,1,0,의료 업계 종사자,1.0,사업 2,53,2,10.0,0,16.87139680141899,0.0,사업,2-5Y,16.87139680141899,사업,자영사업,안정_전문관리
52752,0,여성,0,1,0,26550000.0,연금수령자,고등학교 졸업,기혼,주택 / 아파트,0.00733,0,0,Unknown,2.0,기타 1,60,1000,18.0,0,17.094540343317004,1.0,기타,Retired,8.547270171658502,기타,기타,기타
11787,0,여성,0,1,0,37170000.0,근로자,고등학교 졸업,기혼,주택 / 아파트,0.008575,1,0,핵심 노동자,2.0,자영업,30,7,11.0,0,17.43101256917685,1.0,자영업,5-10Y,8.715506284588425,자영업,자영사업,중간_기능
10075,1,여성,0,0,1,26550000.0,근로자,고등학교 졸업,기혼,주택 / 아파트,0.018634,1,0,영업직,3.0,사업 2,43,7,9.0,1,17.094540343317004,1.0,사업,5-10Y,5.698180114439001,사업,자영사업,취약_판매
16300,0,여성,0,1,0,53100000.0,기타,대학교 졸업 이상,별거,아파트 임대,0.00733,1,0,영업직,1.0,사업 2,42,0,0.0,0,17.78768750504456,0.0,사업,Under 2Y,17.78768750504456,사업,자영사업,취약_판매
45244,0,남성,1,1,0,79650000.0,근로자,저학력자,기혼,주택 / 아파트,0.008019,1,0,관리직,2.0,건설,47,3,0.0,0,18.19315260687526,1.0,건설,2-5Y,9.09657630343763,건설,경기민감,안정_전문관리
51655,0,여성,0,0,0,212400000.0,기타,대학교 졸업 이상,기혼,주택 / 아파트,0.003813,1,1,영업직,2.0,사업 2,40,3,4.0,0,19.17398185204016,1.0,사업,2-5Y,9.58699092602008,사업,자영사업,취약_판매
41096,0,남성,1,1,0,31860000.0,근로자,고등학교 졸업,기혼,주택 / 아파트,0.028663,1,0,단순 노동자,2.0,운송 1,49,3,23.0,0,17.276861893833495,1.0,운송,2-5Y,8.638430946916747,운송,경기민감,취약_단순
10241,0,여성,1,0,2,31860000.0,근로자,고등학교 졸업,기혼,주택 / 아파트,0.019101,1,0,영업직,4.0,자영업,38,1,9.0,2,17.276861893833495,1.0,자영업,Under 2Y,4.319215473458374,자영업,자영사업,취약_판매
53029,0,여성,1,0,0,74340000.0,기타,고등학교 졸업,기혼,주택 / 아파트,0.072508,1,0,단순 노동자,2.0,자영업,44,6,0.0,0,18.124159736285087,1.0,자영업,5-10Y,9.062079868142543,자영업,자영사업,취약_단순
6019,0,여성,0,1,0,25488000.0,근로자,고등학교 졸업,별거,주택 / 아파트,0.005144,1,0,핵심 노동자,1.0,유치원,41,8,17.0,0,17.053718350366115,0.0,유치원,5-10Y,17.053718350366115,유치원,공공안정,중간_기능
56388,0,남성,1,0,0,26550000.0,기타,고등학교 졸업,사실혼,주택 / 아파트,0.035792,1,0,기술직,2.0,자영업,23,3,8.0,0,17.094540343317004,1.0,자영업,2-5Y,8.547270171658502,자영업,자영사업,중간_기능
6757,0,여성,0,1,0,90270000.0,연금수령자,대학교 졸업 이상,기혼,주택 / 아파트,0.003069,0,0,Unknown,2.0,기타 1,53,1000,7.0,0,18.318315748352216,1.0,기타,Retired,9.159157874176108,기타,기타,기타
14492,0,남성,1,1,0,60534000.0,근로자,고등학교 졸업,기혼,주택 / 아파트,0.0066709999999999,1,0,운전자,2.0,자영업,48,2,0.0,0,17.918715765138213,1.0,자영업,2-5Y,8.959357882569106,자영업,자영사업,취약_기계
12792,0,남성,1,1,1,29736000.0,기타,대학교 졸업 이상,별거,주택 / 아파트,0.032561,1,0,Unknown,2.0,사업 2,38,0,1.0,1,17.207869024588497,0.0,사업,Under 2Y,8.603934512294249,사업,자영사업,기타
11665,0,여성,0,1,0,33984000.0,연금수령자,대학교 졸업 이상,기혼,주택 / 아파트,0.016612,0,0,Unknown,2.0,기타 1,59,1000,5.0,0,17.34140041300936,1.0,기타,Retired,8.67070020650468,기타,기타,기타
14304,0,여성,0,1,2,42480000.0,근로자,대학교 졸업 이상,기혼,주택 / 아파트,0.035792,1,0,회계사,4.0,자영업,35,1,14.0,2,17.564543958438446,1.0,자영업,Under 2Y,4.391135989609611,자영업,자영사업,안정_전문관리
41970,0,여성,1,0,0,21240000.0,연금수령자,고등학교 졸업,사실혼,주택 / 아파트,0.016612,0,0,Unknown,2.0,기타 1,60,1000,18.0,0,16.87139680141899,1.0,기타,Retired,8.435698400709494,기타,기타,기타
45194,0,남성,1,1,0,31860000.0,기타,고등학교 졸업,기혼,주택 / 아파트,0.035792,1,0,단순 노동자,2.0,사업 2,53,8,19.0,0,17.276861893833495,1.0,사업,5-10Y,8.638430946916747,사업,자영사업,취약_단순
2726,0,여성,1,1,3,21240000.0,근로자,고등학교 졸업,기혼,주택 / 아파트,0.00963,1,0,비서,5.0,의학,33,8,2.0,3+,16.87139680141899,1.0,의학,5-10Y,3.374279360283798,의학,전문금융,안정_사무
17874,0,여성,0,1,0,26550000.0,공무원,고등학교 졸업,기혼,오피스텔,0.025164,1,0,Unknown,2.0,학교,41,9,9.0,0,17.094540343317004,1.0,학교,5-10Y,8.547270171658502,학교,공공안정,기타
23314,0,여성,0,1,0,15930000.0,연금수령자,고등학교 졸업,사별,주택 / 아파트,0.020246,0,0,Unknown,1.0,기타 1,63,1000,26.0,0,16.583714744660867,0.0,기타,Retired,16.583714744660867,기타,기타,기타
26471,0,남성,1,0,2,26550000.0,근로자,대학교 중퇴,기혼,주택 / 아파트,0.025164,1,0,단순 노동자,4.0,주택,34,1,2.0,2,17.094540343317004,1.0,주택,Under 2Y,4.273635085829251,주택,기타,취약_단순
46177,0,남성,1,1,0,91332000.0,근로자,고등학교 졸업,기혼,주택 / 아파트,0.016612,1,0,단순 노동자,2.0,산업 7,27,8,12.0,0,18.330011787986592,1.0,산업,5-10Y,9.165005893993296,산업,경기민감,취약_단순
18476,0,여성,0,1,0,33984000.0,기타,고등학교 졸업,기혼,주택 / 아파트,0.010147,1,0,미화원,2.0,사업 2,48,15,27.0,0,17.34140041300936,1.0,사업,10-20Y,8.67070020650468,사업,자영사업,취약_단순
55096,0,여성,1,1,0,42480000.0,근로자,고등학교 졸업,기혼,주택 / 아파트,0.009175,1,0,조리사,2.0,유치원,48,4,27.0,0,17.564543958438446,1.0,유치원,2-5Y,8.782271979219223,유치원,공공안정,취약_서비스
31723,0,남성,0,1,1,37170000.0,기타,고등학교 졸업,별거,주택 / 아파트,0.022625,1,0,보안 업계 종사자,2.0,정부,45,10,25.0,1,17.43101256917685,0.0,정부,10-20Y,8.715506284588425,정부,공공안정,취약_서비스
15425,0,여성,0,1,0,31860000.0,연금수령자,대학교 졸업 이상,기혼,주택 / 아파트,0.028663,0,0,Unknown,2.0,기타 1,66,1000,2.0,0,17.276861893833495,1.0,기타,Retired,8.638430946916747,기타,기타,기타
8473,0,여성,0,0,0,42480000.0,근로자,고등학교 졸업,미혼,주택 / 아파트,0.035792,1,0,영업직,1.0,사업 2,42,1,26.0,0,17.564543958438446,0.0,사업,Under 2Y,17.564543958438446,사업,자영사업,취약_판매
17836,1,여성,0,1,0,63720000.0,연금수령자,고등학교 졸업,별거,주택 / 아파트,0.032561,0,0,Unknown,1.0,기타 1,49,1000,10.0,0,17.97000905869978,0.0,기타,Retired,17.97000905869978,기타,기타,기타
52418,0,남성,1,0,0,37170000.0,근로자,대학교 졸업 이상,기혼,공공분양,0.009549,1,0,단순 노동자,2.0,사업 2,47,4,17.0,0,17.43101256917685,1.0,사업,2-5Y,8.715506284588425,사업,자영사업,취약_단순
36554,0,여성,1,1,2,31860000.0,근로자,고등학교 졸업,기혼,주택 / 아파트,0.025164,1,0,관리직,4.0,자영업,38,3,0.0,2,17.276861893833495,1.0,자영업,2-5Y,4.319215473458374,자영업,자영사업,안정_전문관리
19501,0,남성,1,1,2,37170000.0,근로자,고등학교 졸업,미혼,주택 / 아파트,0.031329,1,0,단순 노동자,3.0,기타 0,41,13,21.0,2,17.43101256917685,0.0,기타,10-20Y,5.810337523058951,기타,기타,취약_단순
6065,1,여성,0,0,0,25488000.0,근로자,고등학교 졸업,기혼,주택 / 아파트,0.019101,1,0,영업직,2.0,무역 0,39,0,20.0,0,17.053718350366115,1.0,무역,Under 2Y,8.526859175183057,무역,경기민감,취약_판매
7743,0,남성,1,1,0,58410000.0,연금수령자,대학교 졸업 이상,기혼,주택 / 아파트,0.006852,0,0,Unknown,2.0,기타 1,62,1000,16.0,0,17.88299768313685,1.0,기타,Retired,8.941498841568425,기타,기타,기타
44807,0,남성,1,1,2,40356000.0,근로자,고등학교 졸업,기혼,주택 / 아파트,0.031329,1,0,운전자,4.0,사업 2,31,9,9.0,2,17.51325066528987,1.0,사업,5-10Y,4.378312666322468,사업,자영사업,취약_기계
17418,0,남성,0,0,0,35046000.0,연금수령자,대학교 졸업 이상,기혼,주택 / 아파트,0.072508,0,0,Unknown,2.0,기타 1,67,1000,17.0,0,17.372172070784426,1.0,기타,Retired,8.686086035392213,기타,기타,기타
21084,0,남성,1,1,0,21240000.0,근로자,고등학교 졸업,기혼,주택 / 아파트,0.020713,1,0,단순 노동자,2.0,주택,32,14,2.0,0,16.87139680141899,1.0,주택,10-20Y,8.435698400709494,주택,기타,취약_단순
19174,0,남성,1,0,0,79650000.0,근로자,고등학교 졸업,기혼,주택 / 아파트,0.028663,1,0,단순 노동자,2.0,사업 2,50,1,21.0,0,18.19315260687526,1.0,사업,Under 2Y,9.09657630343763,사업,자영사업,취약_단순
31043,1,여성,0,1,0,37170000.0,근로자,고등학교 졸업,기혼,주택 / 아파트,0.004849,1,0,단순 노동자,2.0,사업 2,41,1,14.0,0,17.43101256917685,1.0,사업,Under 2Y,8.715506284588425,사업,자영사업,취약_단순
41713,0,여성,0,0,1,37170000.0,공무원,고등학교 졸업,기혼,주택 / 아파트,0.010556,1,0,의료 업계 종사자,3.0,의학,37,9,19.0,1,17.43101256917685,1.0,의학,5-10Y,5.810337523058951,의학,전문금융,안정_전문관리
57291,0,여성,1,0,0,31860000.0,공무원,고등학교 졸업,별거,주택 / 아파트,0.028663,1,0,의료 업계 종사자,1.0,호텔,42,13,18.0,0,17.276861893833495,0.0,호텔,10-20Y,17.276861893833495,호텔,서비스요식,안정_전문관리
31765,1,여성,1,1,1,37170000.0,근로자,고등학교 졸업,기혼,주택 / 아파트,0.035792,1,0,회계사,3.0,기타 0,37,0,1.0,1,17.43101256917685,1.0,기타,Under 2Y,5.810337523058951,기타,기타,안정_전문관리
58259,0,여성,0,1,0,36108000.0,연금수령자,고등학교 졸업,사별,주택 / 아파트,0.018634,0,0,Unknown,1.0,기타 1,62,1000,36.0,0,17.402025033094876,0.0,기타,Retired,17.402025033094876,기타,기타,기타
51186,0,여성,0,1,0,35046000.0,기타,고등학교 졸업,별거,주택 / 아파트,0.011703,1,0,영업직,1.0,무역 0,54,1,16.0,0,17.372172070784426,0.0,무역,Under 2Y,17.372172070784426,무역,경기민감,취약_판매
58309,0,여성,0,0,0,26550000.0,근로자,고등학교 졸업,사실혼,주택 / 아파트,0.018209,1,0,기술직,2.0,의학,31,11,5.0,0,17.094540343317004,1.0,의학,10-20Y,8.547270171658502,의학,전문금융,중간_기능
24632,0,여성,1,1,1,26550000.0,기타,대학교 졸업 이상,기혼,주택 / 아파트,0.035792,1,0,핵심 노동자,3.0,사업 2,32,2,6.0,1,17.094540343317004,1.0,사업,2-5Y,5.698180114439001,사업,자영사업,중간_기능
48682,0,여성,0,1,1,31860000.0,근로자,고등학교 졸업,미혼,주택 / 아파트,0.035792,1,0,핵심 노동자,2.0,유치원,60,4,25.0,1,17.276861893833495,0.0,유치원,2-5Y,8.638430946916747,유치원,공공안정,중간_기능
38983,0,여성,0,1,0,37170000.0,근로자,대학교 중퇴,기혼,주택 / 아파트,0.020713,1,0,관리직,2.0,운송 2,34,13,0.0,0,17.43101256917685,1.0,운송,10-20Y,8.715506284588425,운송,경기민감,안정_전문관리
55174,0,남성,0,1,0,21240000.0,근로자,고등학교 졸업,기혼,주택 / 아파트,0.009549,1,0,조리사,2.0,사업 2,40,9,7.0,0,16.87139680141899,1.0,사업,5-10Y,8.435698400709494,사업,자영사업,취약_서비스
890,0,여성,0,0,0,31860000.0,연금수령자,고등학교 졸업,기혼,주택 / 아파트,0.0145199999999999,0,0,Unknown,2.0,기타 1,65,1000,41.0,0,17.276861893833495,1.0,기타,Retired,8.638430946916747,기타,기타,기타
33946,0,여성,0,1,0,74340000.0,연금수령자,고등학교 졸업,사실혼,주택 / 아파트,0.007114,0,1,Unknown,2.0,기타 1,58,1000,11.0,0,18.124159736285087,1.0,기타,Retired,9.062079868142543,기타,기타,기타
20333,0,여성,0,1,0,31860000.0,근로자,대학교 졸업 이상,사별,주택 / 아파트,0.00823,1,0,Unknown,1.0,기타 0,63,1,35.0,0,17.276861893833495,0.0,기타,Under 2Y,17.276861893833495,기타,기타,기타
1554,0,남성,0,1,0,82836000.0,근로자,고등학교 졸업,기혼,주택 / 아파트,0.026392,1,0,단순 노동자,2.0,기타 0,57,37,14.0,0,18.23237331954566,1.0,기타,Over 20Y,9.11618665977283,기타,기타,취약_단순
27756,0,남성,0,1,2,26550000.0,근로자,고등학교 졸업,기혼,주택 / 아파트,0.020246,1,0,미화원,4.0,건설,26,2,2.0,2,17.094540343317004,1.0,건설,2-5Y,4.273635085829251,건설,경기민감,취약_단순
55749,0,여성,0,1,0,26550000.0,근로자,고등학교 졸업,별거,주택 / 아파트,0.009175,1,0,기술직,1.0,대학교,60,33,7.0,0,17.094540343317004,0.0,대학교,Over 20Y,17.094540343317004,대학교,공공안정,중간_기능
8925,0,남성,1,1,0,84960000.0,기타,대학교 졸업 이상,기혼,주택 / 아파트,0.072508,1,0,단순 노동자,2.0,사업 2,53,1,0.0,0,18.25769112722815,1.0,사업,Under 2Y,9.128845563614076,사업,자영사업,취약_단순
8960,0,여성,0,0,0,26550000.0,기타,고등학교 졸업,별거,주택 / 아파트,0.008068,1,0,Unknown,1.0,운송 1,42,5,6.0,0,17.094540343317004,0.0,운송,5-10Y,17.094540343317004,운송,경기민감,기타
29653,0,여성,0,1,0,21240000.0,근로자,대학교 졸업 이상,미혼,주택 / 아파트,0.009175,1,0,Unknown,1.0,사업 2,45,9,10.0,0,16.87139680141899,0.0,사업,5-10Y,16.87139680141899,사업,자영사업,기타
15020,0,여성,0,1,1,16992000.0,근로자,고등학교 졸업,기혼,주택 / 아파트,0.016612,1,0,단순 노동자,3.0,사업 2,43,6,16.0,1,16.648253261875023,1.0,사업,5-10Y,5.549417753958341,사업,자영사업,취약_단순
58352,0,남성,1,1,1,37170000.0,근로자,대학교 졸업 이상,기혼,주택 / 아파트,0.028663,1,1,영업직,3.0,사업 2,27,0,6.0,1,17.43101256917685,1.0,사업,Under 2Y,5.810337523058951,사업,자영사업,취약_판매
1792,0,여성,0,1,0,53100000.0,기타,고등학교 졸업,기혼,주택 / 아파트,0.04622,1,0,Unknown,2.0,무역 6,53,14,25.0,0,17.78768750504456,1.0,무역,10-20Y,8.89384375252228,무역,경기민감,기타
19593,0,남성,1,0,0,47790000.0,근로자,고등학교 졸업,기혼,주택 / 아파트,0.0228,1,0,단순 노동자,2.0,운송 1,43,6,18.0,0,17.682326991479222,1.0,운송,5-10Y,8.841163495739611,운송,경기민감,취약_단순
42121,0,여성,0,1,0,37170000.0,기타,고등학교 졸업,기혼,주택 / 아파트,0.010556,1,0,미화원,2.0,학교,67,9,36.0,0,17.43101256917685,1.0,학교,5-10Y,8.715506284588425,학교,공공안정,취약_단순
41358,0,여성,0,1,0,26550000.0,연금수령자,고등학교 졸업,별거,주택 / 아파트,0.018634,0,0,Unknown,1.0,기타 1,60,1000,0.0,0,17.094540343317004,0.0,기타,Retired,17.094540343317004,기타,기타,기타
35084,0,여성,1,1,0,53100000.0,근로자,고등학교 졸업,기혼,주택 / 아파트,0.00733,1,0,단순 노동자,2.0,농업,50,24,24.0,0,17.78768750504456,1.0,농업,Over 20Y,8.89384375252228,농업,기타,취약_단순
18670,0,여성,1,0,2,26550000.0,기타,대학교 졸업 이상,기혼,주택 / 아파트,0.00496,1,1,Unknown,4.0,사업 0,39,6,4.0,2,17.094540343317004,1.0,사업,5-10Y,4.273635085829251,사업,자영사업,기타
31611,1,남성,0,1,0,74340000.0,근로자,고등학교 졸업,기혼,주택 / 아파트,0.02461,1,0,운전자,2.0,사업 2,37,2,1.0,0,18.124159736285087,1.0,사업,2-5Y,9.062079868142543,사업,자영사업,취약_기계
29089,1,남성,1,1,0,40356000.0,근로자,대학교 졸업 이상,사실혼,주택 / 아파트,0.008625,1,0,단순 노동자,2.0,건설,27,1,11.0,0,17.51325066528987,1.0,건설,Under 2Y,8.756625332644935,건설,경기민감,취약_단순
3136,0,여성,0,1,0,31860000.0,연금수령자,고등학교 졸업,별거,주택 / 아파트,0.010032,0,1,Unknown,1.0,기타 1,62,1000,22.0,0,17.276861893833495,0.0,기타,Retired,17.276861893833495,기타,기타,기타
56152,0,남성,0,1,0,31860000.0,기타,고등학교 졸업,사실혼,주택 / 아파트,0.0096569999999999,1,0,운전자,2.0,자영업,45,5,9.0,0,17.276861893833495,1.0,자영업,5-10Y,8.638430946916747,자영업,자영사업,취약_기계
29370,0,여성,0,1,0,31860000.0,연금수령자,고등학교 졸업,사별,주택 / 아파트,0.02461,0,0,Unknown,1.0,기타 1,62,1000,4.0,0,17.276861893833495,0.0,기타,Retired,17.276861893833495,기타,기타,기타
25149,0,여성,0,1,0,21240000.0,근로자,고등학교 졸업,사별,주택 / 아파트,0.026392,1,0,단순 노동자,1.0,사업 0,65,45,19.0,0,16.87139680141899,0.0,사업,Over 20Y,16.87139680141899,사업,자영사업,취약_단순
11265,0,남성,1,1,1,24426000.0,근로자,고등학교 졸업,기혼,주택 / 아파트,0.028663,1,0,단순 노동자,3.0,자영업,42,2,8.0,1,17.01115873765315,1.0,자영업,2-5Y,5.670386245884384,자영업,자영사업,취약_단순
5981,1,여성,0,1,0,26550000.0,근로자,고등학교 졸업,기혼,주택 / 아파트,0.011703,1,0,미화원,2.0,무역 0,61,6,24.0,0,17.094540343317004,1.0,무역,5-10Y,8.547270171658502,무역,경기민감,취약_단순
32570,0,남성,0,1,1,26550000.0,근로자,고등학교 졸업,기혼,주택 / 아파트,0.022625,1,0,단순 노동자,3.0,사업 2,45,4,29.0,1,17.094540343317004,1.0,사업,2-5Y,5.698180114439001,사업,자영사업,취약_단순
19815,0,여성,0,1,2,53100000.0,근로자,대학교 졸업 이상,기혼,주택 / 아파트,0.010006,1,0,관리직,4.0,무역 0,47,10,0.0,2,17.78768750504456,1.0,무역,10-20Y,4.44692187626114,무역,경기민감,안정_전문관리
6558,0,남성,1,1,0,63720000.0,기타,고등학교 졸업,기혼,주택 / 아파트,0.035792,1,0,보안 업계 종사자,2.0,보안,35,1,8.0,0,17.97000905869978,1.0,보안,Under 2Y,8.98500452934989,보안,서비스요식,취약_서비스
53471,0,여성,0,1,0,74340000.0,근로자,대학교 졸업 이상,기혼,주택 / 아파트,0.010032,1,0,Unknown,2.0,기타 0,49,8,14.0,0,18.124159736285087,1.0,기타,5-10Y,9.062079868142543,기타,기타,기타
35232,1,여성,0,1,0,25488000.0,연금수령자,고등학교 졸업,기혼,주택 / 아파트,0.022625,0,0,Unknown,2.0,기타 1,55,1000,27.0,0,17.053718350366115,1.0,기타,Retired,8.526859175183057,기타,기타,기타
11890,0,여성,0,1,2,23364000.0,근로자,고등학교 졸업,기혼,주택 / 아파트,0.01885,1,0,Unknown,4.0,의학,38,1,2.0,2,16.966706976943225,1.0,의학,Under 2Y,4.241676744235806,의학,전문금융,기타
28372,0,남성,1,1,0,53100000.0,근로자,고등학교 졸업,기혼,주택 / 아파트,0.0116569999999999,1,0,단순 노동자,2.0,사업 1,29,5,4.0,0,17.78768750504456,1.0,사업,5-10Y,8.89384375252228,사업,자영사업,취약_단순
35107,0,여성,0,1,1,24426000.0,기타,고등학교 졸업,기혼,주택 / 아파트,0.025164,1,0,Unknown,3.0,운송 1,44,5,18.0,1,17.01115873765315,1.0,운송,5-10Y,5.670386245884384,운송,경기민감,기타
43560,0,여성,0,1,1,31860000.0,기타,대학교 졸업 이상,별거,주택 / 아파트,0.008575,1,0,핵심 노동자,2.0,무역 2,29,2,2.0,1,17.276861893833495,0.0,무역,2-5Y,8.638430946916747,무역,경기민감,중간_기능
44471,0,여성,0,1,3,33984000.0,공무원,고등학교 졸업,기혼,주택 / 아파트,0.020713,1,0,의료 업계 종사자,5.0,기타 0,45,7,16.0,3+,17.34140041300936,1.0,기타,5-10Y,3.468280082601872,기타,기타,안정_전문관리
41027,0,여성,0,1,1,45666000.0,근로자,고등학교 졸업,기혼,주택 / 아파트,0.003069,1,0,Unknown,3.0,자영업,44,5,12.0,1,17.636864618375714,1.0,자영업,5-10Y,5.878954872791905,자영업,자영사업,기타
49397,0,여성,1,0,0,42480000.0,기타,고등학교 졸업,기혼,공공분양,0.018801,1,0,영업직,2.0,사업 2,47,0,2.0,0,17.564543958438446,1.0,사업,Under 2Y,8.782271979219223,사업,자영사업,취약_판매
37836,0,여성,0,1,0,47790000.0,근로자,대학교 졸업 이상,별거,주택 / 아파트,0.018634,1,0,관리직,1.0,사업 2,47,10,12.0,0,17.682326991479222,0.0,사업,10-20Y,17.682326991479222,사업,자영사업,안정_전문관리
32054,0,여성,0,1,1,21240000.0,공무원,대학교 졸업 이상,미혼,주택 / 아파트,0.011703,1,0,핵심 노동자,2.0,정부,48,18,25.0,1,16.87139680141899,0.0,정부,10-20Y,8.435698400709494,정부,공공안정,중간_기능
36112,0,남성,1,0,0,26550000.0,근로자,고등학교 졸업,기혼,주택 / 아파트,0.030755,1,0,저임금 노동자,2.0,기타 0,45,9,4.0,0,17.094540343317004,1.0,기타,5-10Y,8.547270171658502,기타,기타,취약_단순
24725,0,남성,1,0,0,31860000.0,근로자,대학교 중퇴,기혼,주택 / 아파트,0.030755,1,0,관리직,2.0,사업 2,45,7,24.0,0,17.276861893833495,1.0,사업,5-10Y,8.638430946916747,사업,자영사업,안정_전문관리
19334,0,여성,0,1,0,42480000.0,근로자,고등학교 졸업,별거,주택 / 아파트,0.018209,1,0,조리사,1.0,사업 2,35,3,16.0,0,17.564543958438446,0.0,사업,2-5Y,17.564543958438446,사업,자영사업,취약_서비스
38337,0,남성,0,1,1,37170000.0,근로자,고등학교 졸업,기혼,주택 / 아파트,0.0105,1,0,핵심 노동자,3.0,무역 2,28,3,11.0,1,17.43101256917685,1.0,무역,2-5Y,5.810337523058951,무역,경기민감,중간_기능
25861,0,여성,0,1,0,42480000.0,근로자,대학교 졸업 이상,사실혼,주택 / 아파트,0.018801,1,0,영업직,2.0,사업 2,34,3,16.0,0,17.564543958438446,1.0,사업,2-5Y,8.782271979219223,사업,자영사업,취약_판매
59051,0,여성,0,1,0,37170000.0,근로자,고등학교 졸업,기혼,주택 / 아파트,0.008019,1,0,보안 업계 종사자,2.0,사업 2,51,0,18.0,0,17.43101256917685,1.0,사업,Under 2Y,8.715506284588425,사업,자영사업,취약_서비스
27225,0,여성,0,1,0,49914000.0,근로자,고등학교 졸업,별거,주택 / 아파트,0.030755,1,0,영업직,1.0,기타 0,42,2,21.0,0,17.72581210252854,0.0,기타,2-5Y,17.72581210252854,기타,기타,취약_판매
57142,0,남성,0,0,1,53100000.0,근로자,고등학교 졸업,기혼,주택 / 아파트,0.030755,1,1,운전자,3.0,사업 2,35,7,6.0,1,17.78768750504456,1.0,사업,5-10Y,5.929229168348186,사업,자영사업,취약_기계
55566,0,여성,0,1,0,42480000.0,근로자,고등학교 졸업,사별,주택 / 아파트,0.028663,1,0,영업직,1.0,자영업,54,5,33.0,0,17.564543958438446,0.0,자영업,5-10Y,17.564543958438446,자영업,자영사업,취약_판매
19375,0,여성,0,1,0,42480000.0,근로자,고등학교 졸업,사실혼,주택 / 아파트,0.030755,1,0,단순 노동자,2.0,자영업,52,2,34.0,0,17.564543958438446,1.0,자영업,2-5Y,8.782271979219223,자영업,자영사업,취약_단순
16495,0,여성,1,1,0,30798000.0,근로자,고등학교 졸업,기혼,주택 / 아파트,0.003813,1,0,단순 노동자,2.0,자영업,31,7,16.0,0,17.242960343240135,1.0,자영업,5-10Y,8.621480171620068,자영업,자영사업,취약_단순
38287,0,남성,1,1,0,84960000.0,기타,고등학교 졸업,미혼,주택 / 아파트,0.04622,1,0,단순 노동자,1.0,사업 2,49,0,28.0,0,18.25769112722815,0.0,사업,Under 2Y,18.25769112722815,사업,자영사업,취약_단순
23899,0,여성,0,1,0,27612000.0,근로자,고등학교 졸업,미혼,주택 / 아파트,0.018634,1,0,Unknown,1.0,학교,33,15,17.0,0,17.13376105502164,0.0,학교,10-20Y,17.13376105502164,학교,공공안정,기타
11943,0,여성,0,0,0,37170000.0,연금수령자,고등학교 졸업,사실혼,주택 / 아파트,0.009175,0,0,Unknown,2.0,기타 1,61,1000,0.0,0,17.43101256917685,1.0,기타,Retired,8.715506284588425,기타,기타,기타
3584,0,여성,0,1,1,21240000.0,근로자,대학교 졸업 이상,미혼,주택 / 아파트,0.0060079999999999,1,0,핵심 노동자,2.0,학교,41,19,1.0,1,16.87139680141899,0.0,학교,10-20Y,8.435698400709494,학교,공공안정,중간_기능
29209,0,여성,0,1,1,25488000.0,근로자,고등학교 졸업,미혼,공공분양,0.010006,1,0,조리사,2.0,학교,31,7,7.0,1,17.053718350366115,0.0,학교,5-10Y,8.526859175183057,학교,공공안정,취약_서비스
59221,0,여성,1,1,1,31860000.0,근로자,대학교 졸업 이상,기혼,주택 / 아파트,0.0088659999999999,1,0,Unknown,3.0,산업 3,32,3,24.0,1,17.276861893833495,1.0,산업,2-5Y,5.758953964611165,산업,경기민감,기타
59903,0,여성,0,1,0,60534000.0,기타,고등학교 졸업,미혼,주택 / 아파트,0.026392,1,0,의료 업계 종사자,1.0,의학,42,14,17.0,0,17.918715765138213,0.0,의학,10-20Y,17.918715765138213,의학,전문금융,안정_전문관리
43815,0,남성,1,0,0,95580000.0,기타,대학교 졸업 이상,기혼,주택 / 아파트,0.072508,1,0,영업직,2.0,사업 2,32,4,15.0,0,18.37547416157673,1.0,사업,2-5Y,9.187737080788365,사업,자영사업,취약_판매
38813,0,여성,1,0,0,53100000.0,연금수령자,고등학교 졸업,기혼,주택 / 아파트,0.007305,0,0,Unknown,2.0,기타 1,57,1000,0.0,0,17.78768750504456,1.0,기타,Retired,8.89384375252228,기타,기타,기타
25541,0,여성,0,0,1,45666000.0,공무원,대학교 졸업 이상,기혼,주택 / 아파트,0.022625,1,0,회계사,3.0,의학,27,4,12.0,1,17.636864618375714,1.0,의학,2-5Y,5.878954872791905,의학,전문금융,안정_전문관리
31907,0,여성,1,1,0,37170000.0,공무원,대학교 졸업 이상,기혼,주택 / 아파트,0.031329,1,0,핵심 노동자,2.0,학교,47,25,13.0,0,17.43101256917685,1.0,학교,Over 20Y,8.715506284588425,학교,공공안정,중간_기능
12570,0,여성,0,1,2,13806000.0,공무원,고등학교 졸업,기혼,주택 / 아파트,0.015221,1,0,의료 업계 종사자,4.0,의학,43,13,20.0,2,16.440613910677833,1.0,의학,10-20Y,4.110153477669458,의학,전문금융,안정_전문관리
42580,1,여성,0,1,0,37170000.0,연금수령자,고등학교 졸업,기혼,주택 / 아파트,0.031329,0,0,Unknown,2.0,기타 1,60,1000,2.0,0,17.43101256917685,1.0,기타,Retired,8.715506284588425,기타,기타,기타
34092,0,여성,0,0,0,26550000.0,근로자,고등학교 졸업,기혼,주택 / 아파트,0.0066709999999999,1,0,핵심 노동자,2.0,정부,57,11,5.0,0,17.094540343317004,1.0,정부,10-20Y,8.547270171658502,정부,공공안정,중간_기능
7680,0,여성,0,1,0,29736000.0,기타,고등학교 졸업,기혼,주택 / 아파트,0.019101,1,0,단순 노동자,2.0,주택,48,3,2.0,0,17.207869024588497,1.0,주택,2-5Y,8.603934512294249,주택,기타,취약_단순
10163,0,여성,0,1,0,15930000.0,연금수령자,고등학교 졸업,사별,주택 / 아파트,0.011703,0,0,Unknown,1.0,기타 1,67,1000,12.0,0,16.583714744660867,0.0,기타,Retired,16.583714744660867,기타,기타,기타
43229,0,여성,1,1,3,42480000.0,근로자,대학교 졸업 이상,기혼,주택 / 아파트,0.026392,1,0,Unknown,5.0,기타 0,39,20,4.0,3+,17.564543958438446,1.0,기타,Over 20Y,3.512908791687689,기타,기타,기타
8478,0,남성,0,1,0,66906000.0,기타,고등학교 졸업,미혼,주택 / 아파트,0.010276,1,1,단순 노동자,1.0,사업 2,29,7,14.0,0,18.018799222121896,0.0,사업,5-10Y,18.018799222121896,사업,자영사업,취약_단순
34921,0,여성,0,0,0,46728000.0,공무원,고등학교 졸업,기혼,주택 / 아파트,0.002042,1,0,Unknown,2.0,기타 0,52,12,31.0,0,17.659854136102727,1.0,기타,10-20Y,8.829927068051363,기타,기타,기타
32397,0,여성,1,1,0,37170000.0,근로자,대학교 졸업 이상,기혼,주택 / 아파트,0.016612,1,0,Unknown,2.0,사업 2,42,3,0.0,0,17.43101256917685,1.0,사업,2-5Y,8.715506284588425,사업,자영사업,기타
30057,0,여성,0,1,0,31860000.0,근로자,고등학교 졸업,기혼,주택 / 아파트,0.01885,1,1,조리사,2.0,무역 3,29,3,1.0,0,17.276861893833495,1.0,무역,2-5Y,8.638430946916747,무역,경기민감,취약_서비스
10742,0,여성,0,0,2,27612000.0,근로자,대학교 졸업 이상,기혼,주택 / 아파트,0.005002,1,0,영업직,4.0,자영업,32,3,15.0,2,17.13376105502164,1.0,자영업,2-5Y,4.28344026375541,자영업,자영사업,취약_판매
57392,0,남성,1,1,1,95580000.0,근로자,대학교 졸업 이상,기혼,주택 / 아파트,0.018801,1,0,관리직,3.0,사업 2,47,9,27.0,1,18.37547416157673,1.0,사업,5-10Y,6.125158053858908,사업,자영사업,안정_전문관리
55368,0,남성,1,0,0,47790000.0,연금수령자,대학교 졸업 이상,별거,주택 / 아파트,0.019101,0,0,Unknown,1.0,기타 1,55,1000,33.0,0,17.682326991479222,0.0,기타,Retired,17.682326991479222,기타,기타,기타
27833,0,남성,1,1,1,42480000.0,기타,대학교 중퇴,기혼,주택 / 아파트,0.031329,1,1,핵심 노동자,3.0,운송 1,44,2,2.0,1,17.564543958438446,1.0,운송,2-5Y,5.854847986146148,운송,경기민감,중간_기능
17277,0,여성,0,0,0,49914000.0,근로자,대학교 졸업 이상,미혼,아파트 임대,0.018801,1,1,Unknown,1.0,사업 2,27,2,1.0,0,17.72581210252854,0.0,사업,2-5Y,17.72581210252854,사업,자영사업,기타
49542,0,남성,0,1,0,26550000.0,근로자,고등학교 졸업,사실혼,주택 / 아파트,0.00702,1,0,단순 노동자,2.0,자영업,44,2,15.0,0,17.094540343317004,1.0,자영업,2-5Y,8.547270171658502,자영업,자영사업,취약_단순
14411,0,여성,0,1,0,26550000.0,연금수령자,고등학교 졸업,별거,주택 / 아파트,0.026392,0,0,Unknown,1.0,기타 1,59,1000,29.0,0,17.094540343317004,0.0,기타,Retired,17.094540343317004,기타,기타,기타
22955,0,남성,1,1,4,37170000.0,근로자,고등학교 졸업,기혼,주택 / 아파트,0.019101,1,0,운전자,6.0,산업 10,32,11,3.0,3+,17.43101256917685,1.0,산업,10-20Y,2.9051687615294752,산업,경기민감,취약_기계
36330,0,여성,0,1,0,26550000.0,근로자,고등학교 졸업,별거,주택 / 아파트,0.020713,1,0,영업직,1.0,사업 2,29,1,11.0,0,17.094540343317004,0.0,사업,Under 2Y,17.094540343317004,사업,자영사업,취약_판매
35555,0,남성,0,0,0,28674000.0,기타,고등학교 졸업,기혼,주택 / 아파트,0.0196889999999999,1,0,Unknown,2.0,건설,62,10,19.0,0,17.17150138166315,1.0,건설,10-20Y,8.585750690831574,건설,경기민감,기타
52284,0,남성,0,1,0,26550000.0,근로자,고등학교 졸업,미혼,주택 / 아파트,0.020246,1,0,운전자,1.0,자영업,56,7,25.0,0,17.094540343317004,0.0,자영업,5-10Y,17.094540343317004,자영업,자영사업,취약_기계
36891,0,여성,0,1,1,42480000.0,기타,고등학교 졸업,사실혼,주택 / 아파트,0.018209,1,0,단순 노동자,3.0,사업 0,42,3,5.0,1,17.564543958438446,1.0,사업,2-5Y,5.854847986146148,사업,자영사업,취약_단순
48693,0,여성,0,1,2,42480000.0,기타,대학교 졸업 이상,기혼,주택 / 아파트,0.026392,1,0,Unknown,4.0,의학,34,1,2.0,2,17.564543958438446,1.0,의학,Under 2Y,4.391135989609611,의학,전문금융,기타
9462,0,여성,0,1,0,42480000.0,근로자,고등학교 졸업,기혼,주택 / 아파트,0.00823,1,0,Unknown,2.0,보안,55,3,28.0,0,17.564543958438446,1.0,보안,2-5Y,8.782271979219223,보안,서비스요식,기타
41968,0,남성,1,0,1,37170000.0,근로자,고등학교 졸업,기혼,주택 / 아파트,0.025164,1,0,운전자,3.0,사업 2,29,4,20.0,1,17.43101256917685,1.0,사업,2-5Y,5.810337523058951,사업,자영사업,취약_기계
30570,0,여성,0,0,0,55224000.0,기타,고등학교 졸업,사별,주택 / 아파트,0.018801,1,0,Unknown,1.0,사업 0,54,10,26.0,0,17.826908217473516,0.0,사업,10-20Y,17.826908217473516,사업,자영사업,기타
29034,0,여성,0,0,0,26550000.0,기타,고등학교 졸업,미혼,주택 / 아파트,0.026392,1,0,Unknown,1.0,사업 2,23,0,5.0,0,17.094540343317004,0.0,사업,Under 2Y,17.094540343317004,사업,자영사업,기타
33011,0,남성,0,1,0,15930000.0,근로자,고등학교 졸업,사실혼,주택 / 아파트,0.00733,1,0,저임금 노동자,2.0,사업 2,47,0,1.0,0,16.583714744660867,1.0,사업,Under 2Y,8.291857372330433,사업,자영사업,취약_단순
2885,0,여성,1,1,1,33984000.0,공무원,대학교 졸업 이상,기혼,주택 / 아파트,0.0060079999999999,1,0,핵심 노동자,3.0,경찰,28,5,4.0,1,17.34140041300936,1.0,경찰,5-10Y,5.780466804336453,경찰,공공안정,중간_기능
10815,0,여성,0,1,0,58410000.0,근로자,고등학교 졸업,기혼,주택 / 아파트,0.030755,1,0,관리직,2.0,산업 3,52,26,26.0,0,17.88299768313685,1.0,산업,Over 20Y,8.941498841568425,산업,경기민감,안정_전문관리
43672,0,여성,0,1,1,21240000.0,근로자,고등학교 졸업,기혼,주택 / 아파트,0.010276,1,0,부동산중개업자,3.0,자영업,39,5,11.0,1,16.87139680141899,1.0,자영업,5-10Y,5.62379893380633,자영업,자영사업,취약_판매
23444,0,여성,0,1,0,42480000.0,기타,대학교 졸업 이상,사실혼,주택 / 아파트,0.005084,1,0,핵심 노동자,2.0,정부,33,9,13.0,0,17.564543958438446,1.0,정부,5-10Y,8.782271979219223,정부,공공안정,중간_기능
39920,0,여성,0,1,0,53100000.0,연금수령자,고등학교 졸업,사별,주택 / 아파트,0.072508,0,0,Unknown,1.0,기타 1,63,1000,38.0,0,17.78768750504456,0.0,기타,Retired,17.78768750504456,기타,기타,기타
18598,0,여성,0,1,0,7646400.0,연금수령자,고등학교 졸업,기혼,주택 / 아파트,0.002134,0,0,Unknown,2.0,기타 1,57,1000,27.0,0,15.84974563758652,1.0,기타,Retired,7.92487281879326,기타,기타,기타
588,0,여성,1,0,1,31860000.0,공무원,고등학교 졸업,기혼,주택 / 아파트,0.02461,1,0,의료 업계 종사자,3.0,정부,38,13,21.0,1,17.276861893833495,1.0,정부,10-20Y,5.758953964611165,정부,공공안정,안정_전문관리
18577,0,여성,0,1,0,106200000.0,기타,대학교 졸업 이상,기혼,주택 / 아파트,0.072508,1,0,관리직,2.0,사업 2,38,8,21.0,0,18.48083467618831,1.0,사업,5-10Y,9.240417338094154,사업,자영사업,안정_전문관리
1334,1,여성,0,0,0,21240000.0,근로자,고등학교 졸업,미혼,주택 / 아파트,0.019101,1,0,미화원,1.0,학교,36,4,9.0,0,16.87139680141899,0.0,학교,2-5Y,16.87139680141899,학교,공공안정,취약_단순
15594,0,여성,0,1,2,26550000.0,연금수령자,고등학교 졸업,미혼,주택 / 아파트,0.030755,0,0,Unknown,3.0,기타 1,39,1000,13.0,2,17.094540343317004,0.0,기타,Retired,5.698180114439001,기타,기타,기타
14183,0,여성,0,0,0,53100000.0,근로자,고등학교 졸업,사실혼,주택 / 아파트,0.0105,1,0,핵심 노동자,2.0,의학,43,23,17.0,0,17.78768750504456,1.0,의학,Over 20Y,8.89384375252228,의학,전문금융,중간_기능
21474,0,여성,0,0,0,31860000.0,근로자,고등학교 졸업,사실혼,주택 / 아파트,0.004849,1,0,영업직,2.0,사업 2,28,2,10.0,0,17.276861893833495,1.0,사업,2-5Y,8.638430946916747,사업,자영사업,취약_판매
12662,0,여성,0,1,2,21240000.0,기타,고등학교 졸업,기혼,주택 / 아파트,0.025164,1,0,기술직,4.0,국가 안보,39,2,10.0,2,16.87139680141899,1.0,국가,2-5Y,4.217849200354747,국가,공공안정,중간_기능
3308,0,여성,0,0,0,42480000.0,연금수령자,고등학교 졸업,미혼,주택 / 아파트,0.025164,0,0,Unknown,1.0,기타 1,59,1000,12.0,0,17.564543958438446,0.0,기타,Retired,17.564543958438446,기타,기타,기타
59404,0,여성,0,0,1,31860000.0,기타,고등학교 졸업,기혼,주택 / 아파트,0.025164,1,0,비서,3.0,의학,47,26,9.0,1,17.276861893833495,1.0,의학,Over 20Y,5.758953964611165,의학,전문금융,안정_사무
42021,0,남성,0,1,2,53100000.0,근로자,고등학교 졸업,미혼,공공분양,0.072508,1,0,조리사,3.0,사업 2,50,2,22.0,2,17.78768750504456,0.0,사업,2-5Y,5.929229168348186,사업,자영사업,취약_서비스
24792,0,남성,0,0,1,47790000.0,기타,고등학교 졸업,기혼,주택 / 아파트,0.030755,1,0,운전자,3.0,자영업,33,3,17.0,1,17.682326991479222,1.0,자영업,2-5Y,5.894108997159741,자영업,자영사업,취약_기계
14632,0,여성,1,1,0,265500000.0,기타,대학교 졸업 이상,사별,주택 / 아파트,0.0072739999999999,1,0,관리직,1.0,자영업,46,11,23.0,0,19.397125402412748,0.0,자영업,10-20Y,19.397125402412748,자영업,자영사업,안정_전문관리
32239,0,남성,1,1,0,31860000.0,연금수령자,고등학교 졸업,기혼,주택 / 아파트,0.04622,0,0,Unknown,2.0,기타 1,61,1000,28.0,0,17.276861893833495,1.0,기타,Retired,8.638430946916747,기타,기타,기타
15633,1,여성,0,1,1,37170000.0,기타,고등학교 졸업,사실혼,주택 / 아파트,0.003069,1,0,단순 노동자,3.0,산업 3,45,4,8.0,1,17.43101256917685,1.0,산업,2-5Y,5.810337523058951,산업,경기민감,취약_단순
37767,1,여성,0,1,0,10620000.0,연금수령자,고등학교 졸업,별거,주택 / 아파트,0.018801,0,0,Unknown,1.0,기타 1,64,1000,23.0,0,16.178249667940023,0.0,기타,Retired,16.178249667940023,기타,기타,기타
40248,0,여성,0,0,1,47790000.0,근로자,고등학교 졸업,기혼,주택 / 아파트,0.0105,1,0,단순 노동자,3.0,사업 2,49,4,8.0,1,17.682326991479222,1.0,사업,2-5Y,5.894108997159741,사업,자영사업,취약_단순
30169,1,남성,0,0,1,31860000.0,공무원,고등학교 졸업,기혼,오피스텔,0.04622,1,0,핵심 노동자,3.0,군대,38,10,9.0,1,17.276861893833495,1.0,군대,10-20Y,5.758953964611165,군대,공공안정,중간_기능
34827,0,여성,0,1,0,42480000.0,근로자,고등학교 졸업,별거,주택 / 아파트,0.020713,1,0,영업직,1.0,자영업,51,10,22.0,0,17.564543958438446,0.0,자영업,10-20Y,17.564543958438446,자영업,자영사업,취약_판매
23687,0,여성,0,0,0,10620000.0,연금수령자,고등학교 졸업,사실혼,공공분양,0.031329,0,0,Unknown,2.0,기타 1,60,1000,13.0,0,16.178249667940023,1.0,기타,Retired,8.089124833970011,기타,기타,기타
46039,1,여성,0,0,0,21240000.0,근로자,고등학교 졸업,사별,주택 / 아파트,0.035792,1,0,Unknown,1.0,사업 2,53,4,34.0,0,16.87139680141899,0.0,사업,2-5Y,16.87139680141899,사업,자영사업,기타
18478,0,여성,1,1,2,12744000.0,근로자,고등학교 졸업,기혼,주택 / 아파트,0.031329,1,0,영업직,4.0,자영업,42,0,5.0,2,16.360571209040316,1.0,자영업,Under 2Y,4.090142802260079,자영업,자영사업,취약_판매
47973,0,여성,0,1,0,31860000.0,근로자,고등학교 졸업,별거,주택 / 아파트,0.025164,1,0,영업직,1.0,사업 2,52,4,10.0,0,17.276861893833495,0.0,사업,2-5Y,17.276861893833495,사업,자영사업,취약_판매
43859,0,남성,0,1,0,39294000.0,근로자,고등학교 졸업,미혼,주택 / 아파트,0.025164,1,0,Unknown,1.0,운송 1,23,1,11.0,0,17.486582418877422,0.0,운송,Under 2Y,17.486582418877422,운송,경기민감,기타
11404,0,여성,0,0,0,26550000.0,연금수령자,고등학교 졸업,사별,주택 / 아파트,0.031329,0,0,Unknown,1.0,기타 1,67,1000,6.0,0,17.094540343317004,0.0,기타,Retired,17.094540343317004,기타,기타,기타
43534,0,남성,0,1,2,69030000.0,기타,대학교 졸업 이상,기혼,주택 / 아파트,0.030755,1,0,핵심 노동자,4.0,자영업,42,6,6.0,2,18.050051765166117,1.0,자영업,5-10Y,4.512512941291528,자영업,자영사업,중간_기능
22543,0,여성,0,1,0,47790000.0,연금수령자,고등학교 졸업,기혼,주택 / 아파트,0.00496,0,0,Unknown,2.0,기타 1,55,1000,5.0,0,17.682326991479222,1.0,기타,Retired,8.841163495739611,기타,기타,기타
41923,0,남성,0,0,0,84960000.0,근로자,고등학교 졸업,별거,주택 / 아파트,0.025164,1,0,단순 노동자,1.0,기타 0,51,4,6.0,0,18.25769112722815,0.0,기타,2-5Y,18.25769112722815,기타,기타,취약_단순
9010,1,여성,0,0,0,53100000.0,근로자,고등학교 졸업,사실혼,공공분양,0.006233,1,0,관리직,2.0,사업 2,42,5,25.0,0,17.78768750504456,1.0,사업,5-10Y,8.89384375252228,사업,자영사업,안정_전문관리
3601,0,여성,0,0,0,15930000.0,연금수령자,고등학교 졸업,사별,주택 / 아파트,0.00733,0,0,Unknown,1.0,기타 1,64,1000,16.0,0,16.583714744660867,0.0,기타,Retired,16.583714744660867,기타,기타,기타
36633,0,남성,1,0,0,37170000.0,근로자,고등학교 졸업,기혼,주택 / 아파트,0.019101,1,0,단순 노동자,2.0,자영업,43,2,13.0,0,17.43101256917685,1.0,자영업,2-5Y,8.715506284588425,자영업,자영사업,취약_단순
4347,0,남성,0,1,0,28674000.0,연금수령자,고등학교 졸업,기혼,주택 / 아파트,0.025164,0,0,Unknown,2.0,기타 1,62,1000,3.0,0,17.17150138166315,1.0,기타,Retired,8.585750690831574,기타,기타,기타
36406,0,남성,1,1,1,47790000.0,근로자,고등학교 졸업,기혼,주택 / 아파트,0.010006,1,0,단순 노동자,3.0,사업 0,27,7,12.0,1,17.682326991479222,1.0,사업,5-10Y,5.894108997159741,사업,자영사업,취약_단순
43796,0,여성,0,1,0,29736000.0,공무원,고등학교 졸업,기혼,주택 / 아파트,0.0228,1,0,Unknown,2.0,유치원,53,1,18.0,0,17.207869024588497,1.0,유치원,Under 2Y,8.603934512294249,유치원,공공안정,기타
644,0,여성,0,1,0,13806000.0,근로자,고등학교 졸업,기혼,주택 / 아파트,0.015221,1,0,영업직,2.0,자영업,43,9,24.0,0,16.440613910677833,1.0,자영업,5-10Y,8.220306955338916,자영업,자영사업,취약_판매
46014,1,여성,0,1,0,21240000.0,근로자,고등학교 졸업,사실혼,주택 / 아파트,0.0228,1,0,미화원,2.0,운송 1,27,1,11.0,0,16.87139680141899,1.0,운송,Under 2Y,8.435698400709494,운송,경기민감,취약_단순
17462,0,여성,1,0,0,42480000.0,근로자,고등학교 졸업,기혼,주택 / 아파트,0.015221,1,0,영업직,2.0,자영업,33,8,14.0,0,17.564543958438446,1.0,자영업,5-10Y,8.782271979219223,자영업,자영사업,취약_판매
53779,0,여성,0,1,0,19116000.0,기타,고등학교 졸업,별거,주택 / 아파트,0.01885,1,0,영업직,1.0,사업 2,54,3,10.0,0,16.766036290992385,0.0,사업,2-5Y,16.766036290992385,사업,자영사업,취약_판매
53194,0,남성,1,1,1,95580000.0,근로자,고등학교 졸업,미혼,주택 / 아파트,0.072508,1,0,관리직,2.0,사업 2,30,10,15.0,1,18.37547416157673,0.0,사업,10-20Y,9.187737080788365,사업,자영사업,안정_전문관리
51131,1,여성,0,0,0,31860000.0,연금수령자,고등학교 졸업,기혼,주택 / 아파트,0.019101,0,0,Unknown,2.0,기타 1,57,1000,16.0,0,17.276861893833495,1.0,기타,Retired,8.638430946916747,기타,기타,기타
12335,0,여성,0,1,0,21240000.0,기타,대학교 졸업 이상,기혼,주택 / 아파트,0.035792,1,0,핵심 노동자,2.0,정부,36,9,11.0,0,16.87139680141899,1.0,정부,5-10Y,8.435698400709494,정부,공공안정,중간_기능
24768,0,여성,0,1,0,26550000.0,연금수령자,저학력자,사실혼,주택 / 아파트,0.005084,0,0,Unknown,2.0,기타 1,61,1000,27.0,0,17.094540343317004,1.0,기타,Retired,8.547270171658502,기타,기타,기타
41350,0,여성,0,0,0,11682000.0,근로자,고등학교 졸업,기혼,주택 / 아파트,0.008575,1,0,보안 업계 종사자,2.0,보안,50,0,28.0,0,16.27355983918417,1.0,보안,Under 2Y,8.136779919592085,보안,서비스요식,취약_서비스
32751,0,여성,0,1,0,42480000.0,기타,대학교 졸업 이상,기혼,주택 / 아파트,0.018029,1,0,인사 담당자,2.0,자영업,33,4,4.0,0,17.564543958438446,1.0,자영업,2-5Y,8.782271979219223,자영업,자영사업,안정_사무
29383,0,여성,0,0,0,37170000.0,근로자,고등학교 졸업,기혼,주택 / 아파트,0.022625,1,0,Unknown,2.0,사업 2,57,9,30.0,0,17.43101256917685,1.0,사업,5-10Y,8.715506284588425,사업,자영사업,기타
45334,0,여성,1,0,0,53100000.0,연금수령자,고등학교 졸업,기혼,주택 / 아파트,0.00823,0,0,Unknown,2.0,기타 1,60,1000,11.0,0,17.78768750504456,1.0,기타,Retired,8.89384375252228,기타,기타,기타
49275,0,여성,0,1,0,37170000.0,기타,고등학교 졸업,기혼,주택 / 아파트,0.030755,1,0,핵심 노동자,2.0,광고,56,23,24.0,0,17.43101256917685,1.0,광고,Over 20Y,8.715506284588425,광고,기타,중간_기능
30322,0,여성,0,1,0,42480000.0,근로자,고등학교 졸업,사실혼,주택 / 아파트,0.028663,1,0,Unknown,2.0,사업 2,52,2,9.0,0,17.564543958438446,1.0,사업,2-5Y,8.782271979219223,사업,자영사업,기타
28971,0,여성,1,0,0,58410000.0,공무원,대학교 졸업 이상,기혼,주택 / 아파트,0.018634,1,0,관리직,2.0,경찰,43,9,1.0,0,17.88299768313685,1.0,경찰,5-10Y,8.941498841568425,경찰,공공안정,안정_전문관리
27211,0,남성,1,1,0,100890000.0,근로자,고등학교 졸업,기혼,주택 / 아파트,0.016612,1,1,Unknown,2.0,사업 2,41,2,0.0,0,18.429541382296343,1.0,사업,2-5Y,9.214770691148171,사업,자영사업,기타
33943,0,여성,0,1,0,21240000.0,연금수령자,고등학교 졸업,기혼,주택 / 아파트,0.020713,0,0,Unknown,2.0,기타 1,57,1000,6.0,0,16.87139680141899,1.0,기타,Retired,8.435698400709494,기타,기타,기타
11988,0,여성,0,1,0,10620000.0,연금수령자,고등학교 졸업,사실혼,주택 / 아파트,0.031329,0,0,Unknown,2.0,기타 1,60,1000,17.0,0,16.178249667940023,1.0,기타,Retired,8.089124833970011,기타,기타,기타
34320,0,여성,0,1,0,21240000.0,연금수령자,고등학교 졸업,기혼,주택 / 아파트,0.007114,0,0,Unknown,2.0,기타 1,53,1000,32.0,0,16.87139680141899,1.0,기타,Retired,8.435698400709494,기타,기타,기타
12007,0,여성,0,0,1,11682000.0,근로자,고등학교 졸업,별거,아파트 임대,0.015221,1,0,Unknown,2.0,기타 0,40,8,16.0,1,16.27355983918417,0.0,기타,5-10Y,8.136779919592085,기타,기타,기타
56623,0,여성,0,1,0,26550000.0,기타,대학교 중퇴,사실혼,주택 / 아파트,0.035792,1,0,단순 노동자,2.0,기타 0,45,9,8.0,0,17.094540343317004,1.0,기타,5-10Y,8.547270171658502,기타,기타,취약_단순
6930,0,여성,1,1,1,63720000.0,기타,대학교 졸업 이상,기혼,주택 / 아파트,0.04622,1,0,회계사,3.0,사업 2,41,2,6.0,1,17.97000905869978,1.0,사업,2-5Y,5.990003019566593,사업,자영사업,안정_전문관리
3003,0,남성,1,1,2,53100000.0,근로자,고등학교 졸업,기혼,주택 / 아파트,0.025164,1,0,단순 노동자,4.0,사업 2,39,19,20.0,2,17.78768750504456,1.0,사업,10-20Y,4.44692187626114,사업,자영사업,취약_단순
31679,0,남성,0,1,0,47790000.0,기타,고등학교 졸업,기혼,주택 / 아파트,0.04622,1,0,운전자,2.0,사업 2,65,11,18.0,0,17.682326991479222,1.0,사업,10-20Y,8.841163495739611,사업,자영사업,취약_기계
35599,0,남성,1,0,1,30798000.0,근로자,고등학교 졸업,기혼,주택 / 아파트,0.010966,1,0,단순 노동자,3.0,사업 0,43,20,15.0,1,17.242960343240135,1.0,사업,Over 20Y,5.747653447746711,사업,자영사업,취약_단순
31853,0,여성,0,0,1,21240000.0,근로자,대학교 졸업 이상,기혼,주택 / 아파트,0.0105,1,0,운전자,3.0,학교,43,3,21.0,1,16.87139680141899,1.0,학교,2-5Y,5.62379893380633,학교,공공안정,취약_기계
32982,0,여성,0,1,0,42480000.0,근로자,고등학교 졸업,기혼,주택 / 아파트,0.0038179999999999,1,1,Unknown,2.0,기타 0,28,6,12.0,0,17.564543958438446,1.0,기타,5-10Y,8.782271979219223,기타,기타,기타
32678,0,여성,0,1,0,38232000.0,연금수령자,고등학교 졸업,별거,주택 / 아파트,0.010147,0,0,Unknown,1.0,기타 1,64,1000,25.0,0,17.45918344539623,0.0,기타,Retired,17.45918344539623,기타,기타,기타
12553,1,남성,0,1,1,31860000.0,근로자,고등학교 졸업,별거,주택 / 아파트,0.020246,1,0,운전자,2.0,자영업,45,4,22.0,1,17.276861893833495,0.0,자영업,2-5Y,8.638430946916747,자영업,자영사업,취약_기계
11478,0,여성,1,0,0,26550000.0,기타,고등학교 졸업,기혼,주택 / 아파트,0.0196889999999999,1,0,영업직,2.0,사업 2,53,1,36.0,0,17.094540343317004,1.0,사업,Under 2Y,8.547270171658502,사업,자영사업,취약_판매
41329,0,여성,0,1,0,63720000.0,근로자,고등학교 졸업,미혼,주택 / 아파트,0.006629,1,0,단순 노동자,1.0,산업 4,55,31,23.0,0,17.97000905869978,0.0,산업,Over 20Y,17.97000905869978,산업,경기민감,취약_단순
9561,1,남성,0,1,0,53100000.0,근로자,대학교 졸업 이상,미혼,주택 / 아파트,0.022625,1,0,운전자,1.0,운송 0,47,4,10.0,0,17.78768750504456,0.0,운송,2-5Y,17.78768750504456,운송,경기민감,취약_기계
36090,0,여성,0,1,0,21240000.0,근로자,대학교 중퇴,기혼,주택 / 아파트,0.010147,1,0,영업직,2.0,운송 1,22,2,15.0,0,16.87139680141899,1.0,운송,2-5Y,8.435698400709494,운송,경기민감,취약_판매
5567,0,여성,1,0,1,37170000.0,근로자,고등학교 졸업,기혼,주택 / 아파트,0.0066709999999999,1,0,단순 노동자,3.0,사업 2,36,1,15.0,1,17.43101256917685,1.0,사업,Under 2Y,5.810337523058951,사업,자영사업,취약_단순
22381,0,여성,0,1,0,26550000.0,근로자,대학교 중퇴,사실혼,아파트 임대,0.018634,1,0,단순 노동자,2.0,사업 2,23,1,20.0,0,17.094540343317004,1.0,사업,Under 2Y,8.547270171658502,사업,자영사업,취약_단순
39192,0,여성,0,1,0,31860000.0,근로자,고등학교 졸업,사실혼,주택 / 아파트,0.00733,1,0,Unknown,2.0,기타 0,53,9,24.0,0,17.276861893833495,1.0,기타,5-10Y,8.638430946916747,기타,기타,기타
30212,0,여성,1,1,0,26550000.0,근로자,고등학교 졸업,기혼,주택 / 아파트,0.018209,1,0,단순 노동자,2.0,무역 3,41,2,1.0,0,17.094540343317004,1.0,무역,2-5Y,8.547270171658502,무역,경기민감,취약_단순
20663,0,남성,1,1,0,42480000.0,공무원,대학교 졸업 이상,사실혼,주택 / 아파트,0.025164,1,0,핵심 노동자,2.0,학교,63,27,14.0,0,17.564543958438446,1.0,학교,Over 20Y,8.782271979219223,학교,공공안정,중간_기능
41293,0,여성,0,1,1,12744000.0,근로자,고등학교 졸업,기혼,주택 / 아파트,0.025164,1,0,기술직,3.0,사업 0,48,27,27.0,1,16.360571209040316,1.0,사업,Over 20Y,5.453523736346772,사업,자영사업,중간_기능
53809,0,남성,0,1,0,42480000.0,기타,고등학교 졸업,기혼,주택 / 아파트,0.026392,1,0,기술직,2.0,사업 2,54,11,24.0,0,17.564543958438446,1.0,사업,10-20Y,8.782271979219223,사업,자영사업,중간_기능
24013,0,여성,0,1,0,127440000.0,기타,대학교 졸업 이상,별거,주택 / 아파트,0.072508,1,0,회계사,1.0,사업 2,59,2,0.0,0,18.6631562314129,0.0,사업,2-5Y,18.6631562314129,사업,자영사업,안정_전문관리
36857,0,남성,1,1,1,31860000.0,근로자,고등학교 졸업,기혼,주택 / 아파트,0.010556,1,0,운전자,3.0,자영업,37,4,10.0,1,17.276861893833495,1.0,자영업,2-5Y,5.758953964611165,자영업,자영사업,취약_기계
628,0,여성,1,1,0,21240000.0,근로자,고등학교 졸업,사실혼,주택 / 아파트,0.0196889999999999,1,0,단순 노동자,2.0,기타 0,40,3,24.0,0,16.87139680141899,1.0,기타,2-5Y,8.435698400709494,기타,기타,취약_단순
12181,0,여성,0,1,0,26550000.0,근로자,고등학교 졸업,기혼,주택 / 아파트,0.025164,1,0,보안 업계 종사자,2.0,유치원,42,4,14.0,0,17.094540343317004,1.0,유치원,2-5Y,8.547270171658502,유치원,공공안정,취약_서비스
36300,0,여성,0,1,0,42480000.0,연금수령자,대학교 졸업 이상,기혼,주택 / 아파트,0.0035409999999999,0,0,Unknown,2.0,기타 1,56,1000,3.0,0,17.564543958438446,1.0,기타,Retired,8.782271979219223,기타,기타,기타
37142,0,남성,1,1,0,69030000.0,연금수령자,고등학교 졸업,기혼,주택 / 아파트,0.018634,0,0,Unknown,2.0,기타 1,51,1000,23.0,0,18.050051765166117,1.0,기타,Retired,9.025025882583057,기타,기타,기타
42786,0,여성,0,0,0,42480000.0,연금수령자,고등학교 졸업,별거,주택 / 아파트,0.002506,0,0,Unknown,1.0,기타 1,52,1000,25.0,0,17.564543958438446,0.0,기타,Retired,17.564543958438446,기타,기타,기타
16866,0,여성,0,1,1,12744000.0,근로자,고등학교 졸업,사실혼,주택 / 아파트,0.010966,1,0,미화원,3.0,자영업,44,1,7.0,1,16.360571209040316,1.0,자영업,Under 2Y,5.453523736346772,자영업,자영사업,취약_단순
25418,0,여성,0,1,0,84960000.0,연금수령자,고등학교 졸업,기혼,주택 / 아파트,0.04622,0,0,Unknown,2.0,기타 1,58,1000,23.0,0,18.25769112722815,1.0,기타,Retired,9.128845563614076,기타,기타,기타
17161,0,여성,0,1,0,33984000.0,근로자,고등학교 졸업,기혼,주택 / 아파트,0.01885,1,0,Unknown,2.0,사업 2,40,1,3.0,0,17.34140041300936,1.0,사업,Under 2Y,8.67070020650468,사업,자영사업,기타
28199,0,남성,0,1,3,42480000.0,근로자,고등학교 졸업,기혼,주택 / 아파트,0.018209,1,0,운전자,5.0,운송 1,34,5,18.0,3+,17.564543958438446,1.0,운송,5-10Y,3.512908791687689,운송,경기민감,취약_기계
11150,0,여성,0,1,2,21240000.0,근로자,고등학교 졸업,기혼,주택 / 아파트,0.018209,1,0,관리직,4.0,정부,30,6,0.0,2,16.87139680141899,1.0,정부,5-10Y,4.217849200354747,정부,공공안정,안정_전문관리
28201,1,남성,0,1,0,63720000.0,기타,대학교 졸업 이상,미혼,주택 / 아파트,0.0145199999999999,1,0,관리직,1.0,사업 2,32,2,2.0,0,17.97000905869978,0.0,사업,2-5Y,17.97000905869978,사업,자영사업,안정_전문관리
48522,0,남성,0,1,1,106200000.0,기타,대학교 졸업 이상,기혼,주택 / 아파트,0.0096569999999999,1,0,핵심 노동자,3.0,법률 서비스,42,1,21.0,1,18.48083467618831,1.0,법률,Under 2Y,6.160278225396103,법률,전문금융,중간_기능
6315,0,남성,0,0,0,47790000.0,근로자,대학교 졸업 이상,기혼,주택 / 아파트,0.026392,1,0,핵심 노동자,2.0,사업 0,34,9,2.0,0,17.682326991479222,1.0,사업,5-10Y,8.841163495739611,사업,자영사업,중간_기능
10012,0,남성,0,1,0,23364000.0,근로자,대학교 중퇴,미혼,주택 / 아파트,0.006296,1,0,Unknown,1.0,사업 2,29,1,11.0,0,16.966706976943225,0.0,사업,Under 2Y,16.966706976943225,사업,자영사업,기타
43807,0,여성,0,0,1,15930000.0,연금수령자,고등학교 졸업,사별,주택 / 아파트,0.019101,0,0,Unknown,2.0,기타 1,61,1000,16.0,1,16.583714744660867,0.0,기타,Retired,8.291857372330433,기타,기타,기타
40470,0,남성,0,1,0,21240000.0,근로자,고등학교 졸업,미혼,주택 / 아파트,0.028663,1,0,단순 노동자,1.0,사업 2,21,2,7.0,0,16.87139680141899,0.0,사업,2-5Y,16.87139680141899,사업,자영사업,취약_단순
48788,0,여성,0,0,0,37170000.0,근로자,고등학교 졸업,기혼,주택 / 아파트,0.0228,1,0,관리직,2.0,사업 2,32,4,15.0,0,17.43101256917685,1.0,사업,2-5Y,8.715506284588425,사업,자영사업,안정_전문관리
11912,0,남성,0,1,0,37170000.0,기타,고등학교 졸업,기혼,주택 / 아파트,0.072508,1,1,보안 업계 종사자,2.0,보안,50,6,9.0,0,17.43101256917685,1.0,보안,5-10Y,8.715506284588425,보안,서비스요식,취약_서비스
26522,0,여성,0,1,0,19116000.0,연금수령자,대학교 졸업 이상,기혼,주택 / 아파트,0.0084739999999999,0,0,Unknown,2.0,기타 1,62,1000,1.0,0,16.766036290992385,1.0,기타,Retired,8.383018145496193,기타,기타,기타
31045,0,여성,1,1,1,47790000.0,기타,고등학교 졸업,기혼,주택 / 아파트,0.030755,1,0,영업직,3.0,무역 3,30,2,13.0,1,17.682326991479222,1.0,무역,2-5Y,5.894108997159741,무역,경기민감,취약_판매
36121,0,여성,1,1,2,16992000.0,근로자,고등학교 졸업,기혼,주택 / 아파트,0.010966,1,0,Unknown,4.0,기타 0,35,0,11.0,2,16.648253261875023,1.0,기타,Under 2Y,4.162063315468756,기타,기타,기타
56326,0,남성,1,0,1,48852000.0,근로자,고등학교 졸업,사실혼,주택 / 아파트,0.025164,1,0,운전자,3.0,무역 0,44,2,0.0,1,17.704305897743108,1.0,무역,2-5Y,5.901435299247702,무역,경기민감,취약_기계
11500,0,여성,0,1,0,14868000.0,근로자,고등학교 졸업,미혼,주택 / 아파트,0.01885,1,0,단순 노동자,1.0,전기,53,4,22.0,0,16.51472187765782,0.0,전기,2-5Y,16.51472187765782,전기,기타,취약_단순
42957,0,남성,0,0,0,47790000.0,근로자,고등학교 졸업,기혼,주택 / 아파트,0.0066709999999999,1,0,Unknown,2.0,건설,35,1,19.0,0,17.682326991479222,1.0,건설,Under 2Y,8.841163495739611,건설,경기민감,기타
22877,0,여성,0,1,0,15930000.0,근로자,고등학교 졸업,사실혼,주택 / 아파트,0.010966,1,0,Unknown,2.0,사업 2,42,1,9.0,0,16.583714744660867,1.0,사업,Under 2Y,8.291857372330433,사업,자영사업,기타
52993,0,남성,1,1,1,100890000.0,기타,대학교 졸업 이상,기혼,주택 / 아파트,0.006305,1,0,관리직,3.0,자영업,52,11,6.0,1,18.429541382296343,1.0,자영업,10-20Y,6.143180460765449,자영업,자영사업,안정_전문관리
4028,0,남성,0,1,0,21240000.0,근로자,고등학교 졸업,미혼,주택 / 아파트,0.010966,1,0,단순 노동자,1.0,기타 0,32,2,16.0,0,16.87139680141899,0.0,기타,2-5Y,16.87139680141899,기타,기타,취약_단순
28765,0,여성,1,1,1,42480000.0,근로자,대학교 졸업 이상,사실혼,주택 / 아파트,0.018801,1,0,회계사,3.0,건설,41,9,11.0,1,17.564543958438446,1.0,건설,5-10Y,5.854847986146148,건설,경기민감,안정_전문관리
42473,0,여성,0,1,0,72216000.0,근로자,고등학교 졸업,기혼,주택 / 아파트,0.018209,1,1,Unknown,2.0,건설,56,7,8.0,0,18.095172199807475,1.0,건설,5-10Y,9.047586099903738,건설,경기민감,기타
43584,0,여성,0,0,0,31860000.0,공무원,고등학교 졸업,미혼,주택 / 아파트,0.009334,1,0,조리사,1.0,유치원,30,9,12.0,0,17.276861893833495,0.0,유치원,5-10Y,17.276861893833495,유치원,공공안정,취약_서비스
6271,0,여성,0,1,0,15930000.0,근로자,저학력자,사별,주택 / 아파트,0.020713,1,0,의료 업계 종사자,1.0,의학,43,10,16.0,0,16.583714744660867,0.0,의학,10-20Y,16.583714744660867,의학,전문금융,안정_전문관리
40415,0,여성,0,1,0,31860000.0,연금수령자,고등학교 졸업,사별,주택 / 아파트,0.018634,0,0,Unknown,1.0,기타 1,65,1000,26.0,0,17.276861893833495,0.0,기타,Retired,17.276861893833495,기타,기타,기타
13683,0,여성,1,1,2,69030000.0,기타,고등학교 졸업,기혼,주택 / 아파트,0.04622,1,0,영업직,4.0,무역 1,28,4,6.0,2,18.050051765166117,1.0,무역,2-5Y,4.512512941291528,무역,경기민감,취약_판매
20630,0,여성,0,0,0,24426000.0,근로자,고등학교 졸업,기혼,주택 / 아파트,0.0084739999999999,1,0,영업직,2.0,기타 0,43,12,10.0,0,17.01115873765315,1.0,기타,10-20Y,8.505579368826576,기타,기타,취약_판매
51388,0,여성,0,1,0,47790000.0,근로자,고등학교 졸업,기혼,주택 / 아파트,0.016612,1,0,기술직,2.0,산업 8,46,20,19.0,0,17.682326991479222,1.0,산업,Over 20Y,8.841163495739611,산업,경기민감,중간_기능
42825,0,여성,0,1,0,63720000.0,연금수령자,고등학교 졸업,기혼,주택 / 아파트,0.018209,0,0,Unknown,2.0,기타 1,63,1000,18.0,0,17.97000905869978,1.0,기타,Retired,8.98500452934989,기타,기타,기타
40543,0,남성,0,0,0,53100000.0,근로자,고등학교 졸업,기혼,주택 / 아파트,0.028663,1,0,단순 노동자,2.0,건설,27,2,12.0,0,17.78768750504456,1.0,건설,2-5Y,8.89384375252228,건설,경기민감,취약_단순
55229,0,남성,1,1,1,63720000.0,근로자,대학교 졸업 이상,기혼,주택 / 아파트,0.020713,1,0,관리직,3.0,사업 2,33,12,1.0,1,17.97000905869978,1.0,사업,10-20Y,5.990003019566593,사업,자영사업,안정_전문관리
20361,0,여성,1,0,2,18054000.0,기타,고등학교 졸업,기혼,주택 / 아파트,0.031329,1,0,회계사,4.0,기타 0,30,0,20.0,2,16.708877880229622,1.0,기타,Under 2Y,4.1772194700574055,기타,기타,안정_전문관리
14880,0,남성,1,1,1,26550000.0,근로자,고등학교 졸업,기혼,주택 / 아파트,0.015221,1,0,Unknown,3.0,운송 1,25,1,10.0,1,17.094540343317004,1.0,운송,Under 2Y,5.698180114439001,운송,경기민감,기타
15083,0,남성,0,1,3,29736000.0,근로자,고등학교 졸업,기혼,주택 / 아파트,0.030755,1,0,단순 노동자,5.0,기타 0,32,11,0.0,3+,17.207869024588497,1.0,기타,10-20Y,3.4415738049177,기타,기타,취약_단순
49616,0,여성,0,1,1,19116000.0,공무원,고등학교 졸업,기혼,주택 / 아파트,0.00712,1,0,관리직,3.0,기타 0,47,0,13.0,1,16.766036290992385,1.0,기타,Under 2Y,5.588678763664128,기타,기타,안정_전문관리
59569,0,여성,0,0,0,31860000.0,공무원,고등학교 졸업,미혼,주택 / 아파트,0.032561,1,0,의료 업계 종사자,1.0,유치원,47,1,31.0,0,17.276861893833495,0.0,유치원,Under 2Y,17.276861893833495,유치원,공공안정,안정_전문관리
6247,1,남성,1,0,1,53100000.0,근로자,고등학교 졸업,기혼,주택 / 아파트,0.010966,1,0,Unknown,3.0,사업 2,26,4,26.0,1,17.78768750504456,1.0,사업,2-5Y,5.929229168348186,사업,자영사업,기타
39317,0,여성,0,1,0,19116000.0,연금수령자,대학교 졸업 이상,사별,주택 / 아파트,0.007305,0,0,Unknown,1.0,기타 1,63,1000,16.0,0,16.766036290992385,0.0,기타,Retired,16.766036290992385,기타,기타,기타
29699,0,여성,0,1,2,26550000.0,근로자,대학교 졸업 이상,별거,주택 / 아파트,0.0035409999999999,1,0,핵심 노동자,3.0,문화,39,0,7.0,2,17.094540343317004,0.0,문화,Under 2Y,5.698180114439001,문화,기타,중간_기능
59738,0,남성,1,1,1,31860000.0,연금수령자,대학교 졸업 이상,기혼,주택 / 아파트,0.031329,0,0,Unknown,3.0,기타 1,52,1000,5.0,1,17.276861893833495,1.0,기타,Retired,5.758953964611165,기타,기타,기타
25337,1,여성,1,1,0,29736000.0,근로자,고등학교 졸업,미혼,주택 / 아파트,0.04622,1,0,단순 노동자,1.0,자영업,31,3,13.0,0,17.207869024588497,0.0,자영업,2-5Y,17.207869024588497,자영업,자영사업,취약_단순
2528,0,여성,0,1,0,25488000.0,연금수령자,고등학교 졸업,사별,주택 / 아파트,0.003813,0,0,Unknown,1.0,기타 1,58,1000,10.0,0,17.053718350366115,0.0,기타,Retired,17.053718350366115,기타,기타,기타
22120,0,여성,0,1,0,21240000.0,근로자,고등학교 졸업,별거,주택 / 아파트,0.026392,1,0,Unknown,1.0,의학,44,15,1.0,0,16.87139680141899,0.0,의학,10-20Y,16.87139680141899,의학,전문금융,기타
1219,0,남성,0,0,0,42480000.0,연금수령자,고등학교 졸업,기혼,주택 / 아파트,0.002042,0,0,Unknown,2.0,기타 1,61,1000,12.0,0,17.564543958438446,1.0,기타,Retired,8.782271979219223,기타,기타,기타
28284,1,여성,1,1,2,15930000.0,근로자,저학력자,기혼,주택 / 아파트,0.020246,1,0,Unknown,4.0,사업 2,38,1,2.0,2,16.583714744660867,1.0,사업,Under 2Y,4.145928686165217,사업,자영사업,기타
2854,0,남성,1,1,0,31860000.0,기타,고등학교 졸업,기혼,주택 / 아파트,0.035792,1,1,단순 노동자,2.0,사업 2,53,9,26.0,0,17.276861893833495,1.0,사업,5-10Y,8.638430946916747,사업,자영사업,취약_단순
56974,0,여성,1,0,0,37170000.0,기타,고등학교 졸업,기혼,공공분양,0.032561,1,0,관리직,2.0,자영업,43,7,15.0,0,17.43101256917685,1.0,자영업,5-10Y,8.715506284588425,자영업,자영사업,안정_전문관리
52463,1,남성,0,0,0,37170000.0,근로자,고등학교 졸업,기혼,주택 / 아파트,0.030755,1,0,운전자,2.0,자영업,27,1,20.0,0,17.43101256917685,1.0,자영업,Under 2Y,8.715506284588425,자영업,자영사업,취약_기계
48923,0,여성,0,1,0,26550000.0,근로자,고등학교 졸업,기혼,주택 / 아파트,0.010006,1,0,기술직,2.0,사업 2,44,7,13.0,0,17.094540343317004,1.0,사업,5-10Y,8.547270171658502,사업,자영사업,중간_기능
8006,0,남성,0,0,0,16992000.0,근로자,고등학교 졸업,사실혼,아파트 임대,0.010966,1,0,운전자,2.0,사업 2,36,11,13.0,0,16.648253261875023,1.0,사업,10-20Y,8.324126630937512,사업,자영사업,취약_기계
58329,0,여성,0,0,0,28674000.0,연금수령자,고등학교 졸업,기혼,주택 / 아파트,0.030755,0,0,Unknown,2.0,기타 1,62,1000,1.0,0,17.17150138166315,1.0,기타,Retired,8.585750690831574,기타,기타,기타
58194,0,여성,0,1,0,19116000.0,근로자,고등학교 졸업,미혼,주택 / 아파트,0.018801,1,0,Unknown,1.0,사업 2,21,0,21.0,0,16.766036290992385,0.0,사업,Under 2Y,16.766036290992385,사업,자영사업,기타
13132,0,남성,0,0,0,53100000.0,근로자,고등학교 졸업,기혼,주택 / 아파트,0.020713,1,0,Unknown,2.0,사업 2,59,5,21.0,0,17.78768750504456,1.0,사업,5-10Y,8.89384375252228,사업,자영사업,기타
46089,0,여성,0,0,2,28674000.0,근로자,대학교 졸업 이상,기혼,주택 / 아파트,0.010643,1,0,핵심 노동자,4.0,학교,39,7,20.0,2,17.17150138166315,1.0,학교,5-10Y,4.292875345415787,학교,공공안정,중간_기능
58690,0,남성,1,1,0,53100000.0,기타,대학교 졸업 이상,기혼,주택 / 아파트,0.035792,1,0,단순 노동자,2.0,자영업,29,9,13.0,0,17.78768750504456,1.0,자영업,5-10Y,8.89384375252228,자영업,자영사업,취약_단순
40851,0,여성,0,1,0,13806000.0,연금수령자,고등학교 졸업,사별,주택 / 아파트,0.031329,0,0,Unknown,1.0,기타 1,59,1000,0.0,0,16.440613910677833,0.0,기타,Retired,16.440613910677833,기타,기타,기타
22341,1,여성,0,1,2,44604000.0,근로자,고등학교 졸업,기혼,주택 / 아파트,0.030755,1,0,Unknown,4.0,자영업,39,6,1.0,2,17.613334121486904,1.0,자영업,5-10Y,4.403333530371726,자영업,자영사업,기타
5265,0,여성,0,1,0,31860000.0,공무원,고등학교 졸업,별거,주택 / 아파트,0.031329,1,0,요식업 종사자,1.0,대학교,50,3,16.0,0,17.276861893833495,0.0,대학교,2-5Y,17.276861893833495,대학교,공공안정,취약_서비스
26656,0,남성,1,1,0,53100000.0,근로자,고등학교 졸업,기혼,주택 / 아파트,0.031329,1,0,기술직,2.0,자영업,24,1,24.0,0,17.78768750504456,1.0,자영업,Under 2Y,8.89384375252228,자영업,자영사업,중간_기능
39988,0,남성,1,1,0,74340000.0,연금수령자,대학교 졸업 이상,기혼,주택 / 아파트,0.006629,0,0,Unknown,2.0,기타 1,57,1000,19.0,0,18.124159736285087,1.0,기타,Retired,9.062079868142543,기타,기타,기타
3804,1,여성,0,1,0,42480000.0,기타,고등학교 졸업,기혼,주택 / 아파트,0.025164,1,0,단순 노동자,2.0,사업 2,40,4,10.0,0,17.564543958438446,1.0,사업,2-5Y,8.782271979219223,사업,자영사업,취약_단순
30421,0,여성,0,1,0,26550000.0,근로자,대학교 졸업 이상,기혼,주택 / 아파트,0.032561,1,0,부동산중개업자,2.0,부동산 중개업,46,0,20.0,0,17.094540343317004,1.0,부동산,Under 2Y,8.547270171658502,부동산,자영사업,취약_판매
224,0,여성,1,0,0,28674000.0,근로자,고등학교 졸업,기혼,주택 / 아파트,0.035792,1,0,미화원,2.0,유치원,52,5,0.0,0,17.17150138166315,1.0,유치원,5-10Y,8.585750690831574,유치원,공공안정,취약_단순
14018,0,여성,1,0,1,63720000.0,기타,대학교 졸업 이상,별거,주택 / 아파트,0.015221,1,0,회계사,2.0,사업 2,39,1,3.0,1,17.97000905869978,0.0,사업,Under 2Y,8.98500452934989,사업,자영사업,안정_전문관리
35334,0,남성,0,1,0,26550000.0,연금수령자,고등학교 졸업,사실혼,주택 / 아파트,0.0038179999999999,0,0,Unknown,2.0,기타 1,65,1000,16.0,0,17.094540343317004,1.0,기타,Retired,8.547270171658502,기타,기타,기타
39012,0,여성,0,1,0,21240000.0,연금수령자,고등학교 졸업,기혼,주택 / 아파트,0.030755,0,0,Unknown,2.0,기타 1,58,1000,12.0,0,16.87139680141899,1.0,기타,Retired,8.435698400709494,기타,기타,기타
26402,0,남성,0,0,1,31860000.0,근로자,고등학교 졸업,사실혼,주택 / 아파트,0.010276,1,0,Unknown,3.0,사업 2,32,3,14.0,1,17.276861893833495,1.0,사업,2-5Y,5.758953964611165,사업,자영사업,기타
23858,0,여성,0,1,0,26550000.0,근로자,고등학교 졸업,미혼,주택 / 아파트,0.018209,1,0,기술직,1.0,사업 0,40,2,22.0,0,17.094540343317004,0.0,사업,2-5Y,17.094540343317004,사업,자영사업,중간_기능
20668,0,여성,1,0,0,19116000.0,연금수령자,대학교 졸업 이상,기혼,주택 / 아파트,0.025164,0,0,Unknown,2.0,기타 1,58,1000,31.0,0,16.766036290992385,1.0,기타,Retired,8.383018145496193,기타,기타,기타
34195,0,남성,1,1,1,84960000.0,기타,대학교 졸업 이상,기혼,주택 / 아파트,0.072508,1,0,Unknown,3.0,기타 0,40,10,8.0,1,18.25769112722815,1.0,기타,10-20Y,6.085897042409383,기타,기타,기타
32388,1,여성,0,0,0,42480000.0,근로자,고등학교 졸업,사실혼,주택 / 아파트,0.018029,1,0,의료 업계 종사자,2.0,기타 0,28,5,12.0,0,17.564543958438446,1.0,기타,5-10Y,8.782271979219223,기타,기타,안정_전문관리
12123,0,남성,0,1,1,74340000.0,기타,대학교 중퇴,기혼,주택 / 아파트,0.032561,1,0,영업직,3.0,사업 2,37,4,21.0,1,18.124159736285087,1.0,사업,2-5Y,6.041386578761696,사업,자영사업,취약_판매
57354,0,남성,1,0,0,53100000.0,기타,고등학교 졸업,기혼,주택 / 아파트,0.008625,1,0,운전자,2.0,사업 2,36,5,16.0,0,17.78768750504456,1.0,사업,5-10Y,8.89384375252228,사업,자영사업,취약_기계
31706,0,남성,0,1,2,47790000.0,근로자,고등학교 졸업,기혼,아파트 임대,0.00963,1,0,Unknown,4.0,국가 안보,32,11,11.0,2,17.682326991479222,1.0,국가,10-20Y,4.4205817478698055,국가,공공안정,기타
45922,0,남성,1,0,0,26550000.0,근로자,고등학교 졸업,미혼,주택 / 아파트,0.022625,1,0,운전자,1.0,운송 1,44,8,9.0,0,17.094540343317004,0.0,운송,5-10Y,17.094540343317004,운송,경기민감,취약_기계
58617,0,여성,0,1,1,42480000.0,근로자,고등학교 졸업,기혼,주택 / 아파트,0.032561,1,0,조리사,3.0,의학,37,0,20.0,1,17.564543958438446,1.0,의학,Under 2Y,5.854847986146148,의학,전문금융,취약_서비스
31033,0,남성,1,0,0,37170000.0,근로자,대학교 졸업 이상,사실혼,주택 / 아파트,0.016612,1,0,보안 업계 종사자,2.0,보안,48,0,5.0,0,17.43101256917685,1.0,보안,Under 2Y,8.715506284588425,보안,서비스요식,취약_서비스
34683,0,남성,0,1,0,11682000.0,연금수령자,고등학교 졸업,기혼,주택 / 아파트,0.018801,0,0,Unknown,2.0,기타 1,67,1000,21.0,0,16.27355983918417,1.0,기타,Retired,8.136779919592085,기타,기타,기타
24801,0,여성,0,0,0,26550000.0,근로자,고등학교 졸업,기혼,주택 / 아파트,0.018209,1,0,조리사,2.0,유치원,48,6,25.0,0,17.094540343317004,1.0,유치원,5-10Y,8.547270171658502,유치원,공공안정,취약_서비스
33388,0,남성,0,0,0,84960000.0,근로자,대학교 졸업 이상,기혼,주택 / 아파트,0.019101,1,0,관리직,2.0,사업 2,32,5,14.0,0,18.25769112722815,1.0,사업,5-10Y,9.128845563614076,사업,자영사업,안정_전문관리
24029,0,여성,0,0,0,28674000.0,근로자,저학력자,기혼,주택 / 아파트,0.030755,1,0,Unknown,2.0,사업 2,48,6,12.0,0,17.17150138166315,1.0,사업,5-10Y,8.585750690831574,사업,자영사업,기타
45707,0,여성,0,0,0,31860000.0,근로자,고등학교 졸업,사실혼,주택 / 아파트,0.022625,1,0,Unknown,2.0,정부,44,6,1.0,0,17.276861893833495,1.0,정부,5-10Y,8.638430946916747,정부,공공안정,기타
49273,0,여성,0,1,2,23364000.0,근로자,대학교 졸업 이상,기혼,오피스텔,0.030755,1,0,기술직,4.0,사업 2,32,12,6.0,2,16.966706976943225,1.0,사업,10-20Y,4.241676744235806,사업,자영사업,중간_기능
58133,0,남성,0,0,0,127440000.0,기타,대학교 졸업 이상,별거,주택 / 아파트,0.032561,1,0,단순 노동자,1.0,사업 0,58,13,10.0,0,18.6631562314129,0.0,사업,10-20Y,18.6631562314129,사업,자영사업,취약_단순
57226,0,여성,0,1,0,37170000.0,근로자,고등학교 졸업,기혼,주택 / 아파트,0.035792,1,0,영업직,2.0,무역 3,51,6,29.0,0,17.43101256917685,1.0,무역,5-10Y,8.715506284588425,무역,경기민감,취약_판매
54630,0,여성,0,0,0,44604000.0,공무원,대학교 졸업 이상,사실혼,주택 / 아파트,0.014464,1,0,조리사,2.0,사업 2,61,2,17.0,0,17.613334121486904,1.0,사업,2-5Y,8.806667060743452,사업,자영사업,취약_서비스
58105,0,여성,0,0,0,26550000.0,연금수령자,고등학교 졸업,사실혼,주택 / 아파트,0.018801,0,0,Unknown,2.0,기타 1,61,1000,32.0,0,17.094540343317004,1.0,기타,Retired,8.547270171658502,기타,기타,기타
12957,0,여성,1,1,1,21240000.0,근로자,고등학교 졸업,기혼,주택 / 아파트,0.018634,1,0,영업직,3.0,자영업,41,0,4.0,1,16.87139680141899,1.0,자영업,Under 2Y,5.62379893380633,자영업,자영사업,취약_판매
54416,0,남성,1,1,0,63720000.0,기타,대학교 졸업 이상,미혼,주택 / 아파트,0.026392,1,0,관리직,1.0,사업 2,31,2,5.0,0,17.97000905869978,0.0,사업,2-5Y,17.97000905869978,사업,자영사업,안정_전문관리
51363,0,남성,1,1,0,44604000.0,기타,대학교 졸업 이상,기혼,주택 / 아파트,0.019101,1,0,Unknown,2.0,사업 2,34,6,5.0,0,17.613334121486904,1.0,사업,5-10Y,8.806667060743452,사업,자영사업,기타
35898,0,남성,1,0,0,21240000.0,근로자,고등학교 졸업,기혼,주택 / 아파트,0.008575,1,0,단순 노동자,2.0,자영업,49,4,3.0,0,16.87139680141899,1.0,자영업,2-5Y,8.435698400709494,자영업,자영사업,취약_단순
59794,1,남성,0,1,0,33984000.0,근로자,고등학교 졸업,기혼,주택 / 아파트,0.025164,1,0,단순 노동자,2.0,건설,28,1,0.0,0,17.34140041300936,1.0,건설,Under 2Y,8.67070020650468,건설,경기민감,취약_단순
20440,0,남성,1,1,0,42480000.0,기타,고등학교 졸업,기혼,주택 / 아파트,0.018209,1,0,Unknown,2.0,농업,60,19,32.0,0,17.564543958438446,1.0,농업,10-20Y,8.782271979219223,농업,기타,기타
36852,0,여성,0,1,2,19116000.0,기타,대학교 졸업 이상,기혼,주택 / 아파트,0.019101,1,0,Unknown,4.0,사업 2,43,11,3.0,2,16.766036290992385,1.0,사업,10-20Y,4.191509072748096,사업,자영사업,기타
35569,0,남성,1,1,2,37170000.0,기타,대학교 졸업 이상,기혼,주택 / 아파트,0.01885,1,0,핵심 노동자,4.0,은행,33,1,5.0,2,17.43101256917685,1.0,은행,Under 2Y,4.357753142294213,은행,공공안정,중간_기능
54474,1,남성,1,0,0,42480000.0,연금수령자,대학교 졸업 이상,별거,주택 / 아파트,0.0196889999999999,0,0,Unknown,1.0,기타 1,54,1000,4.0,0,17.564543958438446,0.0,기타,Retired,17.564543958438446,기타,기타,기타
17051,0,여성,1,0,0,37170000.0,연금수령자,고등학교 졸업,기혼,주택 / 아파트,0.018029,0,0,Unknown,2.0,기타 1,60,1000,13.0,0,17.43101256917685,1.0,기타,Retired,8.715506284588425,기타,기타,기타
4057,0,여성,1,1,0,42480000.0,근로자,고등학교 졸업,기혼,주택 / 아파트,0.030755,1,0,의료 업계 종사자,2.0,의학,47,20,5.0,0,17.564543958438446,1.0,의학,Over 20Y,8.782271979219223,의학,전문금융,안정_전문관리
42577,0,여성,1,1,1,43542000.0,근로자,대학교 졸업 이상,기혼,주택 / 아파트,0.026392,1,0,핵심 노동자,3.0,레스토랑,36,5,5.0,1,17.58923657045466,1.0,레스토랑,5-10Y,5.86307885681822,레스토랑,서비스요식,중간_기능
44453,0,여성,0,1,0,23364000.0,연금수령자,고등학교 졸업,기혼,주택 / 아파트,0.018801,0,0,Unknown,2.0,기타 1,56,1000,33.0,0,16.966706976943225,1.0,기타,Retired,8.483353488471613,기타,기타,기타
19761,0,여성,1,1,2,53100000.0,공무원,고등학교 졸업,기혼,주택 / 아파트,0.04622,1,0,Unknown,4.0,의학,31,6,5.0,2,17.78768750504456,1.0,의학,5-10Y,4.44692187626114,의학,전문금융,기타
58800,0,남성,1,0,0,23364000.0,연금수령자,고등학교 졸업,기혼,주택 / 아파트,0.018029,0,0,Unknown,2.0,기타 1,63,1000,15.0,0,16.966706976943225,1.0,기타,Retired,8.483353488471613,기타,기타,기타
21720,0,여성,1,1,1,21240000.0,근로자,고등학교 졸업,기혼,주택 / 아파트,0.030755,1,0,기술직,3.0,기타 0,31,8,10.0,1,16.87139680141899,1.0,기타,5-10Y,5.62379893380633,기타,기타,중간_기능
34067,0,여성,0,1,2,63720000.0,기타,대학교 중퇴,사실혼,주택 / 아파트,0.032561,1,1,Unknown,4.0,기타 0,41,3,6.0,2,17.97000905869978,1.0,기타,2-5Y,4.492502264674945,기타,기타,기타
22949,0,여성,0,1,1,53100000.0,기타,고등학교 졸업,사실혼,주택 / 아파트,0.00963,1,0,영업직,3.0,자영업,40,3,23.0,1,17.78768750504456,1.0,자영업,2-5Y,5.929229168348186,자영업,자영사업,취약_판매
19247,0,여성,1,1,0,84960000.0,근로자,대학교 졸업 이상,별거,주택 / 아파트,0.0116569999999999,1,0,보안 업계 종사자,1.0,사업 2,54,2,24.0,0,18.25769112722815,0.0,사업,2-5Y,18.25769112722815,사업,자영사업,취약_서비스
18881,1,남성,1,1,0,47790000.0,근로자,고등학교 졸업,기혼,주택 / 아파트,0.015221,1,0,단순 노동자,2.0,산업 3,56,7,9.0,0,17.682326991479222,1.0,산업,5-10Y,8.841163495739611,산업,경기민감,취약_단순
51329,0,여성,0,1,0,12744000.0,연금수령자,고등학교 졸업,별거,주택 / 아파트,0.015221,0,0,Unknown,1.0,기타 1,59,1000,27.0,0,16.360571209040316,0.0,기타,Retired,16.360571209040316,기타,기타,기타
44487,0,여성,1,1,0,69030000.0,근로자,대학교 졸업 이상,기혼,주택 / 아파트,0.025164,1,0,기술직,2.0,사업 0,26,4,11.0,0,18.050051765166117,1.0,사업,2-5Y,9.025025882583057,사업,자영사업,중간_기능
51435,0,남성,1,1,0,53100000.0,기타,대학교 졸업 이상,기혼,주택 / 아파트,0.02461,1,1,관리직,2.0,사업 0,53,1,7.0,0,17.78768750504456,1.0,사업,Under 2Y,8.89384375252228,사업,자영사업,안정_전문관리
48626,0,여성,1,1,0,10089000.0,연금수령자,고등학교 졸업,기혼,주택 / 아파트,0.030755,0,0,Unknown,2.0,기타 1,54,1000,5.0,0,16.126956378508364,1.0,기타,Retired,8.063478189254182,기타,기타,기타
31272,1,여성,0,1,1,31860000.0,기타,고등학교 졸업,기혼,주택 / 아파트,0.020246,1,0,회계사,3.0,자영업,33,2,11.0,1,17.276861893833495,1.0,자영업,2-5Y,5.758953964611165,자영업,자영사업,안정_전문관리
47407,0,남성,0,1,1,37170000.0,근로자,고등학교 졸업,기혼,주택 / 아파트,0.006305,1,0,단순 노동자,3.0,자영업,30,1,1.0,1,17.43101256917685,1.0,자영업,Under 2Y,5.810337523058951,자영업,자영사업,취약_단순
22004,0,남성,0,1,1,31860000.0,기타,고등학교 졸업,기혼,주택 / 아파트,0.011703,1,1,단순 노동자,3.0,사업 2,27,0,23.0,1,17.276861893833495,1.0,사업,Under 2Y,5.758953964611165,사업,자영사업,취약_단순
25809,0,여성,0,0,0,26550000.0,연금수령자,고등학교 졸업,기혼,주택 / 아파트,0.008019,0,0,Unknown,2.0,기타 1,60,1000,9.0,0,17.094540343317004,1.0,기타,Retired,8.547270171658502,기타,기타,기타
18461,0,남성,0,1,0,19116000.0,근로자,고등학교 졸업,기혼,주택 / 아파트,0.030755,1,0,보안 업계 종사자,2.0,사업 1,52,10,10.0,0,16.766036290992385,1.0,사업,10-20Y,8.383018145496193,사업,자영사업,취약_서비스
33588,0,여성,0,1,0,19116000.0,연금수령자,고등학교 졸업,기혼,주택 / 아파트,0.01885,0,0,Unknown,2.0,기타 1,64,1000,12.0,0,16.766036290992385,1.0,기타,Retired,8.383018145496193,기타,기타,기타
17133,0,여성,0,1,0,47790000.0,연금수령자,고등학교 졸업,기혼,주택 / 아파트,0.025164,0,0,Unknown,2.0,기타 1,61,1000,13.0,0,17.682326991479222,1.0,기타,Retired,8.841163495739611,기타,기타,기타
19866,0,여성,1,0,1,27612000.0,근로자,고등학교 졸업,기혼,주택 / 아파트,0.025164,1,0,Unknown,3.0,자영업,38,5,9.0,1,17.13376105502164,1.0,자영업,5-10Y,5.711253685007214,자영업,자영사업,기타
41587,0,여성,0,1,1,21240000.0,근로자,대학교 졸업 이상,기혼,주택 / 아파트,0.005313,1,0,핵심 노동자,3.0,국가 안보,42,4,10.0,1,16.87139680141899,1.0,국가,2-5Y,5.62379893380633,국가,공공안정,중간_기능
23972,0,여성,1,1,0,26550000.0,근로자,대학교 졸업 이상,사실혼,주택 / 아파트,0.0096569999999999,1,0,회계사,2.0,무역 0,28,2,1.0,0,17.094540343317004,1.0,무역,2-5Y,8.547270171658502,무역,경기민감,안정_전문관리
50421,1,여성,0,1,0,33984000.0,근로자,대학교 졸업 이상,기혼,주택 / 아파트,0.020246,1,0,핵심 노동자,2.0,학교,45,1,1.0,0,17.34140041300936,1.0,학교,Under 2Y,8.67070020650468,학교,공공안정,중간_기능
27864,0,여성,1,1,0,53100000.0,기타,대학교 졸업 이상,기혼,주택 / 아파트,0.0196889999999999,1,0,관리직,2.0,사업 2,28,5,2.0,0,17.78768750504456,1.0,사업,5-10Y,8.89384375252228,사업,자영사업,안정_전문관리
58339,0,여성,0,1,0,42480000.0,기타,대학교 졸업 이상,기혼,주택 / 아파트,0.032561,1,0,Unknown,2.0,사업 2,28,0,0.0,0,17.564543958438446,1.0,사업,Under 2Y,8.782271979219223,사업,자영사업,기타
10674,0,남성,1,1,0,39294000.0,근로자,고등학교 졸업,기혼,주택 / 아파트,0.025164,1,0,단순 노동자,2.0,자영업,54,1,4.0,0,17.486582418877422,1.0,자영업,Under 2Y,8.743291209438711,자영업,자영사업,취약_단순
9134,0,남성,1,1,0,42480000.0,근로자,고등학교 졸업,기혼,주택 / 아파트,0.01885,1,0,기술직,2.0,사업 2,52,9,2.0,0,17.564543958438446,1.0,사업,5-10Y,8.782271979219223,사업,자영사업,중간_기능
48450,1,남성,0,1,0,37170000.0,근로자,고등학교 졸업,기혼,주택 / 아파트,0.018029,1,0,Unknown,2.0,자영업,31,0,9.0,0,17.43101256917685,1.0,자영업,Under 2Y,8.715506284588425,자영업,자영사업,기타
52264,1,여성,1,1,2,19116000.0,근로자,대학교 중퇴,기혼,주택 / 아파트,0.015221,1,0,영업직,4.0,자영업,41,9,1.0,2,16.766036290992385,1.0,자영업,5-10Y,4.191509072748096,자영업,자영사업,취약_판매
3715,0,남성,0,1,0,48108600.0,기타,고등학교 졸업,기혼,주택 / 아파트,0.0228,1,0,단순 노동자,2.0,자영업,42,2,2.0,0,17.688971534059313,1.0,자영업,2-5Y,8.844485767029656,자영업,자영사업,취약_단순
49174,0,여성,0,1,1,42480000.0,근로자,대학교 졸업 이상,기혼,주택 / 아파트,0.007305,1,1,핵심 노동자,3.0,자영업,33,4,3.0,1,17.564543958438446,1.0,자영업,2-5Y,5.854847986146148,자영업,자영사업,중간_기능
53832,0,여성,0,1,0,14549400.0,연금수령자,고등학교 졸업,사별,주택 / 아파트,0.04622,0,0,Unknown,1.0,기타 1,63,1000,0.0,0,16.493060382349455,0.0,기타,Retired,16.493060382349455,기타,기타,기타
45340,1,남성,0,1,0,42480000.0,기타,고등학교 졸업,기혼,주택 / 아파트,0.04622,1,0,단순 노동자,2.0,운송 1,35,11,17.0,0,17.564543958438446,1.0,운송,10-20Y,8.782271979219223,운송,경기민감,취약_단순
48332,0,남성,0,1,0,90270000.0,연금수령자,고등학교 졸업,미혼,주택 / 아파트,0.005313,0,0,Unknown,1.0,기타 1,45,1000,12.0,0,18.318315748352216,0.0,기타,Retired,18.318315748352216,기타,기타,기타
52058,0,여성,0,0,0,61596000.0,연금수령자,고등학교 졸업,기혼,주택 / 아파트,0.016612,0,0,Unknown,2.0,기타 1,59,1000,8.0,0,17.93610750756526,1.0,기타,Retired,8.96805375378263,기타,기타,기타
32163,0,여성,0,1,0,21240000.0,기타,고등학교 졸업,미혼,주택 / 아파트,0.00712,1,0,영업직,1.0,사업 2,21,2,18.0,0,16.87139680141899,0.0,사업,2-5Y,16.87139680141899,사업,자영사업,취약_판매
59178,0,여성,0,1,0,14868000.0,연금수령자,고등학교 졸업,기혼,주택 / 아파트,0.0196889999999999,0,0,Unknown,2.0,기타 1,58,1000,13.0,0,16.51472187765782,1.0,기타,Retired,8.25736093882891,기타,기타,기타
17853,0,여성,0,1,0,69030000.0,근로자,고등학교 졸업,별거,주택 / 아파트,0.005313,1,0,의료 업계 종사자,1.0,의학,51,2,9.0,0,18.050051765166117,0.0,의학,2-5Y,18.050051765166117,의학,전문금융,안정_전문관리
35504,0,여성,0,1,0,42480000.0,근로자,고등학교 졸업,기혼,주택 / 아파트,0.0145199999999999,1,0,Unknown,2.0,무역 3,34,3,18.0,0,17.564543958438446,1.0,무역,2-5Y,8.782271979219223,무역,경기민감,기타
8153,0,여성,0,1,0,21240000.0,근로자,고등학교 졸업,사별,공공분양,0.020713,1,0,단순 노동자,1.0,운송 0,54,3,15.0,0,16.87139680141899,0.0,운송,2-5Y,16.87139680141899,운송,경기민감,취약_단순
40739,0,남성,1,1,0,72216000.0,근로자,고등학교 졸업,기혼,주택 / 아파트,0.030755,1,0,운전자,2.0,기타 0,35,4,1.0,0,18.095172199807475,1.0,기타,2-5Y,9.047586099903738,기타,기타,취약_기계
59841,0,여성,1,1,1,26550000.0,기타,고등학교 졸업,기혼,주택 / 아파트,0.0038179999999999,1,0,영업직,3.0,사업 2,41,8,2.0,1,17.094540343317004,1.0,사업,5-10Y,5.698180114439001,사업,자영사업,취약_판매
17995,0,여성,0,0,1,29913354.0,공무원,대학교 중퇴,기혼,주택 / 아파트,0.02461,1,0,핵심 노동자,3.0,유치원,24,1,24.0,1,17.213815594158426,1.0,유치원,Under 2Y,5.737938531386142,유치원,공공안정,중간_기능
53433,0,여성,0,1,0,21240000.0,연금수령자,고등학교 졸업,기혼,주택 / 아파트,0.02461,0,0,Unknown,2.0,기타 1,60,1000,25.0,0,16.87139680141899,1.0,기타,Retired,8.435698400709494,기타,기타,기타
32044,0,여성,0,0,0,26550000.0,연금수령자,고등학교 졸업,별거,주택 / 아파트,0.035792,0,0,Unknown,1.0,기타 1,55,1000,27.0,0,17.094540343317004,0.0,기타,Retired,17.094540343317004,기타,기타,기타
59896,0,여성,1,1,1,63720000.0,기타,대학교 졸업 이상,기혼,주택 / 아파트,0.04622,1,0,관리직,3.0,사업 2,35,1,17.0,1,17.97000905869978,1.0,사업,Under 2Y,5.990003019566593,사업,자영사업,안정_전문관리
21549,0,남성,1,1,0,63720000.0,기타,고등학교 졸업,사실혼,주택 / 아파트,0.022625,1,0,운전자,2.0,자영업,41,8,9.0,0,17.97000905869978,1.0,자영업,5-10Y,8.98500452934989,자영업,자영사업,취약_기계
11757,0,여성,0,1,0,21240000.0,연금수령자,고등학교 졸업,사별,주택 / 아파트,0.010643,0,0,Unknown,1.0,기타 1,55,1000,4.0,0,16.87139680141899,0.0,기타,Retired,16.87139680141899,기타,기타,기타
5847,0,여성,0,1,0,45666000.0,기타,고등학교 졸업,기혼,주택 / 아파트,0.018801,1,0,영업직,2.0,자영업,42,2,10.0,0,17.636864618375714,1.0,자영업,2-5Y,8.818432309187857,자영업,자영사업,취약_판매
48686,0,여성,0,1,0,21240000.0,근로자,고등학교 졸업,기혼,주택 / 아파트,0.035792,1,0,단순 노동자,2.0,산업 8,41,4,14.0,0,16.87139680141899,1.0,산업,2-5Y,8.435698400709494,산업,경기민감,취약_단순
47707,0,남성,1,1,0,47790000.0,기타,대학교 졸업 이상,기혼,주택 / 아파트,0.035792,1,0,기술직,2.0,사업 2,51,6,5.0,0,17.682326991479222,1.0,사업,5-10Y,8.841163495739611,사업,자영사업,중간_기능
56729,0,여성,1,1,0,42480000.0,근로자,대학교 졸업 이상,기혼,주택 / 아파트,0.016612,1,1,의료 업계 종사자,2.0,기타 0,26,5,0.0,0,17.564543958438446,1.0,기타,5-10Y,8.782271979219223,기타,기타,안정_전문관리
49603,0,여성,1,1,1,53100000.0,연금수령자,대학교 졸업 이상,기혼,주택 / 아파트,0.0035409999999999,0,0,Unknown,3.0,기타 1,52,1000,0.0,1,17.78768750504456,1.0,기타,Retired,5.929229168348186,기타,기타,기타
18216,0,남성,0,1,1,31860000.0,근로자,고등학교 졸업,기혼,주택 / 아파트,0.018209,1,0,운전자,3.0,자영업,26,3,11.0,1,17.276861893833495,1.0,자영업,2-5Y,5.758953964611165,자영업,자영사업,취약_기계
11065,0,남성,1,1,2,42480000.0,근로자,고등학교 졸업,기혼,주택 / 아파트,0.0116569999999999,1,0,운전자,4.0,사업 2,39,7,10.0,2,17.564543958438446,1.0,사업,5-10Y,4.391135989609611,사업,자영사업,취약_기계
35818,0,여성,0,1,0,37170000.0,연금수령자,고등학교 졸업,미혼,주택 / 아파트,0.072508,0,0,Unknown,1.0,기타 1,52,1000,35.0,0,17.43101256917685,0.0,기타,Retired,17.43101256917685,기타,기타,기타
31779,0,여성,0,1,0,38232000.0,공무원,대학교 졸업 이상,기혼,주택 / 아파트,0.072508,1,0,핵심 노동자,2.0,유치원,49,8,19.0,0,17.45918344539623,1.0,유치원,5-10Y,8.729591722698116,유치원,공공안정,중간_기능
9044,0,여성,0,1,0,42480000.0,연금수령자,고등학교 졸업,기혼,주택 / 아파트,0.035792,0,0,Unknown,2.0,기타 1,63,1000,9.0,0,17.564543958438446,1.0,기타,Retired,8.782271979219223,기타,기타,기타
30606,0,여성,0,0,0,38232000.0,기타,고등학교 졸업,별거,주택 / 아파트,0.008625,1,0,영업직,1.0,자영업,30,1,10.0,0,17.45918344539623,0.0,자영업,Under 2Y,17.45918344539623,자영업,자영사업,취약_판매
1879,0,여성,0,1,0,26550000.0,근로자,고등학교 졸업,기혼,주택 / 아파트,0.035792,1,0,Unknown,2.0,사업 2,30,6,11.0,0,17.094540343317004,1.0,사업,5-10Y,8.547270171658502,사업,자영사업,기타
29735,0,여성,1,1,0,42480000.0,연금수령자,고등학교 졸업,사실혼,주택 / 아파트,0.018029,0,0,Unknown,2.0,기타 1,52,1000,19.0,0,17.564543958438446,1.0,기타,Retired,8.782271979219223,기타,기타,기타
31303,0,여성,1,0,0,47790000.0,근로자,고등학교 졸업,기혼,주택 / 아파트,0.02461,1,0,Unknown,2.0,사업 2,40,3,5.0,0,17.682326991479222,1.0,사업,2-5Y,8.841163495739611,사업,자영사업,기타
49903,0,여성,0,1,0,26550000.0,연금수령자,고등학교 졸업,기혼,주택 / 아파트,0.00733,0,0,Unknown,2.0,기타 1,57,1000,26.0,0,17.094540343317004,1.0,기타,Retired,8.547270171658502,기타,기타,기타
2527,0,남성,1,1,0,53100000.0,기타,고등학교 졸업,기혼,주택 / 아파트,0.026392,1,1,단순 노동자,2.0,통신,30,6,1.0,0,17.78768750504456,1.0,통신,5-10Y,8.89384375252228,통신,기타,취약_단순
46343,0,여성,0,1,0,31860000.0,연금수령자,고등학교 졸업,기혼,주택 / 아파트,0.032561,0,0,Unknown,2.0,기타 1,64,1000,33.0,0,17.276861893833495,1.0,기타,Retired,8.638430946916747,기타,기타,기타
44828,0,여성,0,1,1,47790000.0,근로자,고등학교 졸업,기혼,주택 / 아파트,0.035792,1,0,핵심 노동자,3.0,군대,45,1,2.0,1,17.682326991479222,1.0,군대,Under 2Y,5.894108997159741,군대,공공안정,중간_기능
5751,0,여성,0,1,0,37170000.0,연금수령자,고등학교 졸업,기혼,주택 / 아파트,0.026392,0,0,Unknown,2.0,기타 1,55,1000,29.0,0,17.43101256917685,1.0,기타,Retired,8.715506284588425,기타,기타,기타
40454,0,여성,0,1,0,90270000.0,연금수령자,고등학교 졸업,별거,주택 / 아파트,0.019101,0,0,Unknown,1.0,기타 1,61,1000,3.0,0,18.318315748352216,0.0,기타,Retired,18.318315748352216,기타,기타,기타
11067,1,여성,0,1,0,100890000.0,공무원,고등학교 졸업,기혼,주택 / 아파트,0.032561,1,0,Unknown,2.0,대학교,50,6,16.0,0,18.429541382296343,1.0,대학교,5-10Y,9.214770691148171,대학교,공공안정,기타
47522,0,여성,0,1,1,24426000.0,근로자,대학교 졸업 이상,기혼,주택 / 아파트,0.020246,1,0,Unknown,3.0,사업 2,30,2,3.0,1,17.01115873765315,1.0,사업,2-5Y,5.670386245884384,사업,자영사업,기타
32865,0,남성,1,0,0,47790000.0,근로자,대학교 졸업 이상,기혼,공공분양,0.020713,1,0,Unknown,2.0,사업 1,43,13,12.0,0,17.682326991479222,1.0,사업,10-20Y,8.841163495739611,사업,자영사업,기타
50897,0,여성,0,0,0,74340000.0,기타,고등학교 졸업,미혼,주택 / 아파트,0.04622,1,0,영업직,1.0,사업 2,56,1,14.0,0,18.124159736285087,0.0,사업,Under 2Y,18.124159736285087,사업,자영사업,취약_판매
7876,0,남성,0,0,0,63720000.0,근로자,대학교 졸업 이상,기혼,주택 / 아파트,0.02461,1,1,관리직,2.0,산업 4,37,2,12.0,0,17.97000905869978,1.0,산업,2-5Y,8.98500452934989,산업,경기민감,안정_전문관리
18215,0,남성,0,0,0,21240000.0,연금수령자,고등학교 졸업,기혼,공공분양,0.007114,0,0,Unknown,2.0,기타 1,57,1000,20.0,0,16.87139680141899,1.0,기타,Retired,8.435698400709494,기타,기타,기타
29702,1,여성,0,0,0,21240000.0,연금수령자,고등학교 졸업,사실혼,주택 / 아파트,0.010966,0,0,Unknown,2.0,기타 1,44,1000,24.0,0,16.87139680141899,1.0,기타,Retired,8.435698400709494,기타,기타,기타
30153,0,여성,0,1,1,37170000.0,기타,대학교 졸업 이상,미혼,오피스텔,0.018801,1,0,미화원,2.0,자영업,43,9,12.0,1,17.43101256917685,0.0,자영업,5-10Y,8.715506284588425,자영업,자영사업,취약_단순
22186,0,여성,1,1,0,82836000.0,연금수령자,대학교 졸업 이상,미혼,주택 / 아파트,0.002042,0,0,Unknown,1.0,기타 1,61,1000,13.0,0,18.23237331954566,0.0,기타,Retired,18.23237331954566,기타,기타,기타
59636,0,남성,1,1,0,31860000.0,공무원,고등학교 졸업,기혼,아파트 임대,0.015221,1,0,Unknown,2.0,국가 안보,29,6,7.0,0,17.276861893833495,1.0,국가,5-10Y,8.638430946916747,국가,공공안정,기타
55933,1,남성,0,1,0,42480000.0,근로자,고등학교 졸업,기혼,주택 / 아파트,0.010006,1,0,단순 노동자,2.0,사업 2,57,3,1.0,0,17.564543958438446,1.0,사업,2-5Y,8.782271979219223,사업,자영사업,취약_단순
44830,0,남성,0,1,2,42480000.0,근로자,고등학교 졸업,기혼,주택 / 아파트,0.004849,1,0,핵심 노동자,4.0,경찰,27,5,11.0,2,17.564543958438446,1.0,경찰,5-10Y,4.391135989609611,경찰,공공안정,중간_기능
47429,0,여성,0,0,0,27612000.0,연금수령자,고등학교 졸업,기혼,주택 / 아파트,0.031329,0,0,Unknown,2.0,기타 1,66,1000,38.0,0,17.13376105502164,1.0,기타,Retired,8.56688052751082,기타,기타,기타
56627,1,여성,0,1,0,42480000.0,근로자,대학교 졸업 이상,기혼,주택 / 아파트,0.010147,1,0,영업직,2.0,무역 0,52,10,10.0,0,17.564543958438446,1.0,무역,10-20Y,8.782271979219223,무역,경기민감,취약_판매
21987,0,여성,0,1,0,21240000.0,근로자,고등학교 졸업,별거,주택 / 아파트,0.020246,1,0,미화원,1.0,사업 2,52,1,12.0,0,16.87139680141899,0.0,사업,Under 2Y,16.87139680141899,사업,자영사업,취약_단순
9393,0,여성,0,1,0,26550000.0,근로자,대학교 졸업 이상,기혼,주택 / 아파트,0.009175,1,0,핵심 노동자,2.0,학교,40,13,3.0,0,17.094540343317004,1.0,학교,10-20Y,8.547270171658502,학교,공공안정,중간_기능
43159,0,여성,0,1,0,30798000.0,연금수령자,저학력자,기혼,주택 / 아파트,0.028663,0,0,Unknown,2.0,기타 1,62,1000,2.0,0,17.242960343240135,1.0,기타,Retired,8.621480171620068,기타,기타,기타
47812,0,여성,0,0,0,16992000.0,연금수령자,대학교 졸업 이상,별거,주택 / 아파트,0.0084739999999999,0,0,Unknown,1.0,기타 1,58,1000,24.0,0,16.648253261875023,0.0,기타,Retired,16.648253261875023,기타,기타,기타
2399,0,남성,0,1,1,31860000.0,근로자,고등학교 졸업,기혼,주택 / 아파트,0.010147,1,0,단순 노동자,3.0,산업 10,29,1,11.0,1,17.276861893833495,1.0,산업,Under 2Y,5.758953964611165,산업,경기민감,취약_단순
45184,0,여성,1,0,1,26550000.0,근로자,대학교 졸업 이상,기혼,주택 / 아파트,0.028663,1,0,영업직,3.0,사업 2,27,6,5.0,1,17.094540343317004,1.0,사업,5-10Y,5.698180114439001,사업,자영사업,취약_판매
42307,0,여성,0,1,0,63720000.0,기타,대학교 졸업 이상,미혼,주택 / 아파트,0.00702,1,1,Unknown,1.0,사업 2,31,4,14.0,0,17.97000905869978,0.0,사업,2-5Y,17.97000905869978,사업,자영사업,기타
51953,0,여성,0,1,0,24744600.0,근로자,대학교 졸업 이상,별거,주택 / 아파트,0.030755,1,0,회계사,1.0,산업 8,57,11,12.0,0,17.024117881768532,0.0,산업,10-20Y,17.024117881768532,산업,경기민감,안정_전문관리
45749,0,남성,1,1,0,53100000.0,근로자,고등학교 졸업,기혼,주택 / 아파트,0.035792,1,0,관리직,2.0,자영업,35,4,9.0,0,17.78768750504456,1.0,자영업,2-5Y,8.89384375252228,자영업,자영사업,안정_전문관리
10648,0,여성,0,1,0,15930000.0,연금수령자,고등학교 졸업,기혼,주택 / 아파트,0.018801,0,0,Unknown,2.0,기타 1,58,1000,0.0,0,16.583714744660867,1.0,기타,Retired,8.291857372330433,기타,기타,기타
31994,0,여성,0,1,0,21240000.0,근로자,고등학교 졸업,미혼,주택 / 아파트,0.01885,1,0,단순 노동자,1.0,사업 2,64,10,7.0,0,16.87139680141899,0.0,사업,10-20Y,16.87139680141899,사업,자영사업,취약_단순
45773,0,여성,0,0,1,15930000.0,연금수령자,고등학교 졸업,사실혼,오피스텔,0.015221,0,0,Unknown,3.0,기타 1,42,1000,5.0,1,16.583714744660867,1.0,기타,Retired,5.527904914886956,기타,기타,기타
52473,0,여성,0,0,1,19116000.0,근로자,고등학교 졸업,기혼,주택 / 아파트,0.018634,1,0,회계사,3.0,정부,50,10,22.0,1,16.766036290992385,1.0,정부,10-20Y,5.588678763664128,정부,공공안정,안정_전문관리
31190,0,여성,0,1,2,30267000.0,근로자,고등학교 졸업,기혼,주택 / 아파트,0.020246,1,0,단순 노동자,4.0,사업 2,35,13,10.0,2,17.22556860109791,1.0,사업,10-20Y,4.306392150274477,사업,자영사업,취약_단순
39,0,여성,1,0,0,63720000.0,근로자,대학교 졸업 이상,별거,공공분양,0.0228,1,0,회계사,1.0,기타 0,37,0,4.0,0,17.97000905869978,0.0,기타,Under 2Y,17.97000905869978,기타,기타,안정_전문관리
5026,1,여성,1,0,0,36108000.0,근로자,고등학교 졸업,미혼,주택 / 아파트,0.018029,1,0,조리사,1.0,정부,47,12,24.0,0,17.402025033094876,0.0,정부,10-20Y,17.402025033094876,정부,공공안정,취약_서비스
48054,0,여성,0,1,0,84960000.0,근로자,대학교 졸업 이상,기혼,주택 / 아파트,0.010006,1,0,회계사,2.0,산업 4,31,8,4.0,0,18.25769112722815,1.0,산업,5-10Y,9.128845563614076,산업,경기민감,안정_전문관리
36353,0,여성,0,1,0,7434000.0,연금수령자,고등학교 졸업,기혼,주택 / 아파트,0.010276,0,0,Unknown,2.0,기타 1,64,1000,3.0,0,15.82157476435641,1.0,기타,Retired,7.910787382178205,기타,기타,기타
6232,0,남성,1,1,1,53100000.0,근로자,고등학교 졸업,기혼,주택 / 아파트,0.026392,1,0,단순 노동자,3.0,사업 2,35,1,2.0,1,17.78768750504456,1.0,사업,Under 2Y,5.929229168348186,사업,자영사업,취약_단순
18902,0,여성,0,1,0,53100000.0,연금수령자,고등학교 졸업,사별,주택 / 아파트,0.02461,0,0,Unknown,1.0,기타 1,61,1000,3.0,0,17.78768750504456,0.0,기타,Retired,17.78768750504456,기타,기타,기타
24797,1,여성,1,1,2,26762400.0,근로자,고등학교 졸업,기혼,주택 / 아파트,0.002134,1,0,단순 노동자,4.0,정부,41,2,2.0,2,17.102508512667256,1.0,정부,2-5Y,4.275627128166814,정부,공공안정,취약_단순
22651,0,여성,1,0,0,20178000.0,근로자,대학교 졸업 이상,사별,주택 / 아파트,0.005084,1,0,관리직,1.0,유치원,42,24,0.0,0,16.820103509509387,0.0,유치원,Over 20Y,16.820103509509387,유치원,공공안정,안정_전문관리
58018,0,여성,0,1,0,18054000.0,근로자,고등학교 졸업,기혼,주택 / 아파트,0.022625,1,0,핵심 노동자,2.0,정부,45,2,10.0,0,16.708877880229622,1.0,정부,2-5Y,8.354438940114811,정부,공공안정,중간_기능
3840,0,남성,1,0,0,31860000.0,근로자,고등학교 졸업,기혼,주택 / 아파트,0.030755,1,0,운전자,2.0,사업 2,48,2,26.0,0,17.276861893833495,1.0,사업,2-5Y,8.638430946916747,사업,자영사업,취약_기계
45217,0,여성,0,1,0,57348000.0,연금수령자,대학교 졸업 이상,사별,주택 / 아파트,0.00496,0,0,Unknown,1.0,기타 1,59,1000,0.0,0,17.864648544785695,0.0,기타,Retired,17.864648544785695,기타,기타,기타
33409,0,여성,0,0,0,31860000.0,기타,고등학교 졸업,사실혼,주택 / 아파트,0.006305,1,0,관리직,2.0,농업,55,7,16.0,0,17.276861893833495,1.0,농업,5-10Y,8.638430946916747,농업,기타,안정_전문관리
35557,1,남성,1,0,0,21240000.0,근로자,고등학교 졸업,기혼,주택 / 아파트,0.002134,1,0,운전자,2.0,자영업,45,0,25.0,0,16.87139680141899,1.0,자영업,Under 2Y,8.435698400709494,자영업,자영사업,취약_기계
48469,0,여성,0,0,0,29736000.0,연금수령자,대학교 졸업 이상,미혼,주택 / 아파트,0.007114,0,0,Unknown,1.0,기타 1,62,1000,26.0,0,17.207869024588497,0.0,기타,Retired,17.207869024588497,기타,기타,기타
612,0,여성,0,1,0,21240000.0,기타,고등학교 졸업,미혼,주택 / 아파트,0.031329,1,0,Unknown,1.0,사업 1,48,3,19.0,0,16.87139680141899,0.0,사업,2-5Y,16.87139680141899,사업,자영사업,기타
32098,0,여성,1,1,1,37170000.0,근로자,고등학교 졸업,기혼,주택 / 아파트,0.025164,1,0,Unknown,3.0,자영업,38,6,14.0,1,17.43101256917685,1.0,자영업,5-10Y,5.810337523058951,자영업,자영사업,기타
43104,0,여성,0,1,2,15930000.0,근로자,고등학교 졸업,사실혼,주택 / 아파트,0.006207,1,0,단순 노동자,4.0,자영업,38,6,21.0,2,16.583714744660867,1.0,자영업,5-10Y,4.145928686165217,자영업,자영사업,취약_단순
28723,1,여성,0,1,0,53100000.0,근로자,대학교 졸업 이상,기혼,주택 / 아파트,0.0145199999999999,1,1,영업직,2.0,사업 2,45,5,8.0,0,17.78768750504456,1.0,사업,5-10Y,8.89384375252228,사업,자영사업,취약_판매
2807,0,남성,1,1,1,74340000.0,공무원,대학교 졸업 이상,기혼,주택 / 아파트,0.005002,1,0,핵심 노동자,3.0,군대,44,18,17.0,1,18.124159736285087,1.0,군대,10-20Y,6.041386578761696,군대,공공안정,중간_기능
34151,1,남성,1,0,0,37170000.0,근로자,고등학교 졸업,사실혼,주택 / 아파트,0.018634,1,0,Unknown,2.0,사업 2,44,6,0.0,0,17.43101256917685,1.0,사업,5-10Y,8.715506284588425,사업,자영사업,기타
15517,0,남성,1,1,0,47790000.0,연금수령자,대학교 졸업 이상,사실혼,주택 / 아파트,0.010276,0,0,Unknown,2.0,기타 1,55,1000,8.0,0,17.682326991479222,1.0,기타,Retired,8.841163495739611,기타,기타,기타
37347,0,남성,0,0,1,15930000.0,근로자,고등학교 졸업,기혼,주택 / 아파트,0.0145199999999999,1,1,보안 업계 종사자,3.0,기타 0,29,2,0.0,1,16.583714744660867,1.0,기타,2-5Y,5.527904914886956,기타,기타,취약_서비스
27639,0,여성,1,1,2,21240000.0,근로자,고등학교 졸업,기혼,주택 / 아파트,0.02461,1,0,단순 노동자,4.0,학교,37,3,14.0,2,16.87139680141899,1.0,학교,2-5Y,4.217849200354747,학교,공공안정,취약_단순
39117,0,여성,0,0,0,26550000.0,근로자,대학교 중퇴,기혼,주택 / 아파트,0.004849,1,0,영업직,2.0,무역 0,26,2,12.0,0,17.094540343317004,1.0,무역,2-5Y,8.547270171658502,무역,경기민감,취약_판매
38380,0,여성,0,1,1,21240000.0,근로자,고등학교 졸업,기혼,주택 / 아파트,0.020246,1,0,Unknown,3.0,산업 4,36,6,17.0,1,16.87139680141899,1.0,산업,5-10Y,5.62379893380633,산업,경기민감,기타
4248,0,여성,0,1,0,42267600.0,기타,고등학교 졸업,기혼,주택 / 아파트,0.018634,1,0,Unknown,2.0,사업 2,39,3,7.0,0,17.559531416733197,1.0,사업,2-5Y,8.779765708366599,사업,자영사업,기타
51497,0,여성,0,0,0,42480000.0,연금수령자,고등학교 졸업,기혼,공공분양,0.018801,0,0,Unknown,2.0,기타 1,64,1000,32.0,0,17.564543958438446,1.0,기타,Retired,8.782271979219223,기타,기타,기타
13477,0,여성,0,1,0,53100000.0,연금수령자,고등학교 졸업,기혼,주택 / 아파트,0.00963,0,0,Unknown,2.0,기타 1,53,1000,9.0,0,17.78768750504456,1.0,기타,Retired,8.89384375252228,기타,기타,기타
4044,0,여성,0,1,0,26550000.0,근로자,대학교 졸업 이상,기혼,주택 / 아파트,0.018634,1,0,의료 업계 종사자,2.0,의학,40,19,7.0,0,17.094540343317004,1.0,의학,10-20Y,8.547270171658502,의학,전문금융,안정_전문관리
47148,0,여성,0,1,0,27612000.0,근로자,대학교 졸업 이상,미혼,주택 / 아파트,0.020246,1,0,회계사,1.0,주택,34,2,2.0,0,17.13376105502164,0.0,주택,2-5Y,17.13376105502164,주택,기타,안정_전문관리
51129,0,여성,0,1,0,19116000.0,근로자,고등학교 졸업,사별,주택 / 아파트,0.0084739999999999,1,0,Unknown,1.0,사업 0,53,11,23.0,0,16.766036290992385,0.0,사업,10-20Y,16.766036290992385,사업,자영사업,기타
14064,0,여성,0,1,1,47790000.0,공무원,고등학교 졸업,기혼,주택 / 아파트,0.04622,1,0,단순 노동자,3.0,사업 2,33,0,3.0,1,17.682326991479222,1.0,사업,Under 2Y,5.894108997159741,사업,자영사업,취약_단순
15694,0,남성,0,1,1,42735942.0,기타,대학교 중퇴,기혼,주택 / 아파트,0.020246,1,1,영업직,3.0,무역 2,25,0,10.0,1,17.570550880560866,1.0,무역,Under 2Y,5.856850293520289,무역,경기민감,취약_판매
27142,0,남성,0,1,1,53100000.0,근로자,고등학교 졸업,기혼,주택 / 아파트,0.007305,1,0,Unknown,3.0,정부,47,20,26.0,1,17.78768750504456,1.0,정부,Over 20Y,5.929229168348186,정부,공공안정,기타
5359,0,남성,0,1,2,47790000.0,기타,고등학교 졸업,기혼,주택 / 아파트,0.04622,1,0,단순 노동자,4.0,사업 2,32,4,12.0,2,17.682326991479222,1.0,사업,2-5Y,4.4205817478698055,사업,자영사업,취약_단순
53280,0,남성,0,0,0,53100000.0,근로자,대학교 중퇴,미혼,주택 / 아파트,0.035792,1,0,운전자,1.0,사업 2,31,1,2.0,0,17.78768750504456,0.0,사업,Under 2Y,17.78768750504456,사업,자영사업,취약_기계
37916,0,여성,1,1,0,53100000.0,연금수령자,고등학교 졸업,사별,주택 / 아파트,0.01885,0,0,Unknown,1.0,기타 1,62,1000,6.0,0,17.78768750504456,0.0,기타,Retired,17.78768750504456,기타,기타,기타
10469,0,남성,1,0,1,84960000.0,기타,대학교 졸업 이상,기혼,공공분양,0.018801,1,0,관리직,3.0,건설,35,10,7.0,1,18.25769112722815,1.0,건설,10-20Y,6.085897042409383,건설,경기민감,안정_전문관리
221,0,여성,0,1,0,23364000.0,공무원,고등학교 졸업,기혼,주택 / 아파트,0.015221,1,0,의료 업계 종사자,2.0,의학,34,12,15.0,0,16.966706976943225,1.0,의학,10-20Y,8.483353488471613,의학,전문금융,안정_전문관리
39057,0,남성,1,1,0,42480000.0,근로자,고등학교 졸업,기혼,주택 / 아파트,0.0228,1,0,운전자,2.0,자영업,51,3,26.0,0,17.564543958438446,1.0,자영업,2-5Y,8.782271979219223,자영업,자영사업,취약_기계
31569,1,여성,0,0,2,21240000.0,기타,고등학교 졸업,기혼,주택 / 아파트,0.00702,1,0,영업직,4.0,사업 2,36,1,5.0,2,16.87139680141899,1.0,사업,Under 2Y,4.217849200354747,사업,자영사업,취약_판매
59107,0,여성,0,0,0,31860000.0,기타,고등학교 졸업,기혼,주택 / 아파트,0.005084,1,0,단순 노동자,2.0,주택,31,2,25.0,0,17.276861893833495,1.0,주택,2-5Y,8.638430946916747,주택,기타,취약_단순
11615,0,여성,0,0,0,31860000.0,근로자,고등학교 졸업,사실혼,주택 / 아파트,0.00963,1,0,영업직,2.0,정부,36,4,1.0,0,17.276861893833495,1.0,정부,2-5Y,8.638430946916747,정부,공공안정,취약_판매
31995,0,여성,0,1,0,37170000.0,기타,고등학교 졸업,기혼,주택 / 아파트,0.02461,1,0,단순 노동자,2.0,사업 0,48,5,19.0,0,17.43101256917685,1.0,사업,5-10Y,8.715506284588425,사업,자영사업,취약_단순
26225,0,남성,1,1,0,15930000.0,근로자,고등학교 졸업,기혼,주택 / 아파트,0.028663,1,0,운전자,2.0,농업,55,6,31.0,0,16.583714744660867,1.0,농업,5-10Y,8.291857372330433,농업,기타,취약_기계
942,0,남성,0,1,0,21240000.0,근로자,고등학교 졸업,미혼,주택 / 아파트,0.020713,1,0,단순 노동자,1.0,기타 0,36,14,14.0,0,16.87139680141899,0.0,기타,10-20Y,16.87139680141899,기타,기타,취약_단순
37350,0,여성,0,1,1,31860000.0,근로자,고등학교 졸업,미혼,주택 / 아파트,0.005144,1,0,Unknown,2.0,사업 2,48,8,31.0,1,17.276861893833495,0.0,사업,5-10Y,8.638430946916747,사업,자영사업,기타
36517,0,여성,0,1,0,31860000.0,근로자,고등학교 졸업,기혼,주택 / 아파트,0.020246,1,0,단순 노동자,2.0,건설,57,6,9.0,0,17.276861893833495,1.0,건설,5-10Y,8.638430946916747,건설,경기민감,취약_단순
6948,1,여성,0,1,1,21240000.0,근로자,고등학교 졸업,기혼,주택 / 아파트,0.028663,1,0,관리직,3.0,농업,27,6,0.0,1,16.87139680141899,1.0,농업,5-10Y,5.62379893380633,농업,기타,안정_전문관리
39604,0,여성,1,1,0,57348000.0,근로자,고등학교 졸업,기혼,주택 / 아파트,0.026392,1,0,조리사,2.0,사업 2,38,2,0.0,0,17.864648544785695,1.0,사업,2-5Y,8.932324272392847,사업,자영사업,취약_서비스
54010,0,여성,0,1,0,31860000.0,근로자,대학교 졸업 이상,사실혼,주택 / 아파트,0.04622,1,0,영업직,2.0,사업 2,34,1,17.0,0,17.276861893833495,1.0,사업,Under 2Y,8.638430946916747,사업,자영사업,취약_판매
6656,0,여성,0,0,0,37170000.0,근로자,대학교 졸업 이상,기혼,주택 / 아파트,0.0084739999999999,1,0,단순 노동자,2.0,사업 1,52,8,2.0,0,17.43101256917685,1.0,사업,5-10Y,8.715506284588425,사업,자영사업,취약_단순
27226,0,여성,0,1,1,72216000.0,근로자,고등학교 졸업,기혼,주택 / 아파트,0.04622,1,1,Unknown,3.0,사업 2,30,2,0.0,1,18.095172199807475,1.0,사업,2-5Y,6.031724066602492,사업,자영사업,기타
32952,0,남성,0,0,0,95580000.0,기타,고등학교 졸업,별거,주택 / 아파트,0.009334,1,0,Unknown,1.0,기타 0,45,6,1.0,0,18.37547416157673,0.0,기타,5-10Y,18.37547416157673,기타,기타,기타
18107,0,남성,1,1,0,67968000.0,공무원,대학교 졸업 이상,기혼,주택 / 아파트,0.04622,1,0,단순 노동자,2.0,정부,29,8,2.0,0,18.0345475788565,1.0,정부,5-10Y,9.01727378942825,정부,공공안정,취약_단순
3928,0,여성,0,1,0,21240000.0,연금수령자,고등학교 졸업,기혼,주택 / 아파트,0.00823,0,0,Unknown,2.0,기타 1,51,1000,6.0,0,16.87139680141899,1.0,기타,Retired,8.435698400709494,기타,기타,기타
56624,0,여성,0,1,0,15930000.0,연금수령자,고등학교 졸업,별거,주택 / 아파트,0.006852,0,0,Unknown,1.0,기타 1,66,1000,19.0,0,16.583714744660867,0.0,기타,Retired,16.583714744660867,기타,기타,기타
23609,0,여성,0,0,0,35046000.0,기타,고등학교 졸업,미혼,주택 / 아파트,0.002506,1,0,관리직,1.0,사업 2,41,13,15.0,0,17.372172070784426,0.0,사업,10-20Y,17.372172070784426,사업,자영사업,안정_전문관리
52357,0,여성,0,1,0,20178000.0,연금수령자,고등학교 졸업,별거,주택 / 아파트,0.00712,0,0,Unknown,1.0,기타 1,64,1000,33.0,0,16.820103509509387,0.0,기타,Retired,16.820103509509387,기타,기타,기타
31343,1,여성,0,0,0,26550000.0,근로자,고등학교 졸업,기혼,주택 / 아파트,0.030755,1,1,보안 업계 종사자,2.0,농업,48,8,18.0,0,17.094540343317004,1.0,농업,5-10Y,8.547270171658502,농업,기타,취약_서비스
29131,1,여성,0,1,2,23364000.0,기타,대학교 중퇴,기혼,주택 / 아파트,0.030755,1,0,영업직,4.0,무역 0,29,5,3.0,2,16.966706976943225,1.0,무역,5-10Y,4.241676744235806,무역,경기민감,취약_판매
34403,0,여성,1,1,2,47790000.0,근로자,고등학교 졸업,기혼,주택 / 아파트,0.010006,1,0,의료 업계 종사자,4.0,기타 0,45,0,2.0,2,17.682326991479222,1.0,기타,Under 2Y,4.4205817478698055,기타,기타,안정_전문관리
43802,0,남성,1,0,0,49914000.0,근로자,고등학교 졸업,기혼,주택 / 아파트,0.020246,1,0,운전자,2.0,사업 2,48,4,16.0,0,17.72581210252854,1.0,사업,2-5Y,8.86290605126427,사업,자영사업,취약_기계
5159,0,남성,0,1,3,21240000.0,근로자,고등학교 졸업,기혼,주택 / 아파트,0.007305,1,0,단순 노동자,5.0,사업 1,40,3,0.0,3+,16.87139680141899,1.0,사업,2-5Y,3.374279360283798,사업,자영사업,취약_단순
51232,0,여성,1,0,0,23364000.0,근로자,대학교 졸업 이상,기혼,주택 / 아파트,0.00712,1,0,영업직,2.0,자영업,49,1,13.0,0,16.966706976943225,1.0,자영업,Under 2Y,8.483353488471613,자영업,자영사업,취약_판매
8939,0,여성,0,1,0,48852000.0,공무원,고등학교 졸업,사실혼,주택 / 아파트,0.0066709999999999,1,0,Unknown,2.0,기타 0,43,0,18.0,0,17.704305897743108,1.0,기타,Under 2Y,8.852152948871554,기타,기타,기타
30814,0,여성,1,1,0,50976000.0,연금수령자,고등학교 졸업,기혼,주택 / 아파트,0.014464,0,0,Unknown,2.0,기타 1,59,1000,1.0,0,17.746865511308986,1.0,기타,Retired,8.873432755654493,기타,기타,기타
29387,0,여성,1,1,0,15930000.0,근로자,고등학교 졸업,기혼,주택 / 아파트,0.00963,1,0,영업직,2.0,사업 2,46,1,15.0,0,16.583714744660867,1.0,사업,Under 2Y,8.291857372330433,사업,자영사업,취약_판매
32366,1,여성,1,1,2,20178000.0,근로자,고등학교 졸업,기혼,주택 / 아파트,0.031329,1,0,Unknown,4.0,기타 0,28,5,0.0,2,16.820103509509387,1.0,기타,5-10Y,4.205025877377347,기타,기타,기타
52236,0,여성,0,1,0,38232000.0,근로자,고등학교 졸업,사별,주택 / 아파트,0.006207,1,0,미화원,1.0,무역 2,59,4,2.0,0,17.45918344539623,0.0,무역,2-5Y,17.45918344539623,무역,경기민감,취약_단순
7592,0,여성,0,1,0,18054000.0,기타,고등학교 졸업,기혼,주택 / 아파트,0.018801,1,0,미화원,2.0,정부,59,5,4.0,0,16.708877880229622,1.0,정부,5-10Y,8.354438940114811,정부,공공안정,취약_단순
28043,1,여성,0,1,0,21240000.0,근로자,고등학교 졸업,기혼,공공분양,0.031329,1,0,영업직,2.0,자영업,42,3,13.0,0,16.87139680141899,1.0,자영업,2-5Y,8.435698400709494,자영업,자영사업,취약_판매
34365,0,여성,0,1,1,37170000.0,근로자,고등학교 졸업,기혼,주택 / 아파트,0.008575,1,0,영업직,3.0,자영업,38,7,3.0,1,17.43101256917685,1.0,자영업,5-10Y,5.810337523058951,자영업,자영사업,취약_판매
30182,0,남성,1,0,0,21240000.0,근로자,고등학교 졸업,기혼,주택 / 아파트,0.015221,1,0,단순 노동자,2.0,사업 2,53,6,18.0,0,16.87139680141899,1.0,사업,5-10Y,8.435698400709494,사업,자영사업,취약_단순
17510,0,남성,1,1,0,28674000.0,근로자,고등학교 졸업,기혼,주택 / 아파트,0.0096569999999999,1,0,단순 노동자,2.0,사업 2,36,0,2.0,0,17.17150138166315,1.0,사업,Under 2Y,8.585750690831574,사업,자영사업,취약_단순
57330,0,남성,1,1,0,82836000.0,기타,대학교 졸업 이상,기혼,주택 / 아파트,0.04622,1,0,Unknown,2.0,건설,55,0,10.0,0,18.23237331954566,1.0,건설,Under 2Y,9.11618665977283,건설,경기민감,기타
14144,1,여성,0,0,0,29736000.0,기타,대학교 중퇴,기혼,주택 / 아파트,0.008575,1,0,영업직,2.0,자영업,26,2,0.0,0,17.207869024588497,1.0,자영업,2-5Y,8.603934512294249,자영업,자영사업,취약_판매
16253,0,여성,0,1,0,26550000.0,연금수령자,고등학교 졸업,미혼,주택 / 아파트,0.015221,0,0,Unknown,1.0,기타 1,56,1000,13.0,0,17.094540343317004,0.0,기타,Retired,17.094540343317004,기타,기타,기타
25414,0,여성,0,1,0,21240000.0,연금수령자,고등학교 졸업,기혼,주택 / 아파트,0.018209,0,0,Unknown,2.0,기타 1,62,1000,11.0,0,16.87139680141899,1.0,기타,Retired,8.435698400709494,기타,기타,기타
27809,0,여성,0,1,1,36108000.0,근로자,고등학교 졸업,기혼,주택 / 아파트,0.022625,1,0,Unknown,3.0,운송 1,27,9,3.0,1,17.402025033094876,1.0,운송,5-10Y,5.800675011031625,운송,경기민감,기타
3085,1,남성,1,1,0,53100000.0,기타,고등학교 졸업,기혼,주택 / 아파트,0.002042,1,0,Unknown,2.0,자영업,42,4,18.0,0,17.78768750504456,1.0,자영업,2-5Y,8.89384375252228,자영업,자영사업,기타
56469,0,여성,0,0,0,47790000.0,근로자,고등학교 졸업,기혼,주택 / 아파트,0.032561,1,0,Unknown,2.0,주택,44,3,28.0,0,17.682326991479222,1.0,주택,2-5Y,8.841163495739611,주택,기타,기타
22073,0,여성,1,0,0,23895000.0,근로자,고등학교 졸업,사실혼,주택 / 아파트,0.005084,1,1,관리직,2.0,사업 2,42,2,35.0,0,16.989179831844154,1.0,사업,2-5Y,8.494589915922077,사업,자영사업,안정_전문관리
51225,0,여성,0,1,0,25488000.0,근로자,고등학교 졸업,기혼,주택 / 아파트,0.018801,1,0,회계사,2.0,은행,48,15,10.0,0,17.053718350366115,1.0,은행,10-20Y,8.526859175183057,은행,공공안정,안정_전문관리
56906,0,여성,0,1,1,21240000.0,근로자,고등학교 졸업,기혼,주택 / 아파트,0.018029,1,0,핵심 노동자,3.0,학교,40,0,10.0,1,16.87139680141899,1.0,학교,Under 2Y,5.62379893380633,학교,공공안정,중간_기능
12736,0,여성,0,0,0,31860000.0,기타,고등학교 졸업,기혼,주택 / 아파트,0.014464,1,0,기술직,2.0,사업 0,40,8,14.0,0,17.276861893833495,1.0,사업,5-10Y,8.638430946916747,사업,자영사업,중간_기능
50530,0,여성,0,1,2,24426000.0,근로자,고등학교 졸업,기혼,주택 / 아파트,0.009334,1,0,Unknown,4.0,사업 2,32,2,2.0,2,17.01115873765315,1.0,사업,2-5Y,4.252789684413288,사업,자영사업,기타
6650,0,여성,0,1,0,69030000.0,연금수령자,고등학교 졸업,기혼,주택 / 아파트,0.018209,0,0,Unknown,2.0,기타 1,58,1000,5.0,0,18.050051765166117,1.0,기타,Retired,9.025025882583057,기타,기타,기타
58818,0,여성,1,1,0,37170000.0,연금수령자,대학교 중퇴,미혼,주택 / 아파트,0.072508,0,0,Unknown,1.0,기타 1,55,1000,16.0,0,17.43101256917685,0.0,기타,Retired,17.43101256917685,기타,기타,기타
48955,0,남성,1,0,2,42480000.0,근로자,고등학교 졸업,기혼,공공분양,0.031329,1,0,단순 노동자,4.0,기타 0,33,5,12.0,2,17.564543958438446,1.0,기타,5-10Y,4.391135989609611,기타,기타,취약_단순
43775,0,남성,0,1,1,26550000.0,근로자,고등학교 졸업,기혼,주택 / 아파트,0.020713,1,0,단순 노동자,3.0,기타 0,38,1,20.0,1,17.094540343317004,1.0,기타,Under 2Y,5.698180114439001,기타,기타,취약_단순
36808,0,여성,0,1,0,33984000.0,근로자,고등학교 졸업,기혼,주택 / 아파트,0.015221,1,0,Unknown,2.0,건설,49,6,13.0,0,17.34140041300936,1.0,건설,5-10Y,8.67070020650468,건설,경기민감,기타
31793,0,여성,0,1,0,10620000.0,근로자,고등학교 졸업,별거,주택 / 아파트,0.035792,1,0,영업직,1.0,정부,50,28,30.0,0,16.178249667940023,0.0,정부,Over 20Y,16.178249667940023,정부,공공안정,취약_판매
54922,0,남성,1,1,1,90270000.0,기타,대학교 졸업 이상,기혼,주택 / 아파트,0.02461,1,0,관리직,3.0,자영업,31,2,15.0,1,18.318315748352216,1.0,자영업,2-5Y,6.106105249450739,자영업,자영사업,안정_전문관리
28142,0,여성,0,0,0,37170000.0,연금수령자,고등학교 졸업,기혼,주택 / 아파트,0.018801,0,0,Unknown,2.0,기타 1,55,1000,1.0,0,17.43101256917685,1.0,기타,Retired,8.715506284588425,기타,기타,기타
35364,1,여성,0,1,0,31860000.0,공무원,고등학교 졸업,별거,오피스텔,0.00733,1,0,의료 업계 종사자,1.0,의학,52,3,11.0,0,17.276861893833495,0.0,의학,2-5Y,17.276861893833495,의학,전문금융,안정_전문관리
35538,0,남성,1,0,1,44604000.0,근로자,대학교 졸업 이상,기혼,주택 / 아파트,0.01885,1,0,기술직,3.0,사업 2,30,2,12.0,1,17.613334121486904,1.0,사업,2-5Y,5.871111373828968,사업,자영사업,중간_기능
25764,0,여성,0,1,0,33984000.0,근로자,고등학교 졸업,기혼,주택 / 아파트,0.035792,1,0,영업직,2.0,무역 0,29,3,13.0,0,17.34140041300936,1.0,무역,2-5Y,8.67070020650468,무역,경기민감,취약_판매
42293,0,여성,0,1,0,37170000.0,기타,고등학교 졸업,기혼,주택 / 아파트,0.020246,1,0,부동산중개업자,2.0,서비스,44,9,14.0,0,17.43101256917685,1.0,서비스,5-10Y,8.715506284588425,서비스,서비스요식,취약_판매
48681,0,남성,1,1,1,58410000.0,공무원,대학교 졸업 이상,기혼,주택 / 아파트,0.016612,1,0,핵심 노동자,3.0,의학,44,15,20.0,1,17.88299768313685,1.0,의학,10-20Y,5.960999227712283,의학,전문금융,중간_기능
41663,0,여성,0,1,2,8496000.0,근로자,고등학교 졸업,기혼,주택 / 아파트,0.015221,1,0,조리사,4.0,학교,39,2,12.0,2,15.9551061401663,1.0,학교,2-5Y,3.988776535041575,학교,공공안정,취약_서비스
22478,0,남성,0,0,0,21240000.0,기타,고등학교 졸업,미혼,공공분양,0.010006,1,0,단순 노동자,1.0,사업 2,31,2,14.0,0,16.87139680141899,0.0,사업,2-5Y,16.87139680141899,사업,자영사업,취약_단순
33242,1,여성,0,1,0,27612000.0,근로자,저학력자,사실혼,오피스텔,0.010032,1,0,영업직,2.0,자영업,51,4,8.0,0,17.13376105502164,1.0,자영업,2-5Y,8.56688052751082,자영업,자영사업,취약_판매
7515,0,여성,0,1,0,8496000.0,근로자,고등학교 졸업,기혼,주택 / 아파트,0.015221,1,0,핵심 노동자,2.0,우체부,49,5,22.0,0,15.9551061401663,1.0,우체부,5-10Y,7.977553070083149,우체부,기타,중간_기능
36577,0,여성,0,0,0,21240000.0,연금수령자,고등학교 졸업,사별,주택 / 아파트,0.025164,0,0,Unknown,1.0,기타 1,59,1000,23.0,0,16.87139680141899,0.0,기타,Retired,16.87139680141899,기타,기타,기타
24889,1,남성,0,1,0,106200000.0,기타,대학교 졸업 이상,미혼,주택 / 아파트,0.04622,1,0,단순 노동자,1.0,사업 2,26,6,12.0,0,18.48083467618831,0.0,사업,5-10Y,18.48083467618831,사업,자영사업,취약_단순
45545,0,여성,0,1,0,26550000.0,근로자,고등학교 졸업,기혼,주택 / 아파트,0.006305,1,0,영업직,2.0,자영업,42,5,13.0,0,17.094540343317004,1.0,자영업,5-10Y,8.547270171658502,자영업,자영사업,취약_판매
45288,0,남성,0,0,0,12744000.0,근로자,고등학교 졸업,기혼,주택 / 아파트,0.018029,1,0,영업직,2.0,자영업,35,4,35.0,0,16.360571209040316,1.0,자영업,2-5Y,8.180285604520158,자영업,자영사업,취약_판매
10276,0,남성,1,1,2,63720000.0,기타,고등학교 졸업,기혼,주택 / 아파트,0.010276,1,0,조리사,4.0,사업 2,46,0,22.0,2,17.97000905869978,1.0,사업,Under 2Y,4.492502264674945,사업,자영사업,취약_서비스
54328,1,여성,0,1,0,31860000.0,근로자,고등학교 졸업,기혼,주택 / 아파트,0.00823,1,0,영업직,2.0,자영업,32,14,5.0,0,17.276861893833495,1.0,자영업,10-20Y,8.638430946916747,자영업,자영사업,취약_판매
3272,0,여성,0,1,0,35046000.0,연금수령자,고등학교 졸업,기혼,주택 / 아파트,0.019101,0,0,Unknown,2.0,기타 1,56,1000,32.0,0,17.372172070784426,1.0,기타,Retired,8.686086035392213,기타,기타,기타
26458,0,남성,1,1,0,31860000.0,근로자,고등학교 졸업,기혼,주택 / 아파트,0.02461,1,0,단순 노동자,2.0,기타 0,39,11,11.0,0,17.276861893833495,1.0,기타,10-20Y,8.638430946916747,기타,기타,취약_단순
38710,0,여성,1,1,2,26550000.0,근로자,대학교 졸업 이상,기혼,주택 / 아파트,0.018209,1,0,영업직,4.0,사업 2,27,0,3.0,2,17.094540343317004,1.0,사업,Under 2Y,4.273635085829251,사업,자영사업,취약_판매
6769,0,남성,0,1,0,31860000.0,근로자,고등학교 졸업,미혼,주택 / 아파트,0.0096569999999999,1,0,Unknown,1.0,기타 0,40,21,20.0,0,17.276861893833495,0.0,기타,Over 20Y,17.276861893833495,기타,기타,기타
52305,0,여성,0,1,1,47790000.0,근로자,고등학교 졸업,기혼,주택 / 아파트,0.01885,1,0,영업직,3.0,사업 2,50,5,23.0,1,17.682326991479222,1.0,사업,5-10Y,5.894108997159741,사업,자영사업,취약_판매
40240,0,남성,0,1,2,42480000.0,기타,대학교 졸업 이상,기혼,주택 / 아파트,0.04622,1,0,기술직,4.0,사업 2,35,8,18.0,2,17.564543958438446,1.0,사업,5-10Y,4.391135989609611,사업,자영사업,중간_기능
23673,0,여성,1,1,1,36639000.0,기타,대학교 졸업 이상,기혼,주택 / 아파트,0.014464,1,0,회계사,3.0,자영업,33,6,3.0,1,17.416623832114656,1.0,자영업,5-10Y,5.805541277371552,자영업,자영사업,안정_전문관리
44272,0,여성,0,0,0,37170000.0,연금수령자,고등학교 졸업,기혼,주택 / 아파트,0.018209,0,0,Unknown,2.0,기타 1,57,1000,10.0,0,17.43101256917685,1.0,기타,Retired,8.715506284588425,기타,기타,기타
9632,0,여성,0,0,0,29736000.0,공무원,대학교 중퇴,별거,주택 / 아파트,0.002042,1,0,핵심 노동자,1.0,광고,32,8,10.0,0,17.207869024588497,0.0,광고,5-10Y,17.207869024588497,광고,기타,중간_기능
39590,0,여성,0,0,0,36108000.0,공무원,대학교 졸업 이상,미혼,아파트 임대,0.00496,1,1,회계사,1.0,학교,28,10,13.0,0,17.402025033094876,0.0,학교,10-20Y,17.402025033094876,학교,공공안정,안정_전문관리
26403,0,여성,0,1,1,42480000.0,근로자,고등학교 졸업,기혼,주택 / 아파트,0.02461,1,0,영업직,3.0,부동산 중개업,37,2,12.0,1,17.564543958438446,1.0,부동산,2-5Y,5.854847986146148,부동산,자영사업,취약_판매
28301,0,남성,1,1,2,53100000.0,기타,대학교 졸업 이상,기혼,주택 / 아파트,0.00712,1,0,관리직,4.0,건설,32,9,15.0,2,17.78768750504456,1.0,건설,5-10Y,4.44692187626114,건설,경기민감,안정_전문관리
54981,0,여성,0,0,0,37170000.0,근로자,대학교 중퇴,미혼,주택 / 아파트,0.032561,1,0,부동산중개업자,1.0,사업 2,25,3,25.0,0,17.43101256917685,0.0,사업,2-5Y,17.43101256917685,사업,자영사업,취약_판매
22427,0,남성,1,1,0,42480000.0,기타,고등학교 졸업,미혼,주택 / 아파트,0.026392,1,1,Unknown,1.0,사업 2,26,1,11.0,0,17.564543958438446,0.0,사업,Under 2Y,17.564543958438446,사업,자영사업,기타
4883,0,남성,0,0,1,20178000.0,공무원,고등학교 졸업,기혼,주택 / 아파트,0.030755,1,1,단순 노동자,3.0,국가 안보,58,27,12.0,1,16.820103509509387,1.0,국가,Over 20Y,5.606701169836462,국가,공공안정,취약_단순
19368,0,여성,1,1,2,21240000.0,근로자,고등학교 졸업,기혼,주택 / 아파트,0.035792,1,0,Unknown,4.0,유치원,31,2,13.0,2,16.87139680141899,1.0,유치원,2-5Y,4.217849200354747,유치원,공공안정,기타
19101,0,여성,0,0,0,42480000.0,연금수령자,대학교 졸업 이상,사별,주택 / 아파트,0.030755,0,0,Unknown,1.0,기타 1,65,1000,28.0,0,17.564543958438446,0.0,기타,Retired,17.564543958438446,기타,기타,기타
19724,0,여성,0,1,0,63720000.0,근로자,대학교 졸업 이상,사실혼,주택 / 아파트,0.008019,1,1,핵심 노동자,2.0,기타 0,38,0,20.0,0,17.97000905869978,1.0,기타,Under 2Y,8.98500452934989,기타,기타,중간_기능
39580,0,여성,0,1,0,26550000.0,연금수령자,대학교 졸업 이상,사별,주택 / 아파트,0.032561,0,0,Unknown,1.0,기타 1,60,1000,36.0,0,17.094540343317004,0.0,기타,Retired,17.094540343317004,기타,기타,기타
34053,1,남성,1,1,1,42480000.0,근로자,고등학교 졸업,기혼,주택 / 아파트,0.018801,1,0,단순 노동자,3.0,사업 2,34,14,17.0,1,17.564543958438446,1.0,사업,10-20Y,5.854847986146148,사업,자영사업,취약_단순
43105,0,여성,0,0,0,31860000.0,공무원,대학교 졸업 이상,기혼,주택 / 아파트,0.006305,1,0,단순 노동자,2.0,유치원,66,1,37.0,0,17.276861893833495,1.0,유치원,Under 2Y,8.638430946916747,유치원,공공안정,취약_단순
57824,1,남성,0,1,0,13859100.0,기타,대학교 졸업 이상,사실혼,주택 / 아파트,0.025164,1,0,Unknown,2.0,사업 2,22,0,1.0,0,16.44445268670748,1.0,사업,Under 2Y,8.22222634335374,사업,자영사업,기타
37796,0,여성,0,1,1,28674000.0,근로자,고등학교 졸업,기혼,주택 / 아파트,0.030755,1,0,핵심 노동자,3.0,사업 1,30,4,5.0,1,17.17150138166315,1.0,사업,2-5Y,5.723833793887716,사업,자영사업,중간_기능
7682,0,여성,1,0,0,15930000.0,연금수령자,고등학교 졸업,기혼,주택 / 아파트,0.015221,0,0,Unknown,2.0,기타 1,59,1000,28.0,0,16.583714744660867,1.0,기타,Retired,8.291857372330433,기타,기타,기타
37894,0,여성,0,1,0,16992000.0,연금수령자,고등학교 졸업,기혼,주택 / 아파트,0.018029,0,0,Unknown,2.0,기타 1,65,1000,15.0,0,16.648253261875023,1.0,기타,Retired,8.324126630937512,기타,기타,기타
57858,0,여성,0,1,0,53100000.0,근로자,고등학교 졸업,기혼,주택 / 아파트,0.018801,1,0,영업직,2.0,무역 0,42,3,8.0,0,17.78768750504456,1.0,무역,2-5Y,8.89384375252228,무역,경기민감,취약_판매
32468,0,여성,1,1,0,21240000.0,기타,대학교 졸업 이상,사실혼,주택 / 아파트,0.022625,1,0,기술직,2.0,운송 1,32,10,16.0,0,16.87139680141899,1.0,운송,10-20Y,8.435698400709494,운송,경기민감,중간_기능
57272,0,여성,0,1,0,31860000.0,기타,대학교 중퇴,미혼,주택 / 아파트,0.025164,1,0,Unknown,1.0,사업 2,30,4,10.0,0,17.276861893833495,0.0,사업,2-5Y,17.276861893833495,사업,자영사업,기타
47006,0,여성,1,0,1,31860000.0,기타,대학교 졸업 이상,미혼,공공분양,0.0145199999999999,1,1,기술직,2.0,전기,32,3,12.0,1,17.276861893833495,0.0,전기,2-5Y,8.638430946916747,전기,기타,중간_기능
9988,0,여성,0,0,0,37170000.0,기타,대학교 졸업 이상,기혼,주택 / 아파트,0.0116569999999999,1,0,핵심 노동자,2.0,은행,36,4,2.0,0,17.43101256917685,1.0,은행,2-5Y,8.715506284588425,은행,공공안정,중간_기능
2503,0,여성,0,0,0,35046000.0,기타,대학교 졸업 이상,기혼,주택 / 아파트,0.035792,1,0,핵심 노동자,2.0,은행,26,3,4.0,0,17.372172070784426,1.0,은행,2-5Y,8.686086035392213,은행,공공안정,중간_기능
34639,0,여성,0,0,0,42480000.0,근로자,대학교 졸업 이상,기혼,주택 / 아파트,0.018209,1,0,기술직,2.0,무역 0,54,3,19.0,0,17.564543958438446,1.0,무역,2-5Y,8.782271979219223,무역,경기민감,중간_기능
22468,0,여성,0,0,0,24426000.0,연금수령자,대학교 졸업 이상,사별,주택 / 아파트,0.02461,0,0,Unknown,1.0,기타 1,65,1000,3.0,0,17.01115873765315,0.0,기타,Retired,17.01115873765315,기타,기타,기타
50554,0,남성,0,1,0,26550000.0,연금수령자,대학교 졸업 이상,기혼,주택 / 아파트,0.020246,0,0,Unknown,2.0,기타 1,56,1000,16.0,0,17.094540343317004,1.0,기타,Retired,8.547270171658502,기타,기타,기타
56084,0,여성,1,0,1,26550000.0,근로자,고등학교 졸업,기혼,주택 / 아파트,0.018801,1,0,영업직,3.0,자영업,38,2,18.0,1,17.094540343317004,1.0,자영업,2-5Y,5.698180114439001,자영업,자영사업,취약_판매
462,0,여성,0,1,0,37170000.0,근로자,고등학교 졸업,미혼,주택 / 아파트,0.007114,1,0,영업직,1.0,사업 2,31,1,0.0,0,17.43101256917685,0.0,사업,Under 2Y,17.43101256917685,사업,자영사업,취약_판매
37141,0,여성,0,1,1,15930000.0,기타,고등학교 졸업,기혼,주택 / 아파트,0.019101,1,0,영업직,3.0,자영업,39,0,17.0,1,16.583714744660867,1.0,자영업,Under 2Y,5.527904914886956,자영업,자영사업,취약_판매
34471,0,여성,0,1,0,58410000.0,근로자,고등학교 졸업,미혼,주택 / 아파트,0.030755,1,0,Unknown,1.0,유치원,55,10,29.0,0,17.88299768313685,0.0,유치원,10-20Y,17.88299768313685,유치원,공공안정,기타
4998,0,여성,0,0,0,15930000.0,기타,고등학교 졸업,별거,주택 / 아파트,0.030755,1,0,Unknown,1.0,자영업,40,1,11.0,0,16.583714744660867,0.0,자영업,Under 2Y,16.583714744660867,자영업,자영사업,기타
21819,0,여성,0,1,0,26550000.0,근로자,고등학교 졸업,기혼,주택 / 아파트,0.018634,1,0,영업직,2.0,사업 2,50,2,27.0,0,17.094540343317004,1.0,사업,2-5Y,8.547270171658502,사업,자영사업,취약_판매
48772,0,남성,0,1,0,37170000.0,연금수령자,고등학교 졸업,사실혼,주택 / 아파트,0.015221,0,0,Unknown,2.0,기타 1,58,1000,14.0,0,17.43101256917685,1.0,기타,Retired,8.715506284588425,기타,기타,기타
51975,0,여성,0,1,0,37170000.0,근로자,대학교 졸업 이상,기혼,주택 / 아파트,0.0084739999999999,1,0,핵심 노동자,2.0,학교,55,24,25.0,0,17.43101256917685,1.0,학교,Over 20Y,8.715506284588425,학교,공공안정,중간_기능
39495,0,여성,0,1,0,37170000.0,연금수령자,고등학교 졸업,기혼,주택 / 아파트,0.01885,0,0,Unknown,2.0,기타 1,60,1000,10.0,0,17.43101256917685,1.0,기타,Retired,8.715506284588425,기타,기타,기타
30852,0,여성,0,1,0,84960000.0,근로자,대학교 졸업 이상,기혼,주택 / 아파트,0.018801,1,0,핵심 노동자,2.0,자영업,56,3,22.0,0,18.25769112722815,1.0,자영업,2-5Y,9.128845563614076,자영업,자영사업,중간_기능
20974,0,남성,0,1,1,47790000.0,기타,고등학교 졸업,기혼,주택 / 아파트,0.025164,1,1,Unknown,3.0,자영업,41,11,21.0,1,17.682326991479222,1.0,자영업,10-20Y,5.894108997159741,자영업,자영사업,기타
9793,0,남성,1,1,0,63720000.0,기타,고등학교 졸업,사실혼,주택 / 아파트,0.025164,1,0,Unknown,2.0,건설,55,3,8.0,0,17.97000905869978,1.0,건설,2-5Y,8.98500452934989,건설,경기민감,기타
22914,1,여성,0,1,0,31860000.0,근로자,고등학교 졸업,미혼,주택 / 아파트,0.030755,1,0,핵심 노동자,1.0,무역 0,23,5,8.0,0,17.276861893833495,0.0,무역,5-10Y,17.276861893833495,무역,경기민감,중간_기능
14584,0,여성,0,1,0,26550000.0,기타,고등학교 졸업,사실혼,주택 / 아파트,0.04622,1,0,관리직,2.0,사업 2,52,5,26.0,0,17.094540343317004,1.0,사업,5-10Y,8.547270171658502,사업,자영사업,안정_전문관리
11165,0,여성,0,1,0,19116000.0,근로자,대학교 졸업 이상,미혼,주택 / 아파트,0.010643,1,0,영업직,1.0,자영업,49,7,7.0,0,16.766036290992385,0.0,자영업,5-10Y,16.766036290992385,자영업,자영사업,취약_판매
56557,0,남성,0,1,0,11682000.0,연금수령자,고등학교 졸업,기혼,주택 / 아파트,0.020246,0,0,Unknown,2.0,기타 1,66,1000,16.0,0,16.27355983918417,1.0,기타,Retired,8.136779919592085,기타,기타,기타
13667,0,남성,1,1,0,106200000.0,기타,대학교 졸업 이상,미혼,주택 / 아파트,0.035792,1,0,운전자,1.0,산업 0,52,1,1.0,0,18.48083467618831,0.0,산업,Under 2Y,18.48083467618831,산업,경기민감,취약_기계
52978,0,여성,0,0,0,26550000.0,근로자,고등학교 졸업,미혼,주택 / 아파트,0.010276,1,0,단순 노동자,1.0,레스토랑,39,2,4.0,0,17.094540343317004,0.0,레스토랑,2-5Y,17.094540343317004,레스토랑,서비스요식,취약_단순
50803,0,여성,1,1,1,37170000.0,근로자,고등학교 졸업,기혼,주택 / 아파트,0.025164,1,0,기술직,3.0,사업 2,38,12,18.0,1,17.43101256917685,1.0,사업,10-20Y,5.810337523058951,사업,자영사업,중간_기능
56021,0,남성,1,0,1,31860000.0,근로자,대학교 졸업 이상,기혼,주택 / 아파트,0.026392,1,0,단순 노동자,3.0,사업 2,31,3,14.0,1,17.276861893833495,1.0,사업,2-5Y,5.758953964611165,사업,자영사업,취약_단순
45054,0,여성,1,0,0,33984000.0,근로자,고등학교 졸업,기혼,주택 / 아파트,0.0060079999999999,1,0,Unknown,2.0,사업 2,52,5,2.0,0,17.34140041300936,1.0,사업,5-10Y,8.67070020650468,사업,자영사업,기타
28556,0,여성,0,1,1,53100000.0,근로자,대학교 졸업 이상,기혼,주택 / 아파트,0.0116569999999999,1,0,관리직,3.0,사업 2,28,9,3.0,1,17.78768750504456,1.0,사업,5-10Y,5.929229168348186,사업,자영사업,안정_전문관리
9430,0,남성,0,1,0,47790000.0,공무원,고등학교 졸업,기혼,주택 / 아파트,0.007305,1,0,단순 노동자,2.0,주택,57,16,12.0,0,17.682326991479222,1.0,주택,10-20Y,8.841163495739611,주택,기타,취약_단순
51566,0,여성,0,1,1,18054000.0,근로자,대학교 졸업 이상,기혼,주택 / 아파트,0.031329,1,0,관리직,3.0,우체부,41,9,13.0,1,16.708877880229622,1.0,우체부,5-10Y,5.56962596007654,우체부,기타,안정_전문관리
754,0,여성,0,1,0,26550000.0,연금수령자,고등학교 졸업,사별,주택 / 아파트,0.00496,0,0,Unknown,1.0,기타 1,62,1000,29.0,0,17.094540343317004,0.0,기타,Retired,17.094540343317004,기타,기타,기타
21190,1,여성,0,1,1,63720000.0,근로자,고등학교 졸업,기혼,주택 / 아파트,0.0096569999999999,1,0,단순 노동자,3.0,자영업,40,1,19.0,1,17.97000905869978,1.0,자영업,Under 2Y,5.990003019566593,자영업,자영사업,취약_단순
25205,0,여성,0,0,0,23364000.0,연금수령자,고등학교 졸업,기혼,주택 / 아파트,0.007305,0,0,Unknown,2.0,기타 1,60,1000,6.0,0,16.966706976943225,1.0,기타,Retired,8.483353488471613,기타,기타,기타
22986,0,여성,0,1,0,12744000.0,연금수령자,고등학교 졸업,기혼,아파트 임대,0.026392,0,0,Unknown,2.0,기타 1,66,1000,12.0,0,16.360571209040316,1.0,기타,Retired,8.180285604520158,기타,기타,기타
5253,0,여성,0,1,2,33984000.0,근로자,대학교 졸업 이상,기혼,주택 / 아파트,0.015221,1,0,회계사,4.0,자영업,32,6,6.0,2,17.34140041300936,1.0,자영업,5-10Y,4.33535010325234,자영업,자영사업,안정_전문관리
45446,0,여성,0,1,0,6903000.0,연금수령자,저학력자,기혼,공공분양,0.018634,0,0,Unknown,2.0,기타 1,62,1000,32.0,0,15.747466802550154,1.0,기타,Retired,7.873733401275077,기타,기타,기타
11986,0,여성,0,1,0,37170000.0,연금수령자,고등학교 졸업,사별,주택 / 아파트,0.006207,0,0,Unknown,1.0,기타 1,59,1000,22.0,0,17.43101256917685,0.0,기타,Retired,17.43101256917685,기타,기타,기타
30167,0,여성,0,1,0,53100000.0,기타,대학교 졸업 이상,기혼,주택 / 아파트,0.0196889999999999,1,0,회계사,2.0,사업 2,54,1,18.0,0,17.78768750504456,1.0,사업,Under 2Y,8.89384375252228,사업,자영사업,안정_전문관리
35083,0,여성,0,0,0,17459280.0,근로자,고등학교 졸업,기혼,공공분양,0.010966,1,0,영업직,2.0,사업 2,49,5,22.0,0,16.675381927688186,1.0,사업,5-10Y,8.337690963844093,사업,자영사업,취약_판매
52900,0,여성,0,1,4,28674000.0,근로자,고등학교 졸업,기혼,주택 / 아파트,0.031329,1,0,핵심 노동자,6.0,농업,43,4,0.0,3+,17.17150138166315,1.0,농업,2-5Y,2.861916896943858,농업,기타,중간_기능
32064,0,남성,1,1,0,37170000.0,근로자,고등학교 졸업,미혼,주택 / 아파트,0.028663,1,0,단순 노동자,1.0,운송 1,33,1,13.0,0,17.43101256917685,0.0,운송,Under 2Y,17.43101256917685,운송,경기민감,취약_단순
5012,0,여성,0,1,0,42480000.0,근로자,고등학교 졸업,미혼,주택 / 아파트,0.00733,1,0,관리직,1.0,운송 2,47,12,23.0,0,17.564543958438446,0.0,운송,10-20Y,17.564543958438446,운송,경기민감,안정_전문관리
45085,0,여성,0,0,0,19116000.0,연금수령자,고등학교 졸업,기혼,주택 / 아파트,0.020246,0,0,Unknown,2.0,기타 1,62,1000,11.0,0,16.766036290992385,1.0,기타,Retired,8.383018145496193,기타,기타,기타
47434,0,남성,0,0,0,21240000.0,기타,고등학교 졸업,미혼,주택 / 아파트,0.008625,1,0,영업직,1.0,사업 2,37,5,10.0,0,16.87139680141899,0.0,사업,5-10Y,16.87139680141899,사업,자영사업,취약_판매
34719,0,여성,0,1,0,21240000.0,연금수령자,고등학교 졸업,미혼,주택 / 아파트,0.016612,0,0,Unknown,1.0,기타 1,55,1000,8.0,0,16.87139680141899,0.0,기타,Retired,16.87139680141899,기타,기타,기타
26629,1,남성,1,1,1,42480000.0,근로자,고등학교 졸업,기혼,주택 / 아파트,0.0088659999999999,1,0,Unknown,3.0,사업 2,29,3,11.0,1,17.564543958438446,1.0,사업,2-5Y,5.854847986146148,사업,자영사업,기타
59789,0,여성,0,1,0,21240000.0,기타,대학교 졸업 이상,미혼,주택 / 아파트,0.0145199999999999,1,0,Unknown,1.0,기타 0,44,0,5.0,0,16.87139680141899,0.0,기타,Under 2Y,16.87139680141899,기타,기타,기타
51552,0,여성,0,1,0,12744000.0,연금수령자,고등학교 졸업,사별,주택 / 아파트,0.018209,0,0,Unknown,1.0,기타 1,57,1000,15.0,0,16.360571209040316,0.0,기타,Retired,16.360571209040316,기타,기타,기타
3698,0,남성,0,1,1,21240000.0,근로자,고등학교 졸업,기혼,주택 / 아파트,0.031329,1,1,핵심 노동자,3.0,운송 2,35,0,19.0,1,16.87139680141899,1.0,운송,Under 2Y,5.62379893380633,운송,경기민감,중간_기능
49772,0,여성,0,0,0,15930000.0,연금수령자,고등학교 졸업,사별,주택 / 아파트,0.035792,0,0,Unknown,1.0,기타 1,56,1000,0.0,0,16.583714744660867,0.0,기타,Retired,16.583714744660867,기타,기타,기타
13090,0,여성,1,1,2,12744000.0,공무원,고등학교 졸업,기혼,주택 / 아파트,0.031329,1,0,핵심 노동자,4.0,유치원,47,7,21.0,2,16.360571209040316,1.0,유치원,5-10Y,4.090142802260079,유치원,공공안정,중간_기능
41868,1,남성,1,1,0,26550000.0,기타,고등학교 졸업,미혼,주택 / 아파트,0.00702,1,0,운전자,1.0,운송 0,43,3,27.0,0,17.094540343317004,0.0,운송,2-5Y,17.094540343317004,운송,경기민감,취약_기계
52335,1,여성,0,1,0,47790000.0,근로자,고등학교 졸업,별거,주택 / 아파트,0.007305,1,0,Unknown,1.0,사업 2,46,1,0.0,0,17.682326991479222,0.0,사업,Under 2Y,17.682326991479222,사업,자영사업,기타
27051,0,남성,0,1,0,42480000.0,근로자,고등학교 졸업,기혼,주택 / 아파트,0.020713,1,0,단순 노동자,2.0,건설,49,22,10.0,0,17.564543958438446,1.0,건설,Over 20Y,8.782271979219223,건설,경기민감,취약_단순
26901,0,남성,0,1,0,31860000.0,근로자,고등학교 졸업,미혼,주택 / 아파트,0.019101,1,0,운전자,1.0,운송 0,28,0,12.0,0,17.276861893833495,0.0,운송,Under 2Y,17.276861893833495,운송,경기민감,취약_기계
37783,0,여성,0,1,0,29736000.0,연금수령자,고등학교 졸업,기혼,주택 / 아파트,0.025164,0,0,Unknown,2.0,기타 1,66,1000,2.0,0,17.207869024588497,1.0,기타,Retired,8.603934512294249,기타,기타,기타
11239,0,여성,0,1,0,31860000.0,공무원,고등학교 졸업,기혼,주택 / 아파트,0.019101,1,0,의료 업계 종사자,2.0,의학,47,1,27.0,0,17.276861893833495,1.0,의학,Under 2Y,8.638430946916747,의학,전문금융,안정_전문관리
50572,0,여성,0,0,3,47790000.0,근로자,대학교 졸업 이상,기혼,주택 / 아파트,0.032561,1,1,비서,5.0,건설,33,1,10.0,3+,17.682326991479222,1.0,건설,Under 2Y,3.5364653982958445,건설,경기민감,안정_사무
12110,0,남성,1,1,0,28674000.0,근로자,고등학교 졸업,기혼,주택 / 아파트,0.035792,1,0,기술직,2.0,건설,54,6,35.0,0,17.17150138166315,1.0,건설,5-10Y,8.585750690831574,건설,경기민감,중간_기능
44634,0,여성,0,0,0,22302000.0,연금수령자,고등학교 졸업,미혼,주택 / 아파트,0.006207,0,0,Unknown,1.0,기타 1,57,1000,21.0,0,16.92018696334647,0.0,기타,Retired,16.92018696334647,기타,기타,기타
25413,0,남성,0,0,1,42480000.0,근로자,고등학교 졸업,기혼,주택 / 아파트,0.009175,1,0,보안 업계 종사자,3.0,사업 2,45,2,21.0,1,17.564543958438446,1.0,사업,2-5Y,5.854847986146148,사업,자영사업,취약_서비스
55253,0,여성,0,1,0,26550000.0,근로자,고등학교 졸업,기혼,주택 / 아파트,0.01885,1,0,핵심 노동자,2.0,무역 2,21,1,21.0,0,17.094540343317004,1.0,무역,Under 2Y,8.547270171658502,무역,경기민감,중간_기능
10132,0,남성,1,1,2,26550000.0,기타,고등학교 졸업,기혼,주택 / 아파트,0.00496,1,0,운전자,4.0,레스토랑,38,2,2.0,2,17.094540343317004,1.0,레스토랑,2-5Y,4.273635085829251,레스토랑,서비스요식,취약_기계
59359,0,여성,1,1,2,26550000.0,근로자,고등학교 졸업,기혼,주택 / 아파트,0.028663,1,0,의료 업계 종사자,4.0,의학,29,10,6.0,2,17.094540343317004,1.0,의학,10-20Y,4.273635085829251,의학,전문금융,안정_전문관리
8901,0,여성,0,1,0,15930000.0,근로자,고등학교 졸업,기혼,주택 / 아파트,0.031329,1,0,단순 노동자,2.0,사업 0,56,30,24.0,0,16.583714744660867,1.0,사업,Over 20Y,8.291857372330433,사업,자영사업,취약_단순
6357,0,남성,0,1,0,53100000.0,근로자,고등학교 졸업,기혼,주택 / 아파트,0.00963,1,0,단순 노동자,2.0,사업 2,48,12,15.0,0,17.78768750504456,1.0,사업,10-20Y,8.89384375252228,사업,자영사업,취약_단순
45627,1,여성,0,1,1,15930000.0,근로자,고등학교 졸업,별거,주택 / 아파트,0.030755,1,0,단순 노동자,2.0,산업 8,33,3,0.0,1,16.583714744660867,0.0,산업,2-5Y,8.291857372330433,산업,경기민감,취약_단순
39637,0,여성,0,1,0,44604000.0,기타,대학교 졸업 이상,기혼,주택 / 아파트,0.0096569999999999,1,0,핵심 노동자,2.0,운송 1,27,1,11.0,0,17.613334121486904,1.0,운송,Under 2Y,8.806667060743452,운송,경기민감,중간_기능
47494,0,여성,0,0,1,47790000.0,근로자,고등학교 졸업,기혼,주택 / 아파트,0.016612,1,0,영업직,3.0,사업 2,32,1,16.0,1,17.682326991479222,1.0,사업,Under 2Y,5.894108997159741,사업,자영사업,취약_판매
52115,0,여성,1,1,0,53100000.0,기타,대학교 졸업 이상,기혼,주택 / 아파트,0.025164,1,0,회계사,2.0,은행,50,3,10.0,0,17.78768750504456,1.0,은행,2-5Y,8.89384375252228,은행,공공안정,안정_전문관리
16469,0,여성,0,0,0,17735400.0,연금수령자,고등학교 졸업,기혼,주택 / 아파트,0.0196889999999999,0,0,Unknown,2.0,기타 1,62,1000,30.0,0,16.691073256591135,1.0,기타,Retired,8.345536628295568,기타,기타,기타
58036,0,여성,0,1,3,37170000.0,근로자,고등학교 졸업,미혼,주택 / 아파트,0.011703,1,0,Unknown,4.0,자영업,37,3,10.0,3+,17.43101256917685,0.0,자영업,2-5Y,4.357753142294213,자영업,자영사업,기타
13592,0,여성,0,1,0,20178000.0,연금수령자,고등학교 졸업,기혼,주택 / 아파트,0.026392,0,0,Unknown,2.0,기타 1,57,1000,18.0,0,16.820103509509387,1.0,기타,Retired,8.410051754754694,기타,기타,기타
56703,0,여성,0,1,0,21240000.0,연금수령자,고등학교 졸업,기혼,주택 / 아파트,0.028663,0,0,Unknown,2.0,기타 1,62,1000,36.0,0,16.87139680141899,1.0,기타,Retired,8.435698400709494,기타,기타,기타
31179,0,남성,0,0,1,90270000.0,근로자,대학교 졸업 이상,기혼,주택 / 아파트,0.018634,1,0,관리직,3.0,무역 2,29,10,25.0,1,18.318315748352216,1.0,무역,10-20Y,6.106105249450739,무역,경기민감,안정_전문관리
38490,0,여성,0,0,2,23151600.0,공무원,고등학교 졸업,기혼,주택 / 아파트,0.015221,1,0,핵심 노동자,4.0,학교,39,19,14.0,2,16.957574493772622,1.0,학교,10-20Y,4.239393623443156,학교,공공안정,중간_기능
31223,1,남성,0,1,0,37170000.0,근로자,고등학교 졸업,기혼,주택 / 아파트,0.007305,1,1,관리직,2.0,무역 2,22,3,22.0,0,17.43101256917685,1.0,무역,2-5Y,8.715506284588425,무역,경기민감,안정_전문관리
48970,0,남성,1,1,0,59472000.0,근로자,대학교 졸업 이상,기혼,주택 / 아파트,0.028663,1,0,단순 노동자,2.0,운송 1,58,15,8.0,0,17.901016188333806,1.0,운송,10-20Y,8.950508094166903,운송,경기민감,취약_단순
57158,0,남성,0,1,2,26550000.0,근로자,대학교 졸업 이상,기혼,주택 / 아파트,0.035792,1,0,관리직,4.0,사업 1,40,4,7.0,2,17.094540343317004,1.0,사업,2-5Y,4.273635085829251,사업,자영사업,안정_전문관리
8703,0,여성,0,1,0,21240000.0,연금수령자,고등학교 졸업,사실혼,주택 / 아파트,0.011703,0,0,Unknown,2.0,기타 1,56,1000,12.0,0,16.87139680141899,1.0,기타,Retired,8.435698400709494,기타,기타,기타
21238,0,여성,1,0,1,31860000.0,근로자,고등학교 졸업,사실혼,주택 / 아파트,0.018029,1,0,단순 노동자,3.0,사업 2,34,7,17.0,1,17.276861893833495,1.0,사업,5-10Y,5.758953964611165,사업,자영사업,취약_단순
12678,0,여성,0,0,0,31860000.0,근로자,고등학교 졸업,기혼,주택 / 아파트,0.0105,1,0,비서,2.0,건설,31,0,0.0,0,17.276861893833495,1.0,건설,Under 2Y,8.638430946916747,건설,경기민감,안정_사무
13129,0,여성,0,1,3,106200000.0,공무원,대학교 졸업 이상,별거,주택 / 아파트,0.006629,1,0,핵심 노동자,4.0,대학교,34,2,18.0,3+,18.48083467618831,0.0,대학교,2-5Y,4.620208669047077,대학교,공공안정,중간_기능
54870,0,남성,0,0,0,84960000.0,근로자,대학교 중퇴,미혼,주택 / 아파트,0.007114,1,0,단순 노동자,1.0,사업 2,24,2,14.0,0,18.25769112722815,0.0,사업,2-5Y,18.25769112722815,사업,자영사업,취약_단순
39036,0,남성,0,0,0,12744000.0,연금수령자,고등학교 졸업,기혼,주택 / 아파트,0.0145199999999999,0,0,Unknown,2.0,기타 1,67,1000,32.0,0,16.360571209040316,1.0,기타,Retired,8.180285604520158,기타,기타,기타
33962,1,여성,0,1,1,38232000.0,근로자,고등학교 졸업,미혼,주택 / 아파트,0.035792,1,0,단순 노동자,2.0,자영업,32,3,0.0,1,17.45918344539623,0.0,자영업,2-5Y,8.729591722698116,자영업,자영사업,취약_단순
33283,0,여성,1,1,0,31860000.0,근로자,고등학교 졸업,기혼,주택 / 아파트,0.020713,1,0,영업직,2.0,의학,31,8,4.0,0,17.276861893833495,1.0,의학,5-10Y,8.638430946916747,의학,전문금융,취약_판매
26346,0,여성,1,0,0,42480000.0,근로자,고등학교 졸업,기혼,주택 / 아파트,0.04622,1,0,단순 노동자,2.0,운송 1,42,9,25.0,0,17.564543958438446,1.0,운송,5-10Y,8.782271979219223,운송,경기민감,취약_단순
828,0,남성,0,1,0,28674000.0,근로자,고등학교 졸업,기혼,주택 / 아파트,0.025164,1,0,운전자,2.0,사업 0,52,4,1.0,0,17.17150138166315,1.0,사업,2-5Y,8.585750690831574,사업,자영사업,취약_기계
6435,0,여성,0,0,0,69030000.0,기타,대학교 졸업 이상,사실혼,주택 / 아파트,0.005313,1,0,영업직,2.0,사업 2,38,20,12.0,0,18.050051765166117,1.0,사업,Over 20Y,9.025025882583057,사업,자영사업,취약_판매
36381,0,여성,1,0,0,26550000.0,근로자,대학교 중퇴,미혼,주택 / 아파트,0.0196889999999999,1,0,핵심 노동자,1.0,자영업,44,3,12.0,0,17.094540343317004,0.0,자영업,2-5Y,17.094540343317004,자영업,자영사업,중간_기능
35075,0,남성,0,0,0,84960000.0,기타,대학교 졸업 이상,기혼,주택 / 아파트,0.035792,1,0,관리직,2.0,사업 2,60,13,7.0,0,18.25769112722815,1.0,사업,10-20Y,9.128845563614076,사업,자영사업,안정_전문관리
23626,0,여성,0,0,0,23364000.0,연금수령자,고등학교 졸업,별거,주택 / 아파트,0.011703,0,0,Unknown,1.0,기타 1,52,1000,22.0,0,16.966706976943225,0.0,기타,Retired,16.966706976943225,기타,기타,기타
43248,1,여성,1,1,0,21240000.0,근로자,대학교 졸업 이상,기혼,주택 / 아파트,0.028663,1,0,단순 노동자,2.0,서비스,49,5,13.0,0,16.87139680141899,1.0,서비스,5-10Y,8.435698400709494,서비스,서비스요식,취약_단순
26391,0,여성,1,0,1,15930000.0,근로자,고등학교 졸업,기혼,주택 / 아파트,0.010643,1,0,영업직,3.0,자영업,39,2,21.0,1,16.583714744660867,1.0,자영업,2-5Y,5.527904914886956,자영업,자영사업,취약_판매
15444,1,여성,1,0,0,42480000.0,연금수령자,고등학교 졸업,기혼,주택 / 아파트,0.005144,0,0,Unknown,2.0,기타 1,61,1000,7.0,0,17.564543958438446,1.0,기타,Retired,8.782271979219223,기타,기타,기타
5528,0,남성,1,0,1,37170000.0,근로자,고등학교 졸업,기혼,주택 / 아파트,0.0088659999999999,1,0,단순 노동자,3.0,건설,28,0,12.0,1,17.43101256917685,1.0,건설,Under 2Y,5.810337523058951,건설,경기민감,취약_단순
50632,0,남성,0,1,0,63720000.0,근로자,고등학교 졸업,기혼,주택 / 아파트,0.025164,1,0,단순 노동자,2.0,사업 0,36,1,3.0,0,17.97000905869978,1.0,사업,Under 2Y,8.98500452934989,사업,자영사업,취약_단순
54114,0,여성,0,1,0,21240000.0,근로자,고등학교 졸업,사별,주택 / 아파트,0.0116569999999999,1,0,미화원,1.0,주택,53,15,6.0,0,16.87139680141899,0.0,주택,10-20Y,16.87139680141899,주택,기타,취약_단순
52617,0,여성,0,1,0,31860000.0,근로자,고등학교 졸업,기혼,주택 / 아파트,0.026392,1,0,단순 노동자,2.0,산업 3,52,14,28.0,0,17.276861893833495,1.0,산업,10-20Y,8.638430946916747,산업,경기민감,취약_단순
33659,0,여성,0,1,0,10620000.0,근로자,대학교 졸업 이상,기혼,주택 / 아파트,0.015221,1,0,미화원,2.0,정부,53,0,19.0,0,16.178249667940023,1.0,정부,Under 2Y,8.089124833970011,정부,공공안정,취약_단순
40445,1,남성,0,1,1,21240000.0,기타,고등학교 졸업,기혼,주택 / 아파트,0.007114,1,0,보안 업계 종사자,3.0,자영업,45,3,5.0,1,16.87139680141899,1.0,자영업,2-5Y,5.62379893380633,자영업,자영사업,취약_서비스
29234,0,여성,0,0,0,38232000.0,기타,고등학교 졸업,사실혼,주택 / 아파트,0.025164,1,1,Unknown,2.0,사업 2,37,4,1.0,0,17.45918344539623,1.0,사업,2-5Y,8.729591722698116,사업,자영사업,기타
44740,0,여성,0,1,0,42480000.0,근로자,고등학교 졸업,기혼,주택 / 아파트,0.04622,1,0,Unknown,2.0,학교,56,2,27.0,0,17.564543958438446,1.0,학교,2-5Y,8.782271979219223,학교,공공안정,기타
56467,0,남성,0,0,0,47790000.0,기타,고등학교 졸업,별거,아파트 임대,0.008625,1,1,보안 업계 종사자,1.0,사업 2,37,3,17.0,0,17.682326991479222,0.0,사업,2-5Y,17.682326991479222,사업,자영사업,취약_서비스
34446,0,여성,0,1,0,79650000.0,연금수령자,대학교 졸업 이상,기혼,주택 / 아파트,0.072508,0,0,Unknown,2.0,기타 1,60,1000,5.0,0,18.19315260687526,1.0,기타,Retired,9.09657630343763,기타,기타,기타
5325,0,남성,0,1,0,53100000.0,근로자,대학교 졸업 이상,기혼,주택 / 아파트,0.010643,1,0,단순 노동자,2.0,자영업,38,12,1.0,0,17.78768750504456,1.0,자영업,10-20Y,8.89384375252228,자영업,자영사업,취약_단순
42439,0,여성,0,1,0,63720000.0,공무원,대학교 졸업 이상,기혼,주택 / 아파트,0.026392,1,1,회계사,2.0,의학,46,3,1.0,0,17.97000905869978,1.0,의학,2-5Y,8.98500452934989,의학,전문금융,안정_전문관리
52277,0,남성,1,0,2,37170000.0,공무원,고등학교 졸업,사실혼,주택 / 아파트,0.016612,1,0,단순 노동자,4.0,사업 0,28,1,12.0,2,17.43101256917685,1.0,사업,Under 2Y,4.357753142294213,사업,자영사업,취약_단순
9086,0,여성,0,0,1,53100000.0,근로자,고등학교 졸업,기혼,주택 / 아파트,0.016612,1,0,Unknown,3.0,유치원,48,3,26.0,1,17.78768750504456,1.0,유치원,2-5Y,5.929229168348186,유치원,공공안정,기타
2218,1,남성,0,0,0,47790000.0,근로자,고등학교 졸업,기혼,주택 / 아파트,0.019101,1,0,단순 노동자,2.0,산업 4,27,7,3.0,0,17.682326991479222,1.0,산업,5-10Y,8.841163495739611,산업,경기민감,취약_단순
10643,0,남성,1,0,0,26550000.0,근로자,대학교 졸업 이상,기혼,주택 / 아파트,0.010556,1,0,관리직,2.0,주택,57,0,3.0,0,17.094540343317004,1.0,주택,Under 2Y,8.547270171658502,주택,기타,안정_전문관리
22980,0,남성,1,1,0,31860000.0,근로자,대학교 졸업 이상,기혼,주택 / 아파트,0.019101,1,0,핵심 노동자,2.0,자영업,47,9,6.0,0,17.276861893833495,1.0,자영업,5-10Y,8.638430946916747,자영업,자영사업,중간_기능
3099,0,여성,0,0,0,127440000.0,근로자,고등학교 졸업,기혼,주택 / 아파트,0.072508,1,0,회계사,2.0,자영업,57,7,2.0,0,18.6631562314129,1.0,자영업,5-10Y,9.33157811570645,자영업,자영사업,안정_전문관리
37113,0,여성,0,0,1,53100000.0,공무원,대학교 졸업 이상,기혼,주택 / 아파트,0.032561,1,0,핵심 노동자,3.0,유치원,32,3,14.0,1,17.78768750504456,1.0,유치원,2-5Y,5.929229168348186,유치원,공공안정,중간_기능
9267,0,여성,0,1,0,21240000.0,연금수령자,대학교 졸업 이상,미혼,주택 / 아파트,0.030755,0,0,Unknown,1.0,기타 1,63,1000,35.0,0,16.87139680141899,0.0,기타,Retired,16.87139680141899,기타,기타,기타
18346,0,여성,0,1,0,53100000.0,연금수령자,대학교 졸업 이상,기혼,주택 / 아파트,0.0145199999999999,0,0,Unknown,2.0,기타 1,57,1000,14.0,0,17.78768750504456,1.0,기타,Retired,8.89384375252228,기타,기타,기타
3661,0,여성,0,0,0,29736000.0,연금수령자,고등학교 졸업,기혼,주택 / 아파트,0.022625,0,0,Unknown,2.0,기타 1,60,1000,6.0,0,17.207869024588497,1.0,기타,Retired,8.603934512294249,기타,기타,기타
39662,1,여성,1,0,0,41418000.0,기타,대학교 중퇴,기혼,주택 / 아파트,0.008625,1,0,영업직,2.0,사업 2,37,1,9.0,0,17.539226151057758,1.0,사업,Under 2Y,8.769613075528879,사업,자영사업,취약_판매
25334,0,여성,0,1,0,42480000.0,기타,대학교 졸업 이상,별거,주택 / 아파트,0.032561,1,0,영업직,1.0,사업 2,48,8,7.0,0,17.564543958438446,0.0,사업,5-10Y,17.564543958438446,사업,자영사업,취약_판매
27036,0,여성,0,1,0,31860000.0,연금수령자,고등학교 졸업,사별,주택 / 아파트,0.030755,0,0,Unknown,1.0,기타 1,63,1000,34.0,0,17.276861893833495,0.0,기타,Retired,17.276861893833495,기타,기타,기타
7718,0,여성,0,0,0,47790000.0,연금수령자,고등학교 졸업,기혼,주택 / 아파트,0.025164,0,0,Unknown,2.0,기타 1,60,1000,30.0,0,17.682326991479222,1.0,기타,Retired,8.841163495739611,기타,기타,기타
23417,0,남성,1,1,0,27612000.0,연금수령자,고등학교 졸업,기혼,주택 / 아파트,0.00733,0,0,Unknown,2.0,기타 1,65,1000,33.0,0,17.13376105502164,1.0,기타,Retired,8.56688052751082,기타,기타,기타
29900,0,여성,0,1,0,26550000.0,연금수령자,고등학교 졸업,별거,주택 / 아파트,0.00712,0,0,Unknown,1.0,기타 1,56,1000,17.0,0,17.094540343317004,0.0,기타,Retired,17.094540343317004,기타,기타,기타
48065,0,남성,0,1,0,47790000.0,기타,대학교 졸업 이상,기혼,아파트 임대,0.04622,1,0,운전자,2.0,운송 2,36,1,3.0,0,17.682326991479222,1.0,운송,Under 2Y,8.841163495739611,운송,경기민감,취약_기계
23628,0,남성,1,0,1,47790000.0,기타,고등학교 졸업,기혼,주택 / 아파트,0.016612,1,0,운전자,3.0,사업 2,30,0,1.0,1,17.682326991479222,1.0,사업,Under 2Y,5.894108997159741,사업,자영사업,취약_기계
27261,0,여성,0,0,1,18054000.0,공무원,고등학교 졸업,기혼,주택 / 아파트,0.020246,1,0,핵심 노동자,3.0,학교,27,6,11.0,1,16.708877880229622,1.0,학교,5-10Y,5.56962596007654,학교,공공안정,중간_기능
484,0,남성,1,0,0,84960000.0,공무원,대학교 졸업 이상,기혼,공공분양,0.032561,1,1,핵심 노동자,2.0,정부,43,1,3.0,0,18.25769112722815,1.0,정부,Under 2Y,9.128845563614076,정부,공공안정,중간_기능
55854,0,남성,1,0,0,31860000.0,근로자,고등학교 졸업,기혼,주택 / 아파트,0.010276,1,0,운전자,2.0,사업 1,27,0,19.0,0,17.276861893833495,1.0,사업,Under 2Y,8.638430946916747,사업,자영사업,취약_기계
10817,1,여성,0,1,0,21240000.0,근로자,고등학교 졸업,기혼,주택 / 아파트,0.030755,1,0,미화원,2.0,자영업,39,12,22.0,0,16.87139680141899,1.0,자영업,10-20Y,8.435698400709494,자영업,자영사업,취약_단순
26185,0,남성,0,1,0,47790000.0,근로자,대학교 중퇴,기혼,주택 / 아파트,0.016612,1,0,핵심 노동자,2.0,무역 2,23,4,14.0,0,17.682326991479222,1.0,무역,2-5Y,8.841163495739611,무역,경기민감,중간_기능
21138,0,남성,1,1,0,79650000.0,연금수령자,고등학교 졸업,기혼,주택 / 아파트,0.016612,0,0,Unknown,2.0,기타 1,61,1000,5.0,0,18.19315260687526,1.0,기타,Retired,9.09657630343763,기타,기타,기타
45007,1,남성,0,1,0,33984000.0,연금수령자,고등학교 졸업,별거,주택 / 아파트,0.020246,0,0,Unknown,1.0,기타 1,50,1000,12.0,0,17.34140041300936,0.0,기타,Retired,17.34140041300936,기타,기타,기타
20120,0,여성,0,1,0,47790000.0,연금수령자,대학교 졸업 이상,사실혼,주택 / 아파트,0.032561,0,0,Unknown,2.0,기타 1,61,1000,22.0,0,17.682326991479222,1.0,기타,Retired,8.841163495739611,기타,기타,기타
42738,0,여성,0,1,0,26550000.0,근로자,대학교 졸업 이상,기혼,주택 / 아파트,0.02461,1,0,인사 담당자,2.0,자영업,31,11,13.0,0,17.094540343317004,1.0,자영업,10-20Y,8.547270171658502,자영업,자영사업,안정_사무
23962,0,여성,0,1,0,15930000.0,연금수령자,고등학교 졸업,기혼,주택 / 아파트,0.030755,0,0,Unknown,2.0,기타 1,54,1000,3.0,0,16.583714744660867,1.0,기타,Retired,8.291857372330433,기타,기타,기타
42858,0,여성,1,0,1,21240000.0,근로자,고등학교 졸업,기혼,주택 / 아파트,0.015221,1,0,단순 노동자,3.0,사업 2,41,8,1.0,1,16.87139680141899,1.0,사업,5-10Y,5.62379893380633,사업,자영사업,취약_단순
54479,0,여성,0,1,0,37170000.0,연금수령자,저학력자,기혼,주택 / 아파트,0.003069,0,0,Unknown,2.0,기타 1,56,1000,10.0,0,17.43101256917685,1.0,기타,Retired,8.715506284588425,기타,기타,기타
22390,1,남성,1,1,0,47790000.0,근로자,고등학교 졸업,기혼,주택 / 아파트,0.008625,1,0,단순 노동자,2.0,학교,48,1,1.0,0,17.682326991479222,1.0,학교,Under 2Y,8.841163495739611,학교,공공안정,취약_단순
13373,0,여성,0,1,0,47790000.0,기타,고등학교 졸업,미혼,주택 / 아파트,0.001276,1,0,영업직,1.0,자영업,49,3,19.0,0,17.682326991479222,0.0,자영업,2-5Y,17.682326991479222,자영업,자영사업,취약_판매
41039,0,남성,0,0,0,43542000.0,근로자,대학교 졸업 이상,기혼,주택 / 아파트,0.035792,1,0,관리직,2.0,경찰,48,25,20.0,0,17.58923657045466,1.0,경찰,Over 20Y,8.79461828522733,경찰,공공안정,안정_전문관리
25756,0,여성,1,1,0,37170000.0,근로자,대학교 졸업 이상,기혼,주택 / 아파트,0.008575,1,0,단순 노동자,2.0,사업 2,29,3,28.0,0,17.43101256917685,1.0,사업,2-5Y,8.715506284588425,사업,자영사업,취약_단순
21980,0,남성,0,0,0,63720000.0,기타,대학교 졸업 이상,기혼,주택 / 아파트,0.00702,1,0,Unknown,2.0,군대,49,15,1.0,0,17.97000905869978,1.0,군대,10-20Y,8.98500452934989,군대,공공안정,기타
54772,0,여성,1,1,0,37170000.0,근로자,고등학교 졸업,기혼,주택 / 아파트,0.010643,1,0,영업직,2.0,사업 2,44,0,15.0,0,17.43101256917685,1.0,사업,Under 2Y,8.715506284588425,사업,자영사업,취약_판매
12443,0,여성,0,1,0,31860000.0,기타,고등학교 졸업,사실혼,주택 / 아파트,0.032561,1,0,단순 노동자,2.0,사업 2,50,6,0.0,0,17.276861893833495,1.0,사업,5-10Y,8.638430946916747,사업,자영사업,취약_단순
33421,1,남성,1,1,1,47790000.0,근로자,대학교 중퇴,별거,주택 / 아파트,0.020246,1,0,운전자,2.0,사업 2,49,3,3.0,1,17.682326991479222,0.0,사업,2-5Y,8.841163495739611,사업,자영사업,취약_기계
896,0,여성,1,1,0,39294000.0,연금수령자,고등학교 졸업,기혼,주택 / 아파트,0.028663,0,0,Unknown,2.0,기타 1,55,1000,1.0,0,17.486582418877422,1.0,기타,Retired,8.743291209438711,기타,기타,기타
59815,0,남성,1,1,0,80712000.0,공무원,대학교 졸업 이상,미혼,주택 / 아파트,0.031329,1,0,Unknown,1.0,국가 안보,25,2,2.0,0,18.206397833460084,0.0,국가,2-5Y,18.206397833460084,국가,공공안정,기타
7278,0,여성,0,1,2,58410000.0,근로자,고등학교 졸업,기혼,주택 / 아파트,0.006207,1,0,단순 노동자,4.0,건설,37,6,14.0,2,17.88299768313685,1.0,건설,5-10Y,4.4707494207842124,건설,경기민감,취약_단순
9485,0,여성,0,1,0,35046000.0,연금수령자,고등학교 졸업,기혼,주택 / 아파트,0.035792,0,0,Unknown,2.0,기타 1,59,1000,24.0,0,17.372172070784426,1.0,기타,Retired,8.686086035392213,기타,기타,기타
8489,0,여성,0,0,1,24426000.0,근로자,고등학교 졸업,사실혼,주택 / 아파트,0.031329,1,0,Unknown,3.0,농업,23,3,3.0,1,17.01115873765315,1.0,농업,2-5Y,5.670386245884384,농업,기타,기타
28882,0,여성,1,0,0,37170000.0,근로자,대학교 졸업 이상,기혼,주택 / 아파트,0.028663,1,0,기술직,2.0,사업 2,37,5,1.0,0,17.43101256917685,1.0,사업,5-10Y,8.715506284588425,사업,자영사업,중간_기능
59115,0,남성,1,1,0,53100000.0,연금수령자,고등학교 졸업,기혼,주택 / 아파트,0.025164,0,0,Unknown,2.0,기타 1,64,1000,23.0,0,17.78768750504456,1.0,기타,Retired,8.89384375252228,기타,기타,기타
8618,0,여성,0,1,0,63720000.0,근로자,대학교 졸업 이상,기혼,주택 / 아파트,0.020713,1,0,Unknown,2.0,사업 2,41,4,0.0,0,17.97000905869978,1.0,사업,2-5Y,8.98500452934989,사업,자영사업,기타
50904,0,여성,1,1,0,26550000.0,근로자,대학교 졸업 이상,기혼,주택 / 아파트,0.026392,1,0,핵심 노동자,2.0,은행,27,1,13.0,0,17.094540343317004,1.0,은행,Under 2Y,8.547270171658502,은행,공공안정,중간_기능
20018,0,여성,1,1,0,42480000.0,근로자,고등학교 졸업,기혼,주택 / 아파트,0.035792,1,0,영업직,2.0,무역 0,39,1,17.0,0,17.564543958438446,1.0,무역,Under 2Y,8.782271979219223,무역,경기민감,취약_판매
18294,0,여성,0,1,0,67968000.0,기타,대학교 졸업 이상,기혼,주택 / 아파트,0.016612,1,1,의료 업계 종사자,2.0,의학,27,8,12.0,0,18.0345475788565,1.0,의학,5-10Y,9.01727378942825,의학,전문금융,안정_전문관리
12287,0,여성,0,1,2,19116000.0,근로자,고등학교 졸업,기혼,주택 / 아파트,0.031329,1,0,Unknown,4.0,사업 0,37,2,5.0,2,16.766036290992385,1.0,사업,2-5Y,4.191509072748096,사업,자영사업,기타
32289,0,여성,1,1,0,15930000.0,근로자,고등학교 졸업,별거,주택 / 아파트,0.028663,1,0,영업직,1.0,사업 2,53,5,16.0,0,16.583714744660867,0.0,사업,5-10Y,16.583714744660867,사업,자영사업,취약_판매
26150,0,여성,1,1,0,47790000.0,연금수령자,고등학교 졸업,기혼,주택 / 아파트,0.04622,0,0,Unknown,2.0,기타 1,57,1000,35.0,0,17.682326991479222,1.0,기타,Retired,8.841163495739611,기타,기타,기타
42780,0,남성,1,0,0,31860000.0,연금수령자,대학교 졸업 이상,기혼,주택 / 아파트,0.009334,0,0,Unknown,2.0,기타 1,63,1000,10.0,0,17.276861893833495,1.0,기타,Retired,8.638430946916747,기타,기타,기타
5927,1,여성,1,0,0,53100000.0,근로자,고등학교 졸업,기혼,주택 / 아파트,0.010643,1,0,영업직,2.0,기타 0,30,0,0.0,0,17.78768750504456,1.0,기타,Under 2Y,8.89384375252228,기타,기타,취약_판매
6933,0,여성,0,1,0,31860000.0,기타,대학교 중퇴,미혼,주택 / 아파트,0.005002,1,0,단순 노동자,1.0,사업 2,31,11,16.0,0,17.276861893833495,0.0,사업,10-20Y,17.276861893833495,사업,자영사업,취약_단순
7487,0,남성,1,1,1,63720000.0,근로자,고등학교 졸업,기혼,주택 / 아파트,0.006207,1,0,기술직,3.0,건설,31,1,1.0,1,17.97000905869978,1.0,건설,Under 2Y,5.990003019566593,건설,경기민감,중간_기능
38279,0,여성,1,1,0,47790000.0,연금수령자,고등학교 졸업,기혼,주택 / 아파트,0.010032,0,0,Unknown,2.0,기타 1,62,1000,16.0,0,17.682326991479222,1.0,기타,Retired,8.841163495739611,기타,기타,기타
11402,0,여성,0,1,0,42480000.0,근로자,대학교 졸업 이상,기혼,주택 / 아파트,0.009175,1,0,Unknown,2.0,기타 0,53,4,2.0,0,17.564543958438446,1.0,기타,2-5Y,8.782271979219223,기타,기타,기타
46666,0,여성,0,1,2,53100000.0,근로자,고등학교 졸업,기혼,주택 / 아파트,0.007114,1,0,기술직,4.0,사업 2,38,0,0.0,2,17.78768750504456,1.0,사업,Under 2Y,4.44692187626114,사업,자영사업,중간_기능
32516,0,여성,0,1,0,26550000.0,기타,고등학교 졸업,기혼,주택 / 아파트,0.030755,1,0,회계사,2.0,자영업,31,4,14.0,0,17.094540343317004,1.0,자영업,2-5Y,8.547270171658502,자영업,자영사업,안정_전문관리
17050,0,여성,0,1,0,31860000.0,연금수령자,고등학교 졸업,기혼,주택 / 아파트,0.020713,0,0,Unknown,2.0,기타 1,65,1000,21.0,0,17.276861893833495,1.0,기타,Retired,8.638430946916747,기타,기타,기타
38200,0,여성,0,1,1,47790000.0,근로자,대학교 졸업 이상,기혼,주택 / 아파트,0.0088659999999999,1,0,영업직,3.0,산업 3,29,9,0.0,1,17.682326991479222,1.0,산업,5-10Y,5.894108997159741,산업,경기민감,취약_판매
56586,0,남성,1,1,1,26550000.0,근로자,고등학교 졸업,기혼,주택 / 아파트,0.0096569999999999,1,0,단순 노동자,3.0,운송 1,53,6,3.0,1,17.094540343317004,1.0,운송,5-10Y,5.698180114439001,운송,경기민감,취약_단순
43995,1,남성,0,1,0,63720000.0,근로자,고등학교 졸업,기혼,주택 / 아파트,0.018801,1,0,운전자,2.0,사업 2,53,2,0.0,0,17.97000905869978,1.0,사업,2-5Y,8.98500452934989,사업,자영사업,취약_기계
52051,1,남성,0,1,0,21240000.0,근로자,고등학교 졸업,사실혼,주택 / 아파트,0.026392,1,0,운전자,2.0,의학,37,1,0.0,0,16.87139680141899,1.0,의학,Under 2Y,8.435698400709494,의학,전문금융,취약_기계
12060,1,남성,0,1,0,31860000.0,근로자,고등학교 졸업,기혼,주택 / 아파트,0.020246,1,0,단순 노동자,2.0,사업 0,43,0,16.0,0,17.276861893833495,1.0,사업,Under 2Y,8.638430946916747,사업,자영사업,취약_단순
47089,0,남성,1,1,0,26550000.0,근로자,고등학교 졸업,미혼,주택 / 아파트,0.00496,1,0,단순 노동자,1.0,운송 1,52,4,6.0,0,17.094540343317004,0.0,운송,2-5Y,17.094540343317004,운송,경기민감,취약_단순
27231,0,남성,1,1,1,47790000.0,근로자,고등학교 졸업,별거,주택 / 아파트,0.004849,1,1,운전자,2.0,사업 0,38,0,5.0,1,17.682326991479222,0.0,사업,Under 2Y,8.841163495739611,사업,자영사업,취약_기계
27767,0,여성,1,1,1,42480000.0,근로자,고등학교 졸업,사실혼,주택 / 아파트,0.00823,1,0,관리직,3.0,무역 0,39,2,22.0,1,17.564543958438446,1.0,무역,2-5Y,5.854847986146148,무역,경기민감,안정_전문관리
29102,1,남성,1,0,0,53100000.0,근로자,고등학교 졸업,기혼,주택 / 아파트,0.025164,1,0,Unknown,2.0,기타 0,48,12,6.0,0,17.78768750504456,1.0,기타,10-20Y,8.89384375252228,기타,기타,기타
10689,0,여성,0,1,0,21240000.0,기타,고등학교 졸업,사실혼,주택 / 아파트,0.01885,1,0,조리사,2.0,사업 2,23,4,23.0,0,16.87139680141899,1.0,사업,2-5Y,8.435698400709494,사업,자영사업,취약_서비스
55639,0,여성,0,1,0,26550000.0,연금수령자,대학교 졸업 이상,기혼,주택 / 아파트,0.01885,0,0,Unknown,2.0,기타 1,63,1000,41.0,0,17.094540343317004,1.0,기타,Retired,8.547270171658502,기타,기타,기타
26441,0,남성,1,1,0,33984000.0,근로자,고등학교 졸업,기혼,주택 / 아파트,0.00823,1,0,단순 노동자,2.0,정부,51,20,23.0,0,17.34140041300936,1.0,정부,Over 20Y,8.67070020650468,정부,공공안정,취약_단순
396,0,남성,1,1,0,37170000.0,연금수령자,고등학교 졸업,기혼,주택 / 아파트,0.0145199999999999,0,0,Unknown,2.0,기타 1,53,1000,28.0,0,17.43101256917685,1.0,기타,Retired,8.715506284588425,기타,기타,기타
25913,0,남성,1,0,1,58410000.0,근로자,고등학교 졸업,미혼,주택 / 아파트,0.0088659999999999,1,0,단순 노동자,2.0,기타 0,45,26,24.0,1,17.88299768313685,0.0,기타,Over 20Y,8.941498841568425,기타,기타,취약_단순
19080,0,여성,0,1,0,26550000.0,연금수령자,대학교 졸업 이상,미혼,주택 / 아파트,0.002042,0,0,Unknown,1.0,기타 1,64,1000,0.0,0,17.094540343317004,0.0,기타,Retired,17.094540343317004,기타,기타,기타
52016,0,남성,0,0,0,26550000.0,기타,고등학교 졸업,기혼,주택 / 아파트,0.018801,1,0,단순 노동자,2.0,사업 2,43,1,20.0,0,17.094540343317004,1.0,사업,Under 2Y,8.547270171658502,사업,자영사업,취약_단순
17643,0,여성,0,1,0,21240000.0,연금수령자,고등학교 졸업,사실혼,주택 / 아파트,0.00733,0,0,Unknown,2.0,기타 1,66,1000,8.0,0,16.87139680141899,1.0,기타,Retired,8.435698400709494,기타,기타,기타
10852,0,남성,1,1,0,38232000.0,근로자,고등학교 졸업,기혼,주택 / 아파트,0.026392,1,0,운전자,2.0,운송 0,52,1,3.0,0,17.45918344539623,1.0,운송,Under 2Y,8.729591722698116,운송,경기민감,취약_기계
3131,0,여성,0,1,0,42480000.0,기타,고등학교 졸업,기혼,주택 / 아파트,0.00702,1,0,단순 노동자,2.0,운송 1,47,0,25.0,0,17.564543958438446,1.0,운송,Under 2Y,8.782271979219223,운송,경기민감,취약_단순
41402,0,남성,1,1,2,31860000.0,근로자,고등학교 졸업,기혼,주택 / 아파트,0.031329,1,0,운전자,4.0,자영업,29,3,23.0,2,17.276861893833495,1.0,자영업,2-5Y,4.319215473458374,자영업,자영사업,취약_기계
38601,0,여성,0,1,1,37170000.0,기타,고등학교 졸업,기혼,주택 / 아파트,0.019101,1,0,관리직,3.0,자영업,32,1,10.0,1,17.43101256917685,1.0,자영업,Under 2Y,5.810337523058951,자영업,자영사업,안정_전문관리
46217,0,여성,0,1,0,37170000.0,근로자,고등학교 졸업,사실혼,주택 / 아파트,0.0105,1,0,단순 노동자,2.0,산업 8,33,1,17.0,0,17.43101256917685,1.0,산업,Under 2Y,8.715506284588425,산업,경기민감,취약_단순
4568,0,여성,0,0,0,15930000.0,근로자,고등학교 졸업,사별,오피스텔,0.025164,1,0,미화원,1.0,무역 0,53,4,4.0,0,16.583714744660867,0.0,무역,2-5Y,16.583714744660867,무역,경기민감,취약_단순
29770,0,여성,0,1,0,42480000.0,기타,고등학교 졸업,사실혼,주택 / 아파트,0.022625,1,0,조리사,2.0,운송 1,53,9,2.0,0,17.564543958438446,1.0,운송,5-10Y,8.782271979219223,운송,경기민감,취약_서비스
21908,0,남성,1,0,1,42480000.0,근로자,고등학교 졸업,기혼,주택 / 아파트,0.030755,1,0,관리직,3.0,자영업,45,2,9.0,1,17.564543958438446,1.0,자영업,2-5Y,5.854847986146148,자영업,자영사업,안정_전문관리
48650,0,여성,1,1,1,63720000.0,근로자,대학교 졸업 이상,기혼,주택 / 아파트,0.030755,1,0,단순 노동자,3.0,사업 0,50,22,12.0,1,17.97000905869978,1.0,사업,Over 20Y,5.990003019566593,사업,자영사업,취약_단순
55313,0,여성,0,0,0,47790000.0,연금수령자,고등학교 졸업,기혼,주택 / 아파트,0.01885,0,0,Unknown,2.0,기타 1,68,1000,3.0,0,17.682326991479222,1.0,기타,Retired,8.841163495739611,기타,기타,기타
25055,0,남성,1,1,0,53100000.0,근로자,대학교 졸업 이상,기혼,주택 / 아파트,0.026392,1,0,단순 노동자,2.0,사업 2,46,5,1.0,0,17.78768750504456,1.0,사업,5-10Y,8.89384375252228,사업,자영사업,취약_단순
37033,0,여성,0,1,0,29736000.0,근로자,대학교 졸업 이상,기혼,오피스텔,0.01885,1,0,핵심 노동자,2.0,학교,55,36,2.0,0,17.207869024588497,1.0,학교,Over 20Y,8.603934512294249,학교,공공안정,중간_기능
3077,0,여성,1,1,0,14868000.0,연금수령자,저학력자,기혼,주택 / 아파트,0.025164,0,0,Unknown,2.0,기타 1,63,1000,4.0,0,16.51472187765782,1.0,기타,Retired,8.25736093882891,기타,기타,기타
47205,0,남성,1,1,0,42480000.0,기타,고등학교 졸업,기혼,주택 / 아파트,0.010556,1,0,관리직,2.0,사업 2,42,11,12.0,0,17.564543958438446,1.0,사업,10-20Y,8.782271979219223,사업,자영사업,안정_전문관리
46419,0,여성,0,1,0,32922000.0,근로자,고등학교 졸업,기혼,주택 / 아파트,0.018801,1,0,핵심 노동자,2.0,기타 0,49,4,21.0,0,17.30965171564399,1.0,기타,2-5Y,8.654825857821995,기타,기타,중간_기능
25018,0,남성,1,1,0,53100000.0,기타,고등학교 졸업,기혼,주택 / 아파트,0.025164,1,0,관리직,2.0,사업 2,42,5,9.0,0,17.78768750504456,1.0,사업,5-10Y,8.89384375252228,사업,자영사업,안정_전문관리
38166,1,여성,1,1,0,106200000.0,기타,고등학교 졸업,기혼,주택 / 아파트,0.030755,1,0,관리직,2.0,사업 2,52,4,22.0,0,18.48083467618831,1.0,사업,2-5Y,9.240417338094154,사업,자영사업,안정_전문관리
55406,0,여성,1,1,0,36108000.0,공무원,고등학교 졸업,기혼,주택 / 아파트,0.008575,1,0,회계사,2.0,정부,60,9,10.0,0,17.402025033094876,1.0,정부,5-10Y,8.701012516547438,정부,공공안정,안정_전문관리
35583,1,여성,0,0,0,26550000.0,연금수령자,대학교 졸업 이상,미혼,주택 / 아파트,0.019101,0,0,Unknown,1.0,기타 1,62,1000,7.0,0,17.094540343317004,0.0,기타,Retired,17.094540343317004,기타,기타,기타
22648,0,남성,1,1,0,138060000.0,기타,대학교 졸업 이상,사실혼,주택 / 아파트,0.04622,1,0,기술직,2.0,기타 0,28,0,0.0,0,18.74319893848283,1.0,기타,Under 2Y,9.371599469241415,기타,기타,중간_기능
52932,1,여성,0,0,0,26550000.0,근로자,고등학교 졸업,사실혼,주택 / 아파트,0.026392,1,0,조리사,2.0,레스토랑,56,0,14.0,0,17.094540343317004,1.0,레스토랑,Under 2Y,8.547270171658502,레스토랑,서비스요식,취약_서비스
56357,0,여성,0,1,2,26550000.0,근로자,대학교 졸업 이상,별거,주택 / 아파트,0.009334,1,0,핵심 노동자,3.0,기타 0,43,3,9.0,2,17.094540343317004,0.0,기타,2-5Y,5.698180114439001,기타,기타,중간_기능
26338,0,여성,0,0,0,18054000.0,연금수령자,고등학교 졸업,사별,주택 / 아파트,0.008575,0,0,Unknown,1.0,기타 1,67,1000,4.0,0,16.708877880229622,0.0,기타,Retired,16.708877880229622,기타,기타,기타
416,1,남성,1,0,0,74340000.0,기타,고등학교 졸업,기혼,주택 / 아파트,0.025164,1,0,운전자,2.0,사업 0,34,7,18.0,0,18.124159736285087,1.0,사업,5-10Y,9.062079868142543,사업,자영사업,취약_기계
10646,0,여성,0,1,0,33984000.0,기타,대학교 졸업 이상,사별,주택 / 아파트,0.030755,1,0,비서,1.0,주택,56,0,9.0,0,17.34140041300936,0.0,주택,Under 2Y,17.34140041300936,주택,기타,안정_사무
36721,0,여성,0,0,0,33984000.0,근로자,고등학교 졸업,사별,주택 / 아파트,0.006233,1,0,영업직,1.0,자영업,56,8,28.0,0,17.34140041300936,0.0,자영업,5-10Y,17.34140041300936,자영업,자영사업,취약_판매
26931,0,여성,1,1,1,40356000.0,근로자,고등학교 졸업,기혼,주택 / 아파트,0.006852,1,0,핵심 노동자,3.0,기타 0,32,8,5.0,1,17.51325066528987,1.0,기타,5-10Y,5.83775022176329,기타,기타,중간_기능
19842,1,남성,0,1,0,21240000.0,근로자,고등학교 졸업,미혼,주택 / 아파트,0.0145199999999999,1,0,보안 업계 종사자,1.0,자영업,27,1,11.0,0,16.87139680141899,0.0,자영업,Under 2Y,16.87139680141899,자영업,자영사업,취약_서비스
9696,0,여성,0,1,0,23364000.0,근로자,대학교 졸업 이상,기혼,아파트 임대,0.018029,1,0,핵심 노동자,2.0,기타 0,28,0,28.0,0,16.966706976943225,1.0,기타,Under 2Y,8.483353488471613,기타,기타,중간_기능
5201,0,여성,1,0,3,47790000.0,공무원,대학교 졸업 이상,기혼,주택 / 아파트,0.016612,1,0,핵심 노동자,5.0,학교,41,20,20.0,3+,17.682326991479222,1.0,학교,Over 20Y,3.5364653982958445,학교,공공안정,중간_기능
53122,0,여성,0,1,1,53100000.0,근로자,대학교 졸업 이상,미혼,주택 / 아파트,0.010006,1,0,단순 노동자,2.0,의학,31,12,3.0,1,17.78768750504456,0.0,의학,10-20Y,8.89384375252228,의학,전문금융,취약_단순
27787,0,남성,1,1,0,27612000.0,연금수령자,고등학교 졸업,기혼,주택 / 아파트,0.031329,0,0,Unknown,2.0,기타 1,63,1000,28.0,0,17.13376105502164,1.0,기타,Retired,8.56688052751082,기타,기타,기타
42990,0,여성,0,1,0,19116000.0,근로자,고등학교 졸업,기혼,공공분양,0.032561,1,0,핵심 노동자,2.0,유치원,54,0,0.0,0,16.766036290992385,1.0,유치원,Under 2Y,8.383018145496193,유치원,공공안정,중간_기능
8870,0,여성,0,0,0,57348000.0,연금수령자,고등학교 졸업,사실혼,주택 / 아파트,0.020713,0,0,Unknown,2.0,기타 1,65,1000,24.0,0,17.864648544785695,1.0,기타,Retired,8.932324272392847,기타,기타,기타
6390,0,여성,1,1,1,49914000.0,기타,고등학교 졸업,기혼,주택 / 아파트,0.022625,1,1,핵심 노동자,3.0,광고,34,1,8.0,1,17.72581210252854,1.0,광고,Under 2Y,5.90860403417618,광고,기타,중간_기능
34179,0,남성,0,0,0,19116000.0,연금수령자,고등학교 졸업,기혼,주택 / 아파트,0.030755,0,0,Unknown,2.0,기타 1,61,1000,34.0,0,16.766036290992385,1.0,기타,Retired,8.383018145496193,기타,기타,기타
20083,0,여성,0,1,1,42480000.0,연금수령자,고등학교 졸업,미혼,주택 / 아파트,0.031329,0,0,Unknown,2.0,기타 1,62,1000,37.0,1,17.564543958438446,0.0,기타,Retired,8.782271979219223,기타,기타,기타
58303,0,남성,0,1,2,22302000.0,근로자,고등학교 졸업,기혼,주택 / 아파트,0.008625,1,0,단순 노동자,4.0,산업 8,40,7,3.0,2,16.92018696334647,1.0,산업,5-10Y,4.230046740836618,산업,경기민감,취약_단순
47243,0,남성,1,1,2,31860000.0,근로자,고등학교 졸업,기혼,주택 / 아파트,0.031329,1,0,운전자,4.0,산업 8,31,2,6.0,2,17.276861893833495,1.0,산업,2-5Y,4.319215473458374,산업,경기민감,취약_기계
44350,0,여성,0,1,0,64782000.0,기타,대학교 졸업 이상,별거,주택 / 아파트,0.006629,1,0,기술직,1.0,주택,54,23,2.0,0,17.98653836039372,0.0,주택,Over 20Y,17.98653836039372,주택,기타,중간_기능
15518,1,남성,0,0,2,42480000.0,근로자,고등학교 졸업,기혼,주택 / 아파트,0.016612,1,0,단순 노동자,4.0,산업 10,34,10,6.0,2,17.564543958438446,1.0,산업,10-20Y,4.391135989609611,산업,경기민감,취약_단순
56952,0,남성,1,1,0,69030000.0,공무원,대학교 졸업 이상,미혼,주택 / 아파트,0.04622,1,0,핵심 노동자,1.0,경찰,28,9,13.0,0,18.050051765166117,0.0,경찰,5-10Y,18.050051765166117,경찰,공공안정,중간_기능
27166,0,여성,0,0,0,21240000.0,근로자,고등학교 졸업,사실혼,주택 / 아파트,0.035792,1,0,요식업 종사자,2.0,자영업,31,9,13.0,0,16.87139680141899,1.0,자영업,5-10Y,8.435698400709494,자영업,자영사업,취약_서비스
23965,0,여성,0,0,0,18054000.0,근로자,고등학교 졸업,사실혼,공공분양,0.018801,1,0,단순 노동자,2.0,사업 2,30,2,13.0,0,16.708877880229622,1.0,사업,2-5Y,8.354438940114811,사업,자영사업,취약_단순
57735,1,여성,0,0,0,63720000.0,근로자,고등학교 졸업,기혼,주택 / 아파트,0.015221,1,0,회계사,2.0,자영업,35,6,17.0,0,17.97000905869978,1.0,자영업,5-10Y,8.98500452934989,자영업,자영사업,안정_전문관리
5522,0,여성,1,1,1,53100000.0,근로자,대학교 졸업 이상,사실혼,주택 / 아파트,0.002506,1,0,영업직,3.0,자영업,31,6,0.0,1,17.78768750504456,1.0,자영업,5-10Y,5.929229168348186,자영업,자영사업,취약_판매
12154,0,남성,1,0,0,32922000.0,근로자,고등학교 졸업,사실혼,주택 / 아파트,0.031329,1,0,단순 노동자,2.0,주택,45,0,33.0,0,17.30965171564399,1.0,주택,Under 2Y,8.654825857821995,주택,기타,취약_단순
28116,0,여성,0,1,0,53100000.0,연금수령자,고등학교 졸업,기혼,주택 / 아파트,0.0145199999999999,0,0,Unknown,2.0,기타 1,63,1000,15.0,0,17.78768750504456,1.0,기타,Retired,8.89384375252228,기타,기타,기타
4039,0,남성,0,0,0,42480000.0,기타,고등학교 졸업,미혼,주택 / 아파트,0.01885,1,0,단순 노동자,1.0,사업 0,27,3,27.0,0,17.564543958438446,0.0,사업,2-5Y,17.564543958438446,사업,자영사업,취약_단순
8941,0,여성,1,1,0,47790000.0,근로자,대학교 졸업 이상,사실혼,주택 / 아파트,0.025164,1,1,Unknown,2.0,사업 2,28,1,13.0,0,17.682326991479222,1.0,사업,Under 2Y,8.841163495739611,사업,자영사업,기타
14552,0,여성,0,0,0,26550000.0,연금수령자,고등학교 졸업,기혼,공공분양,0.005002,0,0,Unknown,2.0,기타 1,54,1000,23.0,0,17.094540343317004,1.0,기타,Retired,8.547270171658502,기타,기타,기타
34047,0,여성,1,1,0,37170000.0,기타,대학교 졸업 이상,기혼,주택 / 아파트,0.0145199999999999,1,0,회계사,2.0,사업 2,39,5,10.0,0,17.43101256917685,1.0,사업,5-10Y,8.715506284588425,사업,자영사업,안정_전문관리
25458,0,여성,0,0,0,31860000.0,연금수령자,고등학교 졸업,기혼,주택 / 아파트,0.018029,0,0,Unknown,2.0,기타 1,53,1000,29.0,0,17.276861893833495,1.0,기타,Retired,8.638430946916747,기타,기타,기타
56963,0,여성,0,1,0,31860000.0,근로자,고등학교 졸업,기혼,주택 / 아파트,0.011703,1,0,가정부,2.0,서비스,45,6,6.0,0,17.276861893833495,1.0,서비스,5-10Y,8.638430946916747,서비스,서비스요식,취약_서비스
5013,0,여성,0,1,0,37170000.0,근로자,대학교 졸업 이상,미혼,주택 / 아파트,0.022625,1,0,핵심 노동자,1.0,학교,55,2,23.0,0,17.43101256917685,0.0,학교,2-5Y,17.43101256917685,학교,공공안정,중간_기능
33316,0,여성,0,1,0,42480000.0,연금수령자,고등학교 졸업,별거,주택 / 아파트,0.035792,0,0,Unknown,1.0,기타 1,59,1000,10.0,0,17.564543958438446,0.0,기타,Retired,17.564543958438446,기타,기타,기타
49126,1,여성,1,1,2,47790000.0,근로자,대학교 졸업 이상,기혼,주택 / 아파트,0.02461,1,1,기술직,4.0,사업 0,35,16,19.0,2,17.682326991479222,1.0,사업,10-20Y,4.4205817478698055,사업,자영사업,중간_기능
14180,0,남성,0,0,1,42480000.0,근로자,대학교 졸업 이상,별거,주택 / 아파트,0.0145199999999999,1,0,IT 업계 종사자,2.0,기타 0,36,14,19.0,1,17.564543958438446,0.0,기타,10-20Y,8.782271979219223,기타,기타,안정_전문관리
55360,1,여성,1,0,0,21240000.0,근로자,고등학교 졸업,기혼,주택 / 아파트,0.018029,1,0,Unknown,2.0,학교,48,23,25.0,0,16.87139680141899,1.0,학교,Over 20Y,8.435698400709494,학교,공공안정,기타
54967,0,남성,0,1,0,31860000.0,기타,고등학교 졸업,미혼,아파트 임대,0.031329,1,0,관리직,1.0,사업 2,30,3,13.0,0,17.276861893833495,0.0,사업,2-5Y,17.276861893833495,사업,자영사업,안정_전문관리
24943,0,여성,0,0,0,26550000.0,근로자,고등학교 졸업,미혼,공공분양,0.006233,1,1,영업직,1.0,무역 0,23,3,9.0,0,17.094540343317004,0.0,무역,2-5Y,17.094540343317004,무역,경기민감,취약_판매
46948,0,여성,0,0,0,69030000.0,연금수령자,대학교 졸업 이상,기혼,주택 / 아파트,0.04622,0,0,Unknown,2.0,기타 1,56,1000,0.0,0,18.050051765166117,1.0,기타,Retired,9.025025882583057,기타,기타,기타
3788,0,여성,0,1,0,90270000.0,기타,고등학교 졸업,기혼,주택 / 아파트,0.00702,1,0,단순 노동자,2.0,건설,53,5,15.0,0,18.318315748352216,1.0,건설,5-10Y,9.159157874176108,건설,경기민감,취약_단순
41699,0,여성,0,0,0,22302000.0,근로자,고등학교 졸업,기혼,공공분양,0.031329,1,0,단순 노동자,2.0,농업,50,19,30.0,0,16.92018696334647,1.0,농업,10-20Y,8.460093481673235,농업,기타,취약_단순
17074,0,여성,0,1,0,40356000.0,기타,고등학교 졸업,기혼,주택 / 아파트,0.0196889999999999,1,0,관리직,2.0,운송 1,33,1,1.0,0,17.51325066528987,1.0,운송,Under 2Y,8.756625332644935,운송,경기민감,안정_전문관리
18377,0,여성,0,1,0,21240000.0,근로자,대학교 졸업 이상,미혼,주택 / 아파트,0.018029,1,0,Unknown,1.0,사업 1,47,13,4.0,0,16.87139680141899,0.0,사업,10-20Y,16.87139680141899,사업,자영사업,기타
15391,1,남성,1,1,0,29736000.0,근로자,고등학교 졸업,별거,주택 / 아파트,0.010147,1,0,영업직,1.0,자영업,56,7,7.0,0,17.207869024588497,0.0,자영업,5-10Y,17.207869024588497,자영업,자영사업,취약_판매
12172,0,남성,0,1,0,47790000.0,연금수령자,고등학교 졸업,별거,주택 / 아파트,0.005084,0,0,Unknown,1.0,기타 1,61,1000,38.0,0,17.682326991479222,0.0,기타,Retired,17.682326991479222,기타,기타,기타
38900,0,여성,0,0,0,63720000.0,기타,대학교 졸업 이상,기혼,주택 / 아파트,0.0145199999999999,1,0,회계사,2.0,은행,37,10,9.0,0,17.97000905869978,1.0,은행,10-20Y,8.98500452934989,은행,공공안정,안정_전문관리
4878,1,남성,0,1,0,18054000.0,공무원,대학교 중퇴,기혼,공공분양,0.002134,1,0,핵심 노동자,2.0,학교,49,17,3.0,0,16.708877880229622,1.0,학교,10-20Y,8.354438940114811,학교,공공안정,중간_기능
32741,0,남성,1,1,1,47790000.0,기타,대학교 졸업 이상,기혼,주택 / 아파트,0.006629,1,0,영업직,3.0,사업 2,34,4,10.0,1,17.682326991479222,1.0,사업,2-5Y,5.894108997159741,사업,자영사업,취약_판매
6839,0,여성,0,1,0,21240000.0,연금수령자,고등학교 졸업,기혼,주택 / 아파트,0.006629,0,0,Unknown,2.0,기타 1,59,1000,14.0,0,16.87139680141899,1.0,기타,Retired,8.435698400709494,기타,기타,기타
10092,0,남성,0,1,0,37170000.0,기타,고등학교 졸업,기혼,주택 / 아파트,0.0038179999999999,1,0,단순 노동자,2.0,주택,56,1,7.0,0,17.43101256917685,1.0,주택,Under 2Y,8.715506284588425,주택,기타,취약_단순
36539,0,남성,1,1,0,63720000.0,기타,고등학교 졸업,기혼,주택 / 아파트,0.035792,1,0,운전자,2.0,자영업,47,2,31.0,0,17.97000905869978,1.0,자영업,2-5Y,8.98500452934989,자영업,자영사업,취약_기계
56901,0,여성,0,1,1,42480000.0,근로자,고등학교 졸업,기혼,주택 / 아파트,0.032561,1,0,핵심 노동자,3.0,유치원,33,1,0.0,1,17.564543958438446,1.0,유치원,Under 2Y,5.854847986146148,유치원,공공안정,중간_기능
48452,0,여성,1,1,1,79650000.0,근로자,대학교 졸업 이상,기혼,주택 / 아파트,0.02461,1,0,Unknown,3.0,사업 0,42,0,20.0,1,18.19315260687526,1.0,사업,Under 2Y,6.064384202291753,사업,자영사업,기타
2210,0,여성,0,1,0,23364000.0,연금수령자,고등학교 졸업,기혼,주택 / 아파트,0.018029,0,0,Unknown,2.0,기타 1,55,1000,24.0,0,16.966706976943225,1.0,기타,Retired,8.483353488471613,기타,기타,기타
50792,0,여성,0,1,2,42480000.0,근로자,대학교 졸업 이상,기혼,주택 / 아파트,0.019101,1,0,단순 노동자,4.0,사업 2,41,9,19.0,2,17.564543958438446,1.0,사업,5-10Y,4.391135989609611,사업,자영사업,취약_단순
12130,0,여성,0,1,0,31860000.0,연금수령자,고등학교 졸업,기혼,주택 / 아파트,0.00702,0,0,Unknown,2.0,기타 1,50,1000,24.0,0,17.276861893833495,1.0,기타,Retired,8.638430946916747,기타,기타,기타
32223,0,남성,0,1,0,42480000.0,공무원,대학교 중퇴,미혼,주택 / 아파트,0.00496,1,0,관리직,1.0,기타 0,39,3,16.0,0,17.564543958438446,0.0,기타,2-5Y,17.564543958438446,기타,기타,안정_전문관리
58654,0,여성,0,0,1,37170000.0,근로자,고등학교 졸업,기혼,주택 / 아파트,0.009175,1,0,관리직,3.0,우체부,39,8,19.0,1,17.43101256917685,1.0,우체부,5-10Y,5.810337523058951,우체부,기타,안정_전문관리
16717,0,여성,0,1,0,47790000.0,근로자,고등학교 졸업,사별,주택 / 아파트,0.002506,1,0,영업직,1.0,무역 3,45,3,10.0,0,17.682326991479222,0.0,무역,2-5Y,17.682326991479222,무역,경기민감,취약_판매
55209,0,여성,0,1,0,24426000.0,근로자,고등학교 졸업,기혼,주택 / 아파트,0.020713,1,0,영업직,2.0,자영업,37,15,19.0,0,17.01115873765315,1.0,자영업,10-20Y,8.505579368826576,자영업,자영사업,취약_판매
55729,0,여성,0,1,0,20178000.0,기타,고등학교 졸업,별거,주택 / 아파트,0.030755,1,1,Unknown,1.0,사업 2,65,3,10.0,0,16.820103509509387,0.0,사업,2-5Y,16.820103509509387,사업,자영사업,기타
56765,0,남성,0,0,0,37170000.0,근로자,고등학교 졸업,사실혼,주택 / 아파트,0.030755,1,0,단순 노동자,2.0,사업 2,38,2,7.0,0,17.43101256917685,1.0,사업,2-5Y,8.715506284588425,사업,자영사업,취약_단순
9167,0,여성,0,1,0,58410000.0,근로자,고등학교 졸업,사별,주택 / 아파트,0.028663,1,0,회계사,1.0,사업 0,53,34,29.0,0,17.88299768313685,0.0,사업,Over 20Y,17.88299768313685,사업,자영사업,안정_전문관리
25603,0,남성,0,1,2,37170000.0,근로자,대학교 졸업 이상,기혼,주택 / 아파트,0.022625,1,0,단순 노동자,4.0,산업 4,27,3,12.0,2,17.43101256917685,1.0,산업,2-5Y,4.357753142294213,산업,경기민감,취약_단순
52036,0,여성,0,1,0,26550000.0,근로자,고등학교 졸업,기혼,주택 / 아파트,0.0145199999999999,1,0,영업직,2.0,자영업,55,6,0.0,0,17.094540343317004,1.0,자영업,5-10Y,8.547270171658502,자영업,자영사업,취약_판매
4672,0,남성,1,1,0,159300000.0,근로자,대학교 졸업 이상,기혼,주택 / 아파트,0.04622,1,0,Unknown,2.0,자영업,56,0,6.0,0,18.886299781157746,1.0,자영업,Under 2Y,9.443149890578873,자영업,자영사업,기타
59833,0,남성,1,0,0,47790000.0,기타,고등학교 졸업,기혼,주택 / 아파트,0.028663,1,0,운전자,2.0,사업 2,27,3,5.0,0,17.682326991479222,1.0,사업,2-5Y,8.841163495739611,사업,자영사업,취약_기계
13312,0,남성,0,1,0,26550000.0,근로자,고등학교 졸업,기혼,주택 / 아파트,0.006629,1,0,Unknown,2.0,유치원,30,3,13.0,0,17.094540343317004,1.0,유치원,2-5Y,8.547270171658502,유치원,공공안정,기타
4464,0,여성,1,1,0,24426000.0,근로자,대학교 중퇴,기혼,아파트 임대,0.00733,1,0,단순 노동자,2.0,사업 2,27,0,12.0,0,17.01115873765315,1.0,사업,Under 2Y,8.505579368826576,사업,자영사업,취약_단순
44697,0,여성,0,1,0,37170000.0,연금수령자,고등학교 졸업,기혼,주택 / 아파트,0.032561,0,0,Unknown,2.0,기타 1,61,1000,1.0,0,17.43101256917685,1.0,기타,Retired,8.715506284588425,기타,기타,기타
42812,0,여성,1,1,2,40356000.0,기타,고등학교 졸업,기혼,주택 / 아파트,0.025164,1,0,영업직,4.0,무역 0,37,0,16.0,2,17.51325066528987,1.0,무역,Under 2Y,4.378312666322468,무역,경기민감,취약_판매
14005,0,여성,1,1,0,47790000.0,근로자,고등학교 졸업,기혼,주택 / 아파트,0.025164,1,0,영업직,2.0,자영업,47,3,7.0,0,17.682326991479222,1.0,자영업,2-5Y,8.841163495739611,자영업,자영사업,취약_판매
33350,1,여성,0,1,1,21240000.0,근로자,고등학교 졸업,사실혼,주택 / 아파트,0.026392,1,0,영업직,3.0,자영업,25,2,11.0,1,16.87139680141899,1.0,자영업,2-5Y,5.62379893380633,자영업,자영사업,취약_판매
4885,0,여성,0,1,0,26550000.0,기타,대학교 졸업 이상,기혼,주택 / 아파트,0.028663,1,0,영업직,2.0,사업 0,29,2,16.0,0,17.094540343317004,1.0,사업,2-5Y,8.547270171658502,사업,자영사업,취약_판매
16507,0,여성,0,1,2,25488000.0,근로자,고등학교 졸업,기혼,주택 / 아파트,0.018801,1,0,의료 업계 종사자,4.0,의학,34,5,6.0,2,17.053718350366115,1.0,의학,5-10Y,4.263429587591529,의학,전문금융,안정_전문관리
35026,1,여성,1,1,1,63720000.0,근로자,대학교 졸업 이상,기혼,주택 / 아파트,0.006852,1,0,관리직,3.0,자영업,31,2,1.0,1,17.97000905869978,1.0,자영업,2-5Y,5.990003019566593,자영업,자영사업,안정_전문관리
3222,0,남성,1,1,2,53100000.0,근로자,대학교 졸업 이상,사별,주택 / 아파트,0.00702,1,0,기술직,3.0,산업 4,50,10,9.0,2,17.78768750504456,0.0,산업,10-20Y,5.929229168348186,산업,경기민감,중간_기능
32028,0,여성,0,1,0,35046000.0,근로자,고등학교 졸업,미혼,주택 / 아파트,0.020713,1,0,Unknown,1.0,사업 2,57,8,28.0,0,17.372172070784426,0.0,사업,5-10Y,17.372172070784426,사업,자영사업,기타
9955,1,여성,0,0,0,47790000.0,공무원,고등학교 졸업,기혼,아파트 임대,0.002042,1,0,Unknown,2.0,학교,47,2,0.0,0,17.682326991479222,1.0,학교,2-5Y,8.841163495739611,학교,공공안정,기타
5396,0,남성,1,0,1,42480000.0,근로자,고등학교 졸업,기혼,주택 / 아파트,0.026392,1,0,Unknown,3.0,자영업,34,7,16.0,1,17.564543958438446,1.0,자영업,5-10Y,5.854847986146148,자영업,자영사업,기타
936,0,남성,1,1,0,42480000.0,근로자,고등학교 졸업,기혼,주택 / 아파트,0.028663,1,0,단순 노동자,2.0,사업 0,53,0,34.0,0,17.564543958438446,1.0,사업,Under 2Y,8.782271979219223,사업,자영사업,취약_단순
21701,0,여성,0,1,0,21240000.0,공무원,고등학교 졸업,사별,주택 / 아파트,0.002042,1,0,의료 업계 종사자,1.0,기타 0,48,11,16.0,0,16.87139680141899,0.0,기타,10-20Y,16.87139680141899,기타,기타,안정_전문관리
16330,0,남성,1,1,0,26550000.0,근로자,고등학교 졸업,기혼,주택 / 아파트,0.00823,1,0,운전자,2.0,정부,26,2,26.0,0,17.094540343317004,1.0,정부,2-5Y,8.547270171658502,정부,공공안정,취약_기계
30479,0,남성,0,1,0,30798000.0,연금수령자,고등학교 졸업,기혼,주택 / 아파트,0.020246,0,0,Unknown,2.0,기타 1,52,1000,2.0,0,17.242960343240135,1.0,기타,Retired,8.621480171620068,기타,기타,기타
29936,0,남성,1,1,2,31860000.0,근로자,고등학교 졸업,기혼,주택 / 아파트,0.035792,1,0,단순 노동자,4.0,산업 4,30,1,15.0,2,17.276861893833495,1.0,산업,Under 2Y,4.319215473458374,산업,경기민감,취약_단순
5205,0,남성,0,1,0,21240000.0,근로자,고등학교 졸업,미혼,주택 / 아파트,0.015221,1,0,단순 노동자,1.0,기타 0,51,12,27.0,0,16.87139680141899,0.0,기타,10-20Y,16.87139680141899,기타,기타,취약_단순
59142,0,여성,1,1,0,36108000.0,연금수령자,저학력자,기혼,주택 / 아파트,0.003813,0,0,Unknown,2.0,기타 1,62,1000,19.0,0,17.402025033094876,1.0,기타,Retired,8.701012516547438,기타,기타,기타
2349,0,여성,0,1,0,47790000.0,근로자,고등학교 졸업,별거,주택 / 아파트,0.01885,1,1,기술직,1.0,무역 0,53,12,26.0,0,17.682326991479222,0.0,무역,10-20Y,17.682326991479222,무역,경기민감,중간_기능
22040,0,여성,0,0,0,47790000.0,근로자,고등학교 졸업,기혼,주택 / 아파트,0.0228,1,0,핵심 노동자,2.0,학교,54,1,4.0,0,17.682326991479222,1.0,학교,Under 2Y,8.841163495739611,학교,공공안정,중간_기능
5771,0,여성,0,1,0,37170000.0,연금수령자,고등학교 졸업,미혼,주택 / 아파트,0.010276,0,0,Unknown,1.0,기타 1,61,1000,25.0,0,17.43101256917685,0.0,기타,Retired,17.43101256917685,기타,기타,기타
5436,0,여성,0,0,0,31860000.0,기타,고등학교 졸업,별거,공공분양,0.04622,1,0,단순 노동자,1.0,사업 2,28,2,11.0,0,17.276861893833495,0.0,사업,2-5Y,17.276861893833495,사업,자영사업,취약_단순
23722,0,남성,1,0,0,31860000.0,기타,고등학교 졸업,기혼,주택 / 아파트,0.007305,1,0,Unknown,2.0,정부,46,22,25.0,0,17.276861893833495,1.0,정부,Over 20Y,8.638430946916747,정부,공공안정,기타
12557,0,여성,0,0,2,18054000.0,근로자,고등학교 졸업,기혼,주택 / 아파트,0.035792,1,0,영업직,4.0,무역 0,29,7,13.0,2,16.708877880229622,1.0,무역,5-10Y,4.1772194700574055,무역,경기민감,취약_판매
53060,1,여성,1,0,0,29736000.0,공무원,대학교 졸업 이상,기혼,주택 / 아파트,0.028663,1,0,핵심 노동자,2.0,유치원,51,16,18.0,0,17.207869024588497,1.0,유치원,10-20Y,8.603934512294249,유치원,공공안정,중간_기능
898,0,여성,0,1,2,31860000.0,근로자,고등학교 졸업,기혼,주택 / 아파트,0.019101,1,0,단순 노동자,4.0,기타 0,38,4,19.0,2,17.276861893833495,1.0,기타,2-5Y,4.319215473458374,기타,기타,취약_단순
47181,0,여성,0,1,0,31860000.0,공무원,고등학교 졸업,미혼,주택 / 아파트,0.0196889999999999,1,1,Unknown,1.0,기타 0,36,3,18.0,0,17.276861893833495,0.0,기타,2-5Y,17.276861893833495,기타,기타,기타
53040,0,남성,0,1,0,37170000.0,근로자,고등학교 졸업,미혼,주택 / 아파트,0.025164,1,0,미화원,1.0,주택,56,18,20.0,0,17.43101256917685,0.0,주택,10-20Y,17.43101256917685,주택,기타,취약_단순
26584,0,여성,0,0,0,66906000.0,기타,고등학교 졸업,미혼,아파트 임대,0.025164,1,0,회계사,1.0,사업 2,26,1,2.0,0,18.018799222121896,0.0,사업,Under 2Y,18.018799222121896,사업,자영사업,안정_전문관리
26773,0,남성,0,1,0,35046000.0,기타,고등학교 졸업,기혼,주택 / 아파트,0.006852,1,0,Unknown,2.0,자영업,28,2,2.0,0,17.372172070784426,1.0,자영업,2-5Y,8.686086035392213,자영업,자영사업,기타
6006,1,여성,1,0,0,43542000.0,근로자,대학교 중퇴,사실혼,주택 / 아파트,0.0116569999999999,1,0,Unknown,2.0,기타 0,38,1,10.0,0,17.58923657045466,1.0,기타,Under 2Y,8.79461828522733,기타,기타,기타
22934,0,남성,1,0,0,53100000.0,근로자,대학교 졸업 이상,기혼,주택 / 아파트,0.019101,1,0,운전자,2.0,자영업,36,6,6.0,0,17.78768750504456,1.0,자영업,5-10Y,8.89384375252228,자영업,자영사업,취약_기계
57938,0,여성,0,1,0,31860000.0,연금수령자,고등학교 졸업,기혼,주택 / 아파트,0.028663,0,0,Unknown,2.0,기타 1,56,1000,20.0,0,17.276861893833495,1.0,기타,Retired,8.638430946916747,기타,기타,기타
16096,0,여성,0,1,0,26550000.0,근로자,고등학교 졸업,사별,주택 / 아파트,0.00702,1,0,영업직,1.0,무역 0,53,5,4.0,0,17.094540343317004,0.0,무역,5-10Y,17.094540343317004,무역,경기민감,취약_판매
12528,0,여성,1,1,1,21240000.0,근로자,고등학교 졸업,기혼,주택 / 아파트,0.022625,1,0,영업직,3.0,산업 3,44,0,8.0,1,16.87139680141899,1.0,산업,Under 2Y,5.62379893380633,산업,경기민감,취약_판매
47155,0,남성,1,1,0,31860000.0,근로자,고등학교 졸업,기혼,주택 / 아파트,0.015221,1,0,저임금 노동자,2.0,자영업,51,12,33.0,0,17.276861893833495,1.0,자영업,10-20Y,8.638430946916747,자영업,자영사업,취약_단순
20160,0,남성,1,1,1,33984000.0,근로자,대학교 중퇴,기혼,주택 / 아파트,0.018029,1,0,단순 노동자,3.0,군대,37,4,9.0,1,17.34140041300936,1.0,군대,2-5Y,5.780466804336453,군대,공공안정,취약_단순
9790,0,여성,1,1,0,47790000.0,근로자,대학교 졸업 이상,기혼,주택 / 아파트,0.002042,1,1,관리직,2.0,학교,64,30,21.0,0,17.682326991479222,1.0,학교,Over 20Y,8.841163495739611,학교,공공안정,안정_전문관리
18078,0,여성,1,0,2,28674000.0,근로자,대학교 졸업 이상,기혼,주택 / 아파트,0.01885,1,0,회계사,4.0,사업 2,32,1,2.0,2,17.17150138166315,1.0,사업,Under 2Y,4.292875345415787,사업,자영사업,안정_전문관리
32392,0,여성,0,1,0,15930000.0,기타,고등학교 졸업,기혼,주택 / 아파트,0.035792,1,0,Unknown,2.0,무역 0,47,4,21.0,0,16.583714744660867,1.0,무역,2-5Y,8.291857372330433,무역,경기민감,기타
18068,0,여성,1,0,0,53100000.0,연금수령자,고등학교 졸업,기혼,공공분양,0.009549,0,0,Unknown,2.0,기타 1,46,1000,24.0,0,17.78768750504456,1.0,기타,Retired,8.89384375252228,기타,기타,기타
11178,0,여성,0,1,0,28674000.0,기타,고등학교 졸업,기혼,주택 / 아파트,0.031329,1,0,영업직,2.0,사업 2,49,9,20.0,0,17.17150138166315,1.0,사업,5-10Y,8.585750690831574,사업,자영사업,취약_판매
56375,0,여성,0,1,0,33984000.0,연금수령자,고등학교 졸업,사별,주택 / 아파트,0.00702,0,0,Unknown,1.0,기타 1,57,1000,11.0,0,17.34140041300936,0.0,기타,Retired,17.34140041300936,기타,기타,기타
28536,0,여성,0,1,0,74340000.0,근로자,고등학교 졸업,기혼,주택 / 아파트,0.030755,1,1,Unknown,2.0,사업 2,46,8,13.0,0,18.124159736285087,1.0,사업,5-10Y,9.062079868142543,사업,자영사업,기타
24539,0,여성,0,1,0,55224000.0,근로자,고등학교 졸업,기혼,주택 / 아파트,0.016612,1,0,영업직,2.0,사업 2,37,5,2.0,0,17.826908217473516,1.0,사업,5-10Y,8.913454108736758,사업,자영사업,취약_판매
49860,0,여성,0,0,0,31860000.0,연금수령자,고등학교 졸업,기혼,주택 / 아파트,0.010032,0,0,Unknown,2.0,기타 1,64,1000,34.0,0,17.276861893833495,1.0,기타,Retired,8.638430946916747,기타,기타,기타
35284,0,여성,0,0,2,13806000.0,공무원,고등학교 졸업,기혼,주택 / 아파트,0.00702,1,0,핵심 노동자,4.0,유치원,39,15,13.0,2,16.440613910677833,1.0,유치원,10-20Y,4.110153477669458,유치원,공공안정,중간_기능
6165,0,남성,1,1,1,59472000.0,근로자,대학교 중퇴,기혼,주택 / 아파트,0.035792,1,0,Unknown,3.0,산업 4,31,1,8.0,1,17.901016188333806,1.0,산업,Under 2Y,5.967005396111269,산업,경기민감,기타
53310,0,여성,0,0,0,21240000.0,근로자,고등학교 졸업,별거,주택 / 아파트,0.031329,1,0,보안 업계 종사자,1.0,보안,50,0,2.0,0,16.87139680141899,0.0,보안,Under 2Y,16.87139680141899,보안,서비스요식,취약_서비스
23473,0,여성,1,0,1,106200000.0,공무원,대학교 졸업 이상,기혼,아파트 임대,0.072508,1,0,핵심 노동자,3.0,학교,33,6,6.0,1,18.48083467618831,1.0,학교,5-10Y,6.160278225396103,학교,공공안정,중간_기능
23699,0,여성,0,1,0,37170000.0,근로자,고등학교 졸업,사실혼,주택 / 아파트,0.010276,1,0,의료 업계 종사자,2.0,의학,35,2,18.0,0,17.43101256917685,1.0,의학,2-5Y,8.715506284588425,의학,전문금융,안정_전문관리
52801,0,여성,0,1,0,47790000.0,기타,대학교 졸업 이상,기혼,주택 / 아파트,0.005084,1,0,Unknown,2.0,정부,52,2,0.0,0,17.682326991479222,1.0,정부,2-5Y,8.841163495739611,정부,공공안정,기타
5672,0,여성,1,0,0,47790000.0,기타,고등학교 졸업,기혼,주택 / 아파트,0.030755,1,0,Unknown,2.0,자영업,45,6,5.0,0,17.682326991479222,1.0,자영업,5-10Y,8.841163495739611,자영업,자영사업,기타
3104,0,여성,0,1,1,42480000.0,근로자,고등학교 졸업,기혼,주택 / 아파트,0.035792,1,0,영업직,3.0,무역 0,42,3,10.0,1,17.564543958438446,1.0,무역,2-5Y,5.854847986146148,무역,경기민감,취약_판매
29676,0,여성,0,1,0,31860000.0,근로자,고등학교 졸업,기혼,주택 / 아파트,0.0084739999999999,1,0,Unknown,2.0,기타 0,54,21,25.0,0,17.276861893833495,1.0,기타,Over 20Y,8.638430946916747,기타,기타,기타
46430,0,여성,0,0,0,26550000.0,연금수령자,대학교 졸업 이상,기혼,주택 / 아파트,0.019101,0,0,Unknown,2.0,기타 1,60,1000,20.0,0,17.094540343317004,1.0,기타,Retired,8.547270171658502,기타,기타,기타
47034,0,여성,0,1,1,15930000.0,근로자,고등학교 졸업,기혼,주택 / 아파트,0.020246,1,0,Unknown,3.0,사업 2,42,0,16.0,1,16.583714744660867,1.0,사업,Under 2Y,5.527904914886956,사업,자영사업,기타
58277,0,여성,0,0,0,53100000.0,근로자,고등학교 졸업,사별,주택 / 아파트,0.019101,1,0,의료 업계 종사자,1.0,의학,52,31,9.0,0,17.78768750504456,0.0,의학,Over 20Y,17.78768750504456,의학,전문금융,안정_전문관리
1498,0,여성,0,1,1,26550000.0,근로자,고등학교 졸업,기혼,주택 / 아파트,0.018209,1,0,조리사,3.0,산업 8,28,3,28.0,1,17.094540343317004,1.0,산업,2-5Y,5.698180114439001,산업,경기민감,취약_서비스
15056,0,여성,0,0,0,31860000.0,근로자,고등학교 졸업,기혼,주택 / 아파트,0.006296,1,0,Unknown,2.0,우체부,61,11,11.0,0,17.276861893833495,1.0,우체부,10-20Y,8.638430946916747,우체부,기타,기타
55469,0,남성,0,0,0,53100000.0,근로자,고등학교 졸업,기혼,주택 / 아파트,0.072508,1,0,운전자,2.0,사업 2,31,5,8.0,0,17.78768750504456,1.0,사업,5-10Y,8.89384375252228,사업,자영사업,취약_기계
37928,1,여성,0,1,0,42480000.0,연금수령자,고등학교 졸업,기혼,주택 / 아파트,0.032561,0,0,Unknown,2.0,기타 1,65,1000,37.0,0,17.564543958438446,1.0,기타,Retired,8.782271979219223,기타,기타,기타
40350,0,남성,1,1,0,53100000.0,기타,고등학교 졸업,미혼,주택 / 아파트,0.031329,1,0,단순 노동자,1.0,건설,29,2,12.0,0,17.78768750504456,0.0,건설,2-5Y,17.78768750504456,건설,경기민감,취약_단순
12477,0,여성,0,1,0,16992000.0,연금수령자,고등학교 졸업,기혼,주택 / 아파트,0.006852,0,0,Unknown,2.0,기타 1,66,1000,9.0,0,16.648253261875023,1.0,기타,Retired,8.324126630937512,기타,기타,기타
40349,0,남성,1,1,0,53100000.0,근로자,고등학교 졸업,기혼,주택 / 아파트,0.011703,1,0,단순 노동자,2.0,사업 2,51,5,10.0,0,17.78768750504456,1.0,사업,5-10Y,8.89384375252228,사업,자영사업,취약_단순
34083,0,여성,1,1,0,31860000.0,기타,대학교 졸업 이상,미혼,주택 / 아파트,0.0196889999999999,1,0,회계사,1.0,사업 2,50,0,3.0,0,17.276861893833495,0.0,사업,Under 2Y,17.276861893833495,사업,자영사업,안정_전문관리
19224,0,여성,0,1,0,15930000.0,연금수령자,고등학교 졸업,기혼,주택 / 아파트,0.031329,0,0,Unknown,2.0,기타 1,61,1000,1.0,0,16.583714744660867,1.0,기타,Retired,8.291857372330433,기타,기타,기타
33198,0,여성,0,1,0,71154000.0,근로자,대학교 중퇴,미혼,주택 / 아파트,0.00733,1,0,영업직,1.0,무역 3,43,2,9.0,0,18.08035711422901,0.0,무역,2-5Y,18.08035711422901,무역,경기민감,취약_판매
25780,0,여성,1,1,0,26550000.0,기타,고등학교 졸업,사별,주택 / 아파트,0.00702,1,0,회계사,1.0,자영업,53,14,24.0,0,17.094540343317004,0.0,자영업,10-20Y,17.094540343317004,자영업,자영사업,안정_전문관리
42331,0,여성,1,0,0,22302000.0,근로자,고등학교 졸업,기혼,주택 / 아파트,0.020713,1,0,핵심 노동자,2.0,학교,59,25,12.0,0,16.92018696334647,1.0,학교,Over 20Y,8.460093481673235,학교,공공안정,중간_기능
40913,0,여성,0,1,0,31860000.0,연금수령자,고등학교 졸업,사별,주택 / 아파트,0.0145199999999999,0,0,Unknown,1.0,기타 1,66,1000,36.0,0,17.276861893833495,0.0,기타,Retired,17.276861893833495,기타,기타,기타
37604,1,여성,0,1,0,63720000.0,기타,고등학교 졸업,기혼,주택 / 아파트,0.032561,1,0,부동산중개업자,2.0,자영업,40,7,10.0,0,17.97000905869978,1.0,자영업,5-10Y,8.98500452934989,자영업,자영사업,취약_판매
16750,0,남성,0,1,0,63720000.0,근로자,대학교 중퇴,미혼,주택 / 아파트,0.04622,1,1,핵심 노동자,1.0,무역 2,27,2,11.0,0,17.97000905869978,0.0,무역,2-5Y,17.97000905869978,무역,경기민감,중간_기능
50959,1,여성,0,1,2,18054000.0,공무원,고등학교 졸업,기혼,주택 / 아파트,0.020713,1,0,핵심 노동자,4.0,학교,38,3,0.0,2,16.708877880229622,1.0,학교,2-5Y,4.1772194700574055,학교,공공안정,중간_기능
51383,0,여성,0,1,2,26550000.0,근로자,대학교 졸업 이상,기혼,주택 / 아파트,0.020246,1,0,핵심 노동자,4.0,학교,34,11,0.0,2,17.094540343317004,1.0,학교,10-20Y,4.273635085829251,학교,공공안정,중간_기능
3375,0,여성,1,1,0,53100000.0,연금수령자,고등학교 졸업,기혼,주택 / 아파트,0.016612,0,0,Unknown,2.0,기타 1,59,1000,12.0,0,17.78768750504456,1.0,기타,Retired,8.89384375252228,기타,기타,기타
23517,0,여성,1,1,1,52038000.0,근로자,대학교 졸업 이상,기혼,주택 / 아파트,0.04622,1,0,핵심 노동자,3.0,은행,28,5,13.0,1,17.767484798111372,1.0,은행,5-10Y,5.922494932703791,은행,공공안정,중간_기능
9685,0,여성,0,1,0,29736000.0,근로자,고등학교 졸업,사실혼,주택 / 아파트,0.035792,1,0,영업직,2.0,사업 2,44,15,26.0,0,17.207869024588497,1.0,사업,10-20Y,8.603934512294249,사업,자영사업,취약_판매
5297,0,남성,1,0,2,31860000.0,기타,고등학교 졸업,기혼,주택 / 아파트,0.04622,1,0,Unknown,4.0,기타 0,46,13,5.0,2,17.276861893833495,1.0,기타,10-20Y,4.319215473458374,기타,기타,기타
9519,0,남성,0,0,0,79650000.0,근로자,대학교 졸업 이상,미혼,주택 / 아파트,0.01885,1,0,관리직,1.0,자영업,30,9,29.0,0,18.19315260687526,0.0,자영업,5-10Y,18.19315260687526,자영업,자영사업,안정_전문관리
47679,0,여성,0,1,0,35046000.0,공무원,고등학교 졸업,기혼,주택 / 아파트,0.026392,1,0,핵심 노동자,2.0,유치원,38,6,18.0,0,17.372172070784426,1.0,유치원,5-10Y,8.686086035392213,유치원,공공안정,중간_기능
25295,0,여성,0,1,0,21240000.0,연금수령자,고등학교 졸업,사별,주택 / 아파트,0.015221,0,0,Unknown,1.0,기타 1,65,1000,4.0,0,16.87139680141899,0.0,기타,Retired,16.87139680141899,기타,기타,기타
24573,0,남성,0,1,0,18054000.0,연금수령자,고등학교 졸업,기혼,주택 / 아파트,0.015221,0,0,Unknown,2.0,기타 1,59,1000,32.0,0,16.708877880229622,1.0,기타,Retired,8.354438940114811,기타,기타,기타
17049,0,여성,1,1,0,22302000.0,기타,고등학교 졸업,기혼,주택 / 아파트,0.009334,1,0,기술직,2.0,운송 2,39,1,17.0,0,16.92018696334647,1.0,운송,Under 2Y,8.460093481673235,운송,경기민감,중간_기능
28382,0,여성,0,1,0,19116000.0,근로자,고등학교 졸업,기혼,주택 / 아파트,0.015221,1,0,Unknown,2.0,사업 2,30,3,7.0,0,16.766036290992385,1.0,사업,2-5Y,8.383018145496193,사업,자영사업,기타
1486,0,여성,1,1,0,58410000.0,연금수령자,고등학교 졸업,사별,주택 / 아파트,0.006207,0,0,Unknown,1.0,기타 1,62,1000,25.0,0,17.88299768313685,0.0,기타,Retired,17.88299768313685,기타,기타,기타
6689,0,남성,0,1,0,31860000.0,근로자,고등학교 졸업,기혼,공공분양,0.018029,1,0,핵심 노동자,2.0,학교,53,7,1.0,0,17.276861893833495,1.0,학교,5-10Y,8.638430946916747,학교,공공안정,중간_기능
57449,0,남성,1,0,0,37170000.0,근로자,대학교 졸업 이상,기혼,주택 / 아파트,0.026392,1,0,단순 노동자,2.0,건설,23,1,9.0,0,17.43101256917685,1.0,건설,Under 2Y,8.715506284588425,건설,경기민감,취약_단순
21502,0,남성,1,1,0,44604000.0,근로자,고등학교 졸업,사실혼,주택 / 아파트,0.011703,1,0,단순 노동자,2.0,자영업,44,6,6.0,0,17.613334121486904,1.0,자영업,5-10Y,8.806667060743452,자영업,자영사업,취약_단순
38947,0,남성,1,1,1,26550000.0,연금수령자,고등학교 졸업,사실혼,주택 / 아파트,0.020713,0,0,Unknown,3.0,기타 1,62,1000,34.0,1,17.094540343317004,1.0,기타,Retired,5.698180114439001,기타,기타,기타
13252,0,남성,0,1,0,31860000.0,근로자,고등학교 졸업,기혼,주택 / 아파트,0.0031219999999999,1,0,기술직,2.0,자영업,42,3,9.0,0,17.276861893833495,1.0,자영업,2-5Y,8.638430946916747,자영업,자영사업,중간_기능
53266,0,여성,0,1,0,47790000.0,근로자,고등학교 졸업,기혼,주택 / 아파트,0.025164,1,0,기술직,2.0,사업 2,41,22,4.0,0,17.682326991479222,1.0,사업,Over 20Y,8.841163495739611,사업,자영사업,중간_기능
15879,0,여성,0,1,0,42480000.0,근로자,고등학교 졸업,기혼,주택 / 아파트,0.028663,1,0,단순 노동자,2.0,사업 2,47,22,6.0,0,17.564543958438446,1.0,사업,Over 20Y,8.782271979219223,사업,자영사업,취약_단순
2969,1,여성,0,0,0,47790000.0,기타,고등학교 졸업,기혼,아파트 임대,0.035792,1,0,영업직,2.0,자영업,37,0,14.0,0,17.682326991479222,1.0,자영업,Under 2Y,8.841163495739611,자영업,자영사업,취약_판매
24166,0,남성,1,0,1,53100000.0,근로자,고등학교 졸업,기혼,공공분양,0.009549,1,0,운전자,3.0,자영업,38,10,0.0,1,17.78768750504456,1.0,자영업,10-20Y,5.929229168348186,자영업,자영사업,취약_기계
11566,0,남성,0,1,0,26550000.0,근로자,고등학교 졸업,사실혼,주택 / 아파트,0.002042,1,0,운전자,2.0,자영업,46,2,4.0,0,17.094540343317004,1.0,자영업,2-5Y,8.547270171658502,자영업,자영사업,취약_기계
49499,0,여성,1,1,0,23364000.0,근로자,고등학교 졸업,기혼,주택 / 아파트,0.009549,1,0,의료 업계 종사자,2.0,유치원,58,8,13.0,0,16.966706976943225,1.0,유치원,5-10Y,8.483353488471613,유치원,공공안정,안정_전문관리
15292,0,여성,0,1,0,37170000.0,근로자,대학교 졸업 이상,별거,주택 / 아파트,0.006233,1,0,단순 노동자,1.0,경찰,66,8,33.0,0,17.43101256917685,0.0,경찰,5-10Y,17.43101256917685,경찰,공공안정,취약_단순
33928,0,여성,0,0,0,26550000.0,연금수령자,고등학교 졸업,기혼,주택 / 아파트,0.019101,0,0,Unknown,2.0,기타 1,51,1000,0.0,0,17.094540343317004,1.0,기타,Retired,8.547270171658502,기타,기타,기타
23529,0,여성,0,1,0,26550000.0,기타,고등학교 졸업,기혼,주택 / 아파트,0.0096569999999999,1,0,단순 노동자,2.0,사업 2,52,7,18.0,0,17.094540343317004,1.0,사업,5-10Y,8.547270171658502,사업,자영사업,취약_단순
35883,0,남성,1,1,2,47790000.0,공무원,고등학교 졸업,기혼,주택 / 아파트,0.0072739999999999,1,0,관리직,4.0,국가 안보,40,19,12.0,2,17.682326991479222,1.0,국가,10-20Y,4.4205817478698055,국가,공공안정,안정_전문관리
56194,0,여성,0,0,0,21240000.0,근로자,고등학교 졸업,기혼,주택 / 아파트,0.019101,1,0,영업직,2.0,자영업,48,1,6.0,0,16.87139680141899,1.0,자영업,Under 2Y,8.435698400709494,자영업,자영사업,취약_판매
15404,0,여성,0,1,0,21240000.0,근로자,고등학교 졸업,사별,주택 / 아파트,0.020713,1,0,Unknown,1.0,기타 0,51,13,26.0,0,16.87139680141899,0.0,기타,10-20Y,16.87139680141899,기타,기타,기타
37932,0,여성,1,1,0,26550000.0,근로자,고등학교 졸업,기혼,주택 / 아파트,0.030755,1,0,단순 노동자,2.0,사업 1,54,18,6.0,0,17.094540343317004,1.0,사업,10-20Y,8.547270171658502,사업,자영사업,취약_단순
38802,0,남성,1,1,0,32922000.0,기타,고등학교 졸업,기혼,주택 / 아파트,0.006233,1,0,조리사,2.0,사업 2,53,9,22.0,0,17.30965171564399,1.0,사업,5-10Y,8.654825857821995,사업,자영사업,취약_서비스
30120,0,남성,0,1,0,69030000.0,근로자,대학교 졸업 이상,기혼,공공분양,0.04622,1,0,핵심 노동자,2.0,사업 2,57,1,10.0,0,18.050051765166117,1.0,사업,Under 2Y,9.025025882583057,사업,자영사업,중간_기능
27741,0,남성,1,1,0,47790000.0,근로자,대학교 졸업 이상,기혼,주택 / 아파트,0.0105,1,0,단순 노동자,2.0,건설,25,1,11.0,0,17.682326991479222,1.0,건설,Under 2Y,8.841163495739611,건설,경기민감,취약_단순
27721,0,여성,0,1,0,12744000.0,연금수령자,고등학교 졸업,별거,주택 / 아파트,0.030755,0,0,Unknown,1.0,기타 1,57,1000,3.0,0,16.360571209040316,0.0,기타,Retired,16.360571209040316,기타,기타,기타
13988,0,여성,0,0,0,21240000.0,근로자,고등학교 졸업,미혼,주택 / 아파트,0.030755,1,0,단순 노동자,1.0,사업 2,45,8,1.0,0,16.87139680141899,0.0,사업,5-10Y,16.87139680141899,사업,자영사업,취약_단순
33052,0,남성,1,0,1,26550000.0,근로자,대학교 졸업 이상,기혼,주택 / 아파트,0.00823,1,0,핵심 노동자,3.0,무역 3,27,2,13.0,1,17.094540343317004,1.0,무역,2-5Y,5.698180114439001,무역,경기민감,중간_기능
59351,0,남성,1,0,0,84960000.0,근로자,대학교 졸업 이상,기혼,주택 / 아파트,0.018634,1,0,Unknown,2.0,사업 0,34,6,5.0,0,18.25769112722815,1.0,사업,5-10Y,9.128845563614076,사업,자영사업,기타
36225,0,여성,0,1,0,30798000.0,연금수령자,고등학교 졸업,기혼,주택 / 아파트,0.00712,0,0,Unknown,2.0,기타 1,59,1000,16.0,0,17.242960343240135,1.0,기타,Retired,8.621480171620068,기타,기타,기타
50449,0,남성,0,1,1,63720000.0,근로자,고등학교 졸업,기혼,주택 / 아파트,0.0116569999999999,1,0,단순 노동자,3.0,사업 1,42,4,26.0,1,17.97000905869978,1.0,사업,2-5Y,5.990003019566593,사업,자영사업,취약_단순
51740,0,여성,0,1,0,31860000.0,연금수령자,고등학교 졸업,기혼,주택 / 아파트,0.010643,0,0,Unknown,2.0,기타 1,59,1000,7.0,0,17.276861893833495,1.0,기타,Retired,8.638430946916747,기타,기타,기타
49443,0,여성,0,1,0,33984000.0,근로자,고등학교 졸업,미혼,주택 / 아파트,0.016612,1,0,단순 노동자,1.0,산업 2,55,4,24.0,0,17.34140041300936,0.0,산업,2-5Y,17.34140041300936,산업,경기민감,취약_단순
39483,0,여성,0,1,1,18054000.0,근로자,고등학교 졸업,미혼,주택 / 아파트,0.018029,1,0,단순 노동자,2.0,사업 2,35,1,9.0,1,16.708877880229622,0.0,사업,Under 2Y,8.354438940114811,사업,자영사업,취약_단순
37213,0,남성,1,1,0,38232000.0,공무원,대학교 졸업 이상,기혼,주택 / 아파트,0.020713,1,0,핵심 노동자,2.0,정부,46,3,6.0,0,17.45918344539623,1.0,정부,2-5Y,8.729591722698116,정부,공공안정,중간_기능
21992,0,여성,0,1,0,31860000.0,근로자,고등학교 졸업,사실혼,주택 / 아파트,0.020713,1,0,Unknown,2.0,사업 0,64,7,3.0,0,17.276861893833495,1.0,사업,5-10Y,8.638430946916747,사업,자영사업,기타
12791,0,남성,1,0,0,53100000.0,공무원,대학교 졸업 이상,사실혼,주택 / 아파트,0.0196889999999999,1,0,관리직,2.0,경찰,34,16,4.0,0,17.78768750504456,1.0,경찰,10-20Y,8.89384375252228,경찰,공공안정,안정_전문관리
13611,0,여성,0,1,1,58410000.0,근로자,고등학교 졸업,미혼,주택 / 아파트,0.009175,1,0,단순 노동자,2.0,산업 2,37,0,19.0,1,17.88299768313685,0.0,산업,Under 2Y,8.941498841568425,산업,경기민감,취약_단순
57570,0,여성,0,1,0,36108000.0,기타,저학력자,별거,주택 / 아파트,0.018801,1,0,의료 업계 종사자,1.0,의학,43,5,0.0,0,17.402025033094876,0.0,의학,5-10Y,17.402025033094876,의학,전문금융,안정_전문관리
57117,0,여성,0,1,0,47790000.0,근로자,대학교 졸업 이상,미혼,주택 / 아파트,0.022625,1,0,영업직,1.0,사업 2,51,4,0.0,0,17.682326991479222,0.0,사업,2-5Y,17.682326991479222,사업,자영사업,취약_판매
14653,0,남성,0,1,0,42480000.0,연금수령자,고등학교 졸업,기혼,주택 / 아파트,0.04622,0,0,Unknown,2.0,기타 1,57,1000,2.0,0,17.564543958438446,1.0,기타,Retired,8.782271979219223,기타,기타,기타
57062,1,남성,0,0,0,56286000.0,기타,고등학교 졸업,사실혼,공공분양,0.04622,1,1,Unknown,2.0,사업 2,48,3,28.0,0,17.84595641210255,1.0,사업,2-5Y,8.922978206051274,사업,자영사업,기타
9683,1,여성,0,1,0,37170000.0,기타,고등학교 졸업,별거,주택 / 아파트,0.00496,1,0,영업직,1.0,자영업,54,4,30.0,0,17.43101256917685,0.0,자영업,2-5Y,17.43101256917685,자영업,자영사업,취약_판매
32864,0,남성,0,1,0,37170000.0,근로자,고등학교 졸업,사실혼,주택 / 아파트,0.04622,1,0,단순 노동자,2.0,산업 3,52,8,15.0,0,17.43101256917685,1.0,산업,5-10Y,8.715506284588425,산업,경기민감,취약_단순
25417,0,여성,0,1,0,31860000.0,기타,고등학교 졸업,사별,주택 / 아파트,0.030755,1,0,영업직,1.0,무역 0,46,6,11.0,0,17.276861893833495,0.0,무역,5-10Y,17.276861893833495,무역,경기민감,취약_판매
14572,0,여성,1,0,2,29736000.0,기타,고등학교 졸업,기혼,주택 / 아파트,0.008068,1,0,기술직,4.0,사업 0,42,5,13.0,2,17.207869024588497,1.0,사업,5-10Y,4.301967256147124,사업,자영사업,중간_기능
42341,0,여성,0,1,1,31860000.0,근로자,고등학교 졸업,기혼,주택 / 아파트,0.010032,1,0,핵심 노동자,3.0,자영업,30,4,9.0,1,17.276861893833495,1.0,자영업,2-5Y,5.758953964611165,자영업,자영사업,중간_기능
17940,0,여성,0,1,1,41418000.0,근로자,대학교 졸업 이상,기혼,주택 / 아파트,0.006305,1,0,영업직,3.0,무역 2,27,7,2.0,1,17.539226151057758,1.0,무역,5-10Y,5.846408717019252,무역,경기민감,취약_판매
31143,1,여성,1,1,1,21240000.0,근로자,고등학교 졸업,기혼,주택 / 아파트,0.026392,1,0,조리사,3.0,산업 4,32,2,11.0,1,16.87139680141899,1.0,산업,2-5Y,5.62379893380633,산업,경기민감,취약_서비스
34849,0,여성,1,1,2,42480000.0,근로자,대학교 졸업 이상,기혼,주택 / 아파트,0.028663,1,1,Unknown,4.0,사업 2,34,3,0.0,2,17.564543958438446,1.0,사업,2-5Y,4.391135989609611,사업,자영사업,기타
39259,0,여성,0,1,1,19116000.0,기타,고등학교 졸업,기혼,주택 / 아파트,0.00823,1,0,가정부,3.0,서비스,39,3,15.0,1,16.766036290992385,1.0,서비스,2-5Y,5.588678763664128,서비스,서비스요식,취약_서비스
5676,0,여성,0,0,0,10620000.0,연금수령자,고등학교 졸업,별거,주택 / 아파트,0.025164,0,0,Unknown,1.0,기타 1,53,1000,13.0,0,16.178249667940023,0.0,기타,Retired,16.178249667940023,기타,기타,기타
51278,1,여성,0,1,1,27612000.0,기타,고등학교 졸업,사실혼,주택 / 아파트,0.011703,1,0,단순 노동자,3.0,사업 2,33,1,17.0,1,17.13376105502164,1.0,사업,Under 2Y,5.711253685007214,사업,자영사업,취약_단순
58208,1,여성,1,1,0,63720000.0,근로자,고등학교 졸업,기혼,공공분양,0.04622,1,1,회계사,2.0,사업 2,51,1,23.0,0,17.97000905869978,1.0,사업,Under 2Y,8.98500452934989,사업,자영사업,안정_전문관리
46495,0,여성,1,1,0,106200000.0,연금수령자,대학교 졸업 이상,기혼,주택 / 아파트,0.0072739999999999,0,0,Unknown,2.0,기타 1,64,1000,6.0,0,18.48083467618831,1.0,기타,Retired,9.240417338094154,기타,기타,기타
7920,0,남성,0,1,2,37170000.0,기타,고등학교 졸업,기혼,주택 / 아파트,0.0031219999999999,1,0,단순 노동자,4.0,산업 4,34,10,12.0,2,17.43101256917685,1.0,산업,10-20Y,4.357753142294213,산업,경기민감,취약_단순
5843,0,여성,0,0,0,37170000.0,연금수령자,고등학교 졸업,기혼,주택 / 아파트,0.00496,0,0,Unknown,2.0,기타 1,57,1000,27.0,0,17.43101256917685,1.0,기타,Retired,8.715506284588425,기타,기타,기타
41603,0,여성,0,1,0,15930000.0,연금수령자,고등학교 졸업,사실혼,주택 / 아파트,0.072508,0,0,Unknown,2.0,기타 1,68,1000,36.0,0,16.583714744660867,1.0,기타,Retired,8.291857372330433,기타,기타,기타
38632,0,여성,0,1,0,16992000.0,연금수령자,고등학교 졸업,사별,주택 / 아파트,0.026392,0,0,Unknown,1.0,기타 1,62,1000,33.0,0,16.648253261875023,0.0,기타,Retired,16.648253261875023,기타,기타,기타
43575,0,여성,0,1,0,36108000.0,연금수령자,고등학교 졸업,기혼,주택 / 아파트,0.0145199999999999,0,0,Unknown,2.0,기타 1,59,1000,28.0,0,17.402025033094876,1.0,기타,Retired,8.701012516547438,기타,기타,기타
6702,0,남성,1,1,0,37170000.0,근로자,고등학교 졸업,기혼,주택 / 아파트,0.025164,1,0,단순 노동자,2.0,사업 0,40,15,16.0,0,17.43101256917685,1.0,사업,10-20Y,8.715506284588425,사업,자영사업,취약_단순
54020,0,여성,0,0,0,50445000.0,근로자,대학교 졸업 이상,미혼,주택 / 아파트,0.072508,1,0,핵심 노동자,1.0,사업 1,30,8,13.0,0,17.736394211648186,0.0,사업,5-10Y,17.736394211648186,사업,자영사업,중간_기능
36213,0,여성,0,1,0,37170000.0,근로자,고등학교 졸업,기혼,주택 / 아파트,0.016612,1,0,영업직,2.0,자영업,48,1,0.0,0,17.43101256917685,1.0,자영업,Under 2Y,8.715506284588425,자영업,자영사업,취약_판매
3181,1,여성,1,0,2,21240000.0,근로자,고등학교 졸업,별거,주택 / 아파트,0.015221,1,0,영업직,3.0,무역 0,30,4,16.0,2,16.87139680141899,0.0,무역,2-5Y,5.62379893380633,무역,경기민감,취약_판매
20217,0,남성,1,1,1,40356000.0,근로자,저학력자,기혼,주택 / 아파트,0.010032,1,0,단순 노동자,3.0,사업 2,45,5,4.0,1,17.51325066528987,1.0,사업,5-10Y,5.83775022176329,사업,자영사업,취약_단순
22723,0,여성,0,1,0,53100000.0,기타,고등학교 졸업,기혼,주택 / 아파트,0.04622,1,0,핵심 노동자,2.0,자영업,43,0,3.0,0,17.78768750504456,1.0,자영업,Under 2Y,8.89384375252228,자영업,자영사업,중간_기능
19370,0,여성,0,1,0,16992000.0,연금수령자,고등학교 졸업,사실혼,공공분양,0.010006,0,0,Unknown,2.0,기타 1,55,1000,28.0,0,16.648253261875023,1.0,기타,Retired,8.324126630937512,기타,기타,기타
38126,0,남성,1,1,2,59472000.0,근로자,고등학교 졸업,기혼,주택 / 아파트,0.02461,1,0,운전자,4.0,사업 2,28,3,8.0,2,17.901016188333806,1.0,사업,2-5Y,4.475254047083451,사업,자영사업,취약_기계
53731,1,남성,1,0,1,31860000.0,연금수령자,대학교 졸업 이상,기혼,주택 / 아파트,0.014464,0,0,Unknown,3.0,기타 1,35,1000,19.0,1,17.276861893833495,1.0,기타,Retired,5.758953964611165,기타,기타,기타
46545,0,남성,1,1,0,26550000.0,근로자,고등학교 졸업,기혼,주택 / 아파트,0.018634,1,0,보안 업계 종사자,2.0,사업 2,58,3,6.0,0,17.094540343317004,1.0,사업,2-5Y,8.547270171658502,사업,자영사업,취약_서비스
35125,0,남성,0,1,0,42480000.0,기타,대학교 중퇴,기혼,주택 / 아파트,0.005084,1,0,단순 노동자,2.0,자영업,31,2,4.0,0,17.564543958438446,1.0,자영업,2-5Y,8.782271979219223,자영업,자영사업,취약_단순
40360,0,여성,0,0,1,26550000.0,공무원,고등학교 졸업,기혼,주택 / 아파트,0.016612,1,1,Unknown,3.0,국가 안보,42,6,23.0,1,17.094540343317004,1.0,국가,5-10Y,5.698180114439001,국가,공공안정,기타
2152,0,남성,1,1,1,37170000.0,근로자,고등학교 졸업,기혼,주택 / 아파트,0.004849,1,0,단순 노동자,3.0,사업 0,43,1,23.0,1,17.43101256917685,1.0,사업,Under 2Y,5.810337523058951,사업,자영사업,취약_단순
1463,0,남성,0,1,0,79650000.0,기타,대학교 졸업 이상,미혼,주택 / 아파트,0.005313,1,0,Unknown,1.0,보안,27,1,4.0,0,18.19315260687526,0.0,보안,Under 2Y,18.19315260687526,보안,서비스요식,기타
19820,0,여성,0,1,0,63720000.0,근로자,대학교 중퇴,사실혼,주택 / 아파트,0.018634,1,0,단순 노동자,2.0,건설,31,2,15.0,0,17.97000905869978,1.0,건설,2-5Y,8.98500452934989,건설,경기민감,취약_단순
56663,0,여성,0,0,0,26550000.0,기타,대학교 졸업 이상,기혼,주택 / 아파트,0.031329,1,0,조리사,2.0,사업 2,50,20,4.0,0,17.094540343317004,1.0,사업,Over 20Y,8.547270171658502,사업,자영사업,취약_서비스
12967,0,여성,1,0,0,31860000.0,근로자,고등학교 졸업,기혼,주택 / 아파트,0.018801,1,0,가정부,2.0,자영업,47,5,25.0,0,17.276861893833495,1.0,자영업,5-10Y,8.638430946916747,자영업,자영사업,취약_서비스
2982,0,남성,0,0,0,21240000.0,기타,고등학교 졸업,별거,주택 / 아파트,0.005144,1,0,단순 노동자,1.0,산업 3,31,8,3.0,0,16.87139680141899,0.0,산업,5-10Y,16.87139680141899,산업,경기민감,취약_단순
48883,0,여성,0,1,4,33984000.0,근로자,고등학교 졸업,기혼,주택 / 아파트,0.020246,1,0,핵심 노동자,6.0,유치원,29,2,0.0,3+,17.34140041300936,1.0,유치원,2-5Y,2.8902334021682266,유치원,공공안정,중간_기능
41940,0,남성,1,1,0,84960000.0,근로자,대학교 졸업 이상,기혼,주택 / 아파트,0.030755,1,0,기술직,2.0,사업 2,41,3,5.0,0,18.25769112722815,1.0,사업,2-5Y,9.128845563614076,사업,자영사업,중간_기능
15550,0,여성,0,1,0,26550000.0,근로자,고등학교 졸업,별거,주택 / 아파트,0.010966,1,0,Unknown,1.0,자영업,47,10,22.0,0,17.094540343317004,0.0,자영업,10-20Y,17.094540343317004,자영업,자영사업,기타
9553,1,남성,1,1,1,74340000.0,근로자,고등학교 졸업,기혼,공공분양,0.04622,1,0,운전자,3.0,자영업,28,10,6.0,1,18.124159736285087,1.0,자영업,10-20Y,6.041386578761696,자영업,자영사업,취약_기계
45179,0,여성,0,1,0,19116000.0,공무원,대학교 졸업 이상,기혼,주택 / 아파트,0.00702,1,0,핵심 노동자,2.0,정부,25,6,10.0,0,16.766036290992385,1.0,정부,5-10Y,8.383018145496193,정부,공공안정,중간_기능
6942,0,여성,0,0,1,39294000.0,근로자,고등학교 졸업,기혼,주택 / 아파트,0.035792,1,0,Unknown,3.0,사업 2,23,4,8.0,1,17.486582418877422,1.0,사업,2-5Y,5.828860806292474,사업,자영사업,기타
43452,0,남성,1,1,0,26550000.0,근로자,대학교 졸업 이상,기혼,주택 / 아파트,0.010966,1,0,기술직,2.0,사업 2,51,25,9.0,0,17.094540343317004,1.0,사업,Over 20Y,8.547270171658502,사업,자영사업,중간_기능
36865,1,남성,0,0,0,44604000.0,근로자,대학교 졸업 이상,미혼,주택 / 아파트,0.001333,1,0,Unknown,1.0,자영업,24,4,9.0,0,17.613334121486904,0.0,자영업,2-5Y,17.613334121486904,자영업,자영사업,기타
15452,1,여성,0,1,0,63720000.0,근로자,고등학교 졸업,사별,공공분양,0.014464,1,0,단순 노동자,1.0,사업 2,53,4,25.0,0,17.97000905869978,0.0,사업,2-5Y,17.97000905869978,사업,자영사업,취약_단순
35049,0,남성,1,1,0,84960000.0,근로자,고등학교 졸업,기혼,공공분양,0.0088659999999999,1,0,단순 노동자,2.0,사업 0,41,19,7.0,0,18.25769112722815,1.0,사업,10-20Y,9.128845563614076,사업,자영사업,취약_단순
49309,1,여성,1,0,0,33984000.0,근로자,고등학교 졸업,기혼,공공분양,0.0066709999999999,1,0,조리사,2.0,사업 2,46,13,11.0,0,17.34140041300936,1.0,사업,10-20Y,8.67070020650468,사업,자영사업,취약_서비스
23346,0,여성,0,1,0,26550000.0,근로자,대학교 졸업 이상,기혼,주택 / 아파트,0.009549,1,0,핵심 노동자,2.0,은행,29,1,1.0,0,17.094540343317004,1.0,은행,Under 2Y,8.547270171658502,은행,공공안정,중간_기능
11632,0,여성,0,1,0,47790000.0,기타,대학교 졸업 이상,사실혼,주택 / 아파트,0.018634,1,0,핵심 노동자,2.0,자영업,48,2,3.0,0,17.682326991479222,1.0,자영업,2-5Y,8.841163495739611,자영업,자영사업,중간_기능
15215,0,남성,0,1,0,42480000.0,기타,고등학교 졸업,기혼,주택 / 아파트,0.006305,1,0,단순 노동자,2.0,자영업,28,7,12.0,0,17.564543958438446,1.0,자영업,5-10Y,8.782271979219223,자영업,자영사업,취약_단순
27064,0,여성,0,0,0,27612000.0,기타,고등학교 졸업,사별,주택 / 아파트,0.006629,1,0,단순 노동자,1.0,무역 0,57,2,31.0,0,17.13376105502164,0.0,무역,2-5Y,17.13376105502164,무역,경기민감,취약_단순
44188,0,남성,1,1,2,47790000.0,기타,고등학교 졸업,기혼,주택 / 아파트,0.018801,1,0,단순 노동자,4.0,사업 2,42,18,3.0,2,17.682326991479222,1.0,사업,10-20Y,4.4205817478698055,사업,자영사업,취약_단순
46880,0,여성,0,1,0,37170000.0,근로자,고등학교 졸업,기혼,공공분양,0.020713,1,0,단순 노동자,2.0,산업 4,53,5,3.0,0,17.43101256917685,1.0,산업,5-10Y,8.715506284588425,산업,경기민감,취약_단순
23276,0,남성,1,0,1,74340000.0,근로자,대학교 졸업 이상,기혼,아파트 임대,0.035792,1,0,인사 담당자,3.0,군대,33,10,4.0,1,18.124159736285087,1.0,군대,10-20Y,6.041386578761696,군대,공공안정,안정_사무
40256,0,남성,0,0,0,37170000.0,근로자,고등학교 졸업,사실혼,주택 / 아파트,0.018634,1,0,운전자,2.0,기타 0,36,14,19.0,0,17.43101256917685,1.0,기타,10-20Y,8.715506284588425,기타,기타,취약_기계
29153,0,남성,1,1,1,63720000.0,기타,대학교 졸업 이상,기혼,주택 / 아파트,0.030755,1,0,Unknown,3.0,사업 2,35,2,1.0,1,17.97000905869978,1.0,사업,2-5Y,5.990003019566593,사업,자영사업,기타
40434,0,남성,0,1,0,53100000.0,근로자,대학교 졸업 이상,사실혼,주택 / 아파트,0.022625,1,0,핵심 노동자,2.0,사업 2,41,0,2.0,0,17.78768750504456,1.0,사업,Under 2Y,8.89384375252228,사업,자영사업,중간_기능
27016,0,여성,0,1,1,74340000.0,기타,대학교 졸업 이상,미혼,주택 / 아파트,0.072508,1,0,기술직,2.0,통신,57,6,31.0,1,18.124159736285087,0.0,통신,5-10Y,9.062079868142543,통신,기타,중간_기능
59185,0,여성,0,1,0,8496000.0,연금수령자,고등학교 졸업,기혼,주택 / 아파트,0.019101,0,0,Unknown,2.0,기타 1,67,1000,9.0,0,15.9551061401663,1.0,기타,Retired,7.977553070083149,기타,기타,기타
5114,0,여성,0,1,0,21240000.0,기타,고등학교 졸업,기혼,주택 / 아파트,0.0196889999999999,1,0,단순 노동자,2.0,산업 4,53,2,22.0,0,16.87139680141899,1.0,산업,2-5Y,8.435698400709494,산업,경기민감,취약_단순
7892,0,여성,0,1,0,40356000.0,기타,고등학교 졸업,미혼,주택 / 아파트,0.01885,1,0,회계사,1.0,자영업,27,2,25.0,0,17.51325066528987,0.0,자영업,2-5Y,17.51325066528987,자영업,자영사업,안정_전문관리
32249,0,여성,0,1,0,47790000.0,공무원,고등학교 졸업,기혼,주택 / 아파트,0.04622,1,0,단순 노동자,2.0,기타 0,49,31,30.0,0,17.682326991479222,1.0,기타,Over 20Y,8.841163495739611,기타,기타,취약_단순
22425,1,남성,1,1,1,42480000.0,근로자,대학교 졸업 이상,기혼,주택 / 아파트,0.003813,1,0,관리직,3.0,사업 2,50,15,0.0,1,17.564543958438446,1.0,사업,10-20Y,5.854847986146148,사업,자영사업,안정_전문관리
55484,1,남성,1,1,0,84960000.0,근로자,고등학교 졸업,별거,주택 / 아파트,0.025164,1,0,Unknown,1.0,사업 2,41,2,1.0,0,18.25769112722815,0.0,사업,2-5Y,18.25769112722815,사업,자영사업,기타
46783,0,남성,1,0,0,44604000.0,기타,고등학교 졸업,기혼,주택 / 아파트,0.025164,1,0,단순 노동자,2.0,건설,60,3,0.0,0,17.613334121486904,1.0,건설,2-5Y,8.806667060743452,건설,경기민감,취약_단순
28051,0,여성,0,0,0,33984000.0,연금수령자,고등학교 졸업,기혼,주택 / 아파트,0.016612,0,0,Unknown,2.0,기타 1,59,1000,0.0,0,17.34140041300936,1.0,기타,Retired,8.67070020650468,기타,기타,기타
32851,0,남성,1,1,3,26550000.0,근로자,고등학교 졸업,기혼,주택 / 아파트,0.010147,1,0,Unknown,5.0,사업 2,39,2,13.0,3+,17.094540343317004,1.0,사업,2-5Y,3.418908068663401,사업,자영사업,기타
39854,0,남성,1,1,0,53100000.0,근로자,대학교 졸업 이상,기혼,주택 / 아파트,0.0031219999999999,1,0,단순 노동자,2.0,건설,34,12,9.0,0,17.78768750504456,1.0,건설,10-20Y,8.89384375252228,건설,경기민감,취약_단순
25577,0,여성,0,1,0,28674000.0,근로자,고등학교 졸업,사별,주택 / 아파트,0.030755,1,0,단순 노동자,1.0,레스토랑,51,1,16.0,0,17.17150138166315,0.0,레스토랑,Under 2Y,17.17150138166315,레스토랑,서비스요식,취약_단순
30238,0,여성,0,1,0,18585000.0,연금수령자,고등학교 졸업,사별,주택 / 아파트,0.016612,0,0,Unknown,1.0,기타 1,66,1000,30.0,0,16.73786541552032,0.0,기타,Retired,16.73786541552032,기타,기타,기타
35695,0,남성,1,0,0,42480000.0,근로자,고등학교 졸업,기혼,주택 / 아파트,0.035792,1,0,운전자,2.0,건설,33,12,17.0,0,17.564543958438446,1.0,건설,10-20Y,8.782271979219223,건설,경기민감,취약_기계
59453,0,여성,0,0,0,47790000.0,공무원,고등학교 졸업,기혼,주택 / 아파트,0.008019,1,0,조리사,2.0,기타 0,33,4,4.0,0,17.682326991479222,1.0,기타,2-5Y,8.841163495739611,기타,기타,취약_서비스
38804,1,남성,0,1,1,31860000.0,근로자,고등학교 졸업,기혼,주택 / 아파트,0.0116569999999999,1,1,단순 노동자,3.0,건설,24,0,20.0,1,17.276861893833495,1.0,건설,Under 2Y,5.758953964611165,건설,경기민감,취약_단순
16849,0,남성,1,1,0,63720000.0,공무원,고등학교 졸업,기혼,공공분양,0.028663,1,0,운전자,2.0,산업 4,40,0,2.0,0,17.97000905869978,1.0,산업,Under 2Y,8.98500452934989,산업,경기민감,취약_기계
17837,0,여성,0,0,1,15930000.0,근로자,고등학교 졸업,기혼,주택 / 아파트,0.025164,1,0,단순 노동자,3.0,사업 2,37,3,16.0,1,16.583714744660867,1.0,사업,2-5Y,5.527904914886956,사업,자영사업,취약_단순
34302,0,남성,1,0,0,12744000.0,연금수령자,고등학교 졸업,기혼,주택 / 아파트,0.015221,0,0,Unknown,2.0,기타 1,59,1000,14.0,0,16.360571209040316,1.0,기타,Retired,8.180285604520158,기타,기타,기타
44396,0,여성,0,1,0,38232000.0,연금수령자,고등학교 졸업,기혼,주택 / 아파트,0.010966,0,0,Unknown,2.0,기타 1,55,1000,5.0,0,17.45918344539623,1.0,기타,Retired,8.729591722698116,기타,기타,기타
6348,0,남성,1,1,2,63720000.0,기타,고등학교 졸업,기혼,주택 / 아파트,0.030755,1,0,단순 노동자,4.0,사업 2,34,0,1.0,2,17.97000905869978,1.0,사업,Under 2Y,4.492502264674945,사업,자영사업,취약_단순
24720,0,여성,1,1,0,10620000.0,연금수령자,고등학교 졸업,기혼,주택 / 아파트,0.030755,0,0,Unknown,2.0,기타 1,55,1000,6.0,0,16.178249667940023,1.0,기타,Retired,8.089124833970011,기타,기타,기타
39910,0,남성,1,0,1,63720000.0,공무원,대학교 졸업 이상,기혼,주택 / 아파트,0.019101,1,1,기술직,3.0,정부,28,8,10.0,1,17.97000905869978,1.0,정부,5-10Y,5.990003019566593,정부,공공안정,중간_기능
37110,0,여성,0,1,0,42480000.0,연금수령자,고등학교 졸업,기혼,주택 / 아파트,0.031329,0,0,Unknown,2.0,기타 1,62,1000,28.0,0,17.564543958438446,1.0,기타,Retired,8.782271979219223,기타,기타,기타
27143,0,남성,1,0,0,53100000.0,연금수령자,대학교 졸업 이상,기혼,주택 / 아파트,0.01885,0,0,Unknown,2.0,기타 1,58,1000,13.0,0,17.78768750504456,1.0,기타,Retired,8.89384375252228,기타,기타,기타
30664,0,남성,0,1,0,42480000.0,근로자,대학교 중퇴,기혼,주택 / 아파트,0.020713,1,0,단순 노동자,2.0,사업 2,46,10,25.0,0,17.564543958438446,1.0,사업,10-20Y,8.782271979219223,사업,자영사업,취약_단순
2757,0,여성,0,1,0,53100000.0,근로자,대학교 졸업 이상,미혼,주택 / 아파트,0.0072739999999999,1,0,Unknown,1.0,기타 0,40,7,3.0,0,17.78768750504456,0.0,기타,5-10Y,17.78768750504456,기타,기타,기타
14976,1,여성,0,1,0,21240000.0,근로자,고등학교 졸업,사실혼,주택 / 아파트,0.01885,1,0,영업직,2.0,자영업,28,5,8.0,0,16.87139680141899,1.0,자영업,5-10Y,8.435698400709494,자영업,자영사업,취약_판매
1221,0,여성,0,0,0,21240000.0,근로자,고등학교 졸업,기혼,주택 / 아파트,0.0196889999999999,1,0,Unknown,2.0,사업 2,46,6,0.0,0,16.87139680141899,1.0,사업,5-10Y,8.435698400709494,사업,자영사업,기타
25680,0,남성,0,1,1,37170000.0,근로자,대학교 중퇴,미혼,아파트 임대,0.010006,1,1,단순 노동자,2.0,산업 4,29,1,7.0,1,17.43101256917685,0.0,산업,Under 2Y,8.715506284588425,산업,경기민감,취약_단순
47062,0,여성,0,1,0,42480000.0,근로자,대학교 중퇴,별거,주택 / 아파트,0.020713,1,0,단순 노동자,1.0,자영업,51,5,24.0,0,17.564543958438446,0.0,자영업,5-10Y,17.564543958438446,자영업,자영사업,취약_단순
37426,0,여성,1,1,0,53100000.0,공무원,대학교 졸업 이상,기혼,공공분양,0.04622,1,0,의료 업계 종사자,2.0,의학,61,13,26.0,0,17.78768750504456,1.0,의학,10-20Y,8.89384375252228,의학,전문금융,안정_전문관리
30577,0,남성,1,1,0,39294000.0,근로자,고등학교 졸업,기혼,주택 / 아파트,0.0228,1,0,단순 노동자,2.0,사업 2,56,12,15.0,0,17.486582418877422,1.0,사업,10-20Y,8.743291209438711,사업,자영사업,취약_단순
7652,0,여성,0,1,0,37170000.0,연금수령자,고등학교 졸업,별거,주택 / 아파트,0.032561,0,1,Unknown,1.0,기타 1,59,1000,38.0,0,17.43101256917685,0.0,기타,Retired,17.43101256917685,기타,기타,기타
29078,1,여성,0,1,0,37170000.0,연금수령자,고등학교 졸업,기혼,주택 / 아파트,0.026392,0,0,Unknown,2.0,기타 1,68,1000,27.0,0,17.43101256917685,1.0,기타,Retired,8.715506284588425,기타,기타,기타
12899,1,남성,1,1,0,47790000.0,근로자,고등학교 졸업,별거,주택 / 아파트,0.0145199999999999,1,0,영업직,1.0,무역 3,40,2,1.0,0,17.682326991479222,0.0,무역,2-5Y,17.682326991479222,무역,경기민감,취약_판매
55992,0,여성,0,1,0,31860000.0,기타,고등학교 졸업,기혼,주택 / 아파트,0.030755,1,0,Unknown,2.0,주택,55,6,29.0,0,17.276861893833495,1.0,주택,5-10Y,8.638430946916747,주택,기타,기타
5920,0,여성,1,1,1,15930000.0,근로자,고등학교 졸업,기혼,주택 / 아파트,0.020246,1,0,미화원,3.0,사업 2,60,23,31.0,1,16.583714744660867,1.0,사업,Over 20Y,5.527904914886956,사업,자영사업,취약_단순
49950,0,여성,0,1,0,31860000.0,연금수령자,고등학교 졸업,기혼,주택 / 아파트,0.010966,0,0,Unknown,2.0,기타 1,55,1000,23.0,0,17.276861893833495,1.0,기타,Retired,8.638430946916747,기타,기타,기타
56171,0,여성,0,0,0,8814600.0,근로자,고등학교 졸업,기혼,주택 / 아파트,0.028663,1,0,미화원,2.0,사업 2,28,2,12.0,0,15.99192010903471,1.0,사업,2-5Y,7.995960054517355,사업,자영사업,취약_단순
16381,0,여성,0,0,0,42480000.0,연금수령자,고등학교 졸업,사별,주택 / 아파트,0.007305,0,0,Unknown,1.0,기타 1,62,1000,3.0,0,17.564543958438446,0.0,기타,Retired,17.564543958438446,기타,기타,기타
31044,0,여성,0,1,0,25488000.0,근로자,고등학교 졸업,사별,공공분양,0.014464,1,0,Unknown,1.0,학교,63,6,2.0,0,17.053718350366115,0.0,학교,5-10Y,17.053718350366115,학교,공공안정,기타
24731,0,여성,0,1,1,31860000.0,기타,대학교 졸업 이상,기혼,주택 / 아파트,0.007305,1,0,관리직,3.0,사업 2,35,1,6.0,1,17.276861893833495,1.0,사업,Under 2Y,5.758953964611165,사업,자영사업,안정_전문관리
49255,0,여성,0,0,0,37170000.0,근로자,고등학교 졸업,미혼,주택 / 아파트,0.0084739999999999,1,0,Unknown,1.0,기타 0,29,4,4.0,0,17.43101256917685,0.0,기타,2-5Y,17.43101256917685,기타,기타,기타
51038,0,여성,1,0,0,53100000.0,기타,대학교 졸업 이상,기혼,주택 / 아파트,0.006629,1,0,관리직,2.0,사업 2,44,20,14.0,0,17.78768750504456,1.0,사업,Over 20Y,8.89384375252228,사업,자영사업,안정_전문관리
41660,0,여성,0,0,0,13806000.0,연금수령자,고등학교 졸업,기혼,공공분양,0.0038179999999999,0,0,Unknown,2.0,기타 1,56,1000,15.0,0,16.440613910677833,1.0,기타,Retired,8.220306955338916,기타,기타,기타
32661,0,여성,0,1,0,44604000.0,기타,대학교 졸업 이상,사실혼,주택 / 아파트,0.072508,1,0,Unknown,2.0,무역 2,29,6,13.0,0,17.613334121486904,1.0,무역,5-10Y,8.806667060743452,무역,경기민감,기타
35331,0,남성,1,0,1,37170000.0,근로자,고등학교 졸업,기혼,주택 / 아파트,0.016612,1,0,보안 업계 종사자,3.0,보안,28,1,14.0,1,17.43101256917685,1.0,보안,Under 2Y,5.810337523058951,보안,서비스요식,취약_서비스
1003,0,남성,1,0,0,26550000.0,근로자,고등학교 졸업,기혼,주택 / 아파트,0.025164,1,0,단순 노동자,2.0,자영업,46,11,24.0,0,17.094540343317004,1.0,자영업,10-20Y,8.547270171658502,자영업,자영사업,취약_단순
49299,0,남성,0,0,0,13806000.0,연금수령자,고등학교 졸업,기혼,공공분양,0.01885,0,0,Unknown,2.0,기타 1,60,1000,35.0,0,16.440613910677833,1.0,기타,Retired,8.220306955338916,기타,기타,기타
52384,0,여성,1,0,1,46303200.0,기타,대학교 졸업 이상,기혼,아파트 임대,0.008019,1,0,관리직,3.0,사업 2,36,1,8.0,1,17.65072165273579,1.0,사업,Under 2Y,5.883573884245263,사업,자영사업,안정_전문관리
30450,1,여성,0,0,0,21240000.0,기타,고등학교 졸업,미혼,아파트 임대,0.008625,1,0,영업직,1.0,자영업,24,1,1.0,0,16.87139680141899,0.0,자영업,Under 2Y,16.87139680141899,자영업,자영사업,취약_판매
32770,0,남성,1,0,0,31860000.0,근로자,고등학교 졸업,기혼,주택 / 아파트,0.00733,1,0,단순 노동자,2.0,자영업,37,2,21.0,0,17.276861893833495,1.0,자영업,2-5Y,8.638430946916747,자영업,자영사업,취약_단순
35134,0,여성,1,1,0,32922000.0,근로자,고등학교 졸업,기혼,주택 / 아파트,0.015221,1,0,보안 업계 종사자,2.0,보안,50,1,2.0,0,17.30965171564399,1.0,보안,Under 2Y,8.654825857821995,보안,서비스요식,취약_서비스
37972,0,남성,0,1,0,31860000.0,근로자,고등학교 졸업,기혼,주택 / 아파트,0.031329,1,0,단순 노동자,2.0,자영업,30,6,7.0,0,17.276861893833495,1.0,자영업,5-10Y,8.638430946916747,자영업,자영사업,취약_단순
2060,0,여성,0,0,0,21240000.0,기타,고등학교 졸업,기혼,주택 / 아파트,0.028663,1,0,단순 노동자,2.0,사업 2,47,6,41.0,0,16.87139680141899,1.0,사업,5-10Y,8.435698400709494,사업,자영사업,취약_단순
26524,1,여성,1,1,1,53100000.0,기타,고등학교 졸업,기혼,주택 / 아파트,0.035792,1,0,Unknown,3.0,학교,42,10,5.0,1,17.78768750504456,1.0,학교,10-20Y,5.929229168348186,학교,공공안정,기타
38836,1,여성,1,0,1,37170000.0,근로자,대학교 졸업 이상,기혼,아파트 임대,0.001333,1,0,영업직,3.0,자영업,31,0,16.0,1,17.43101256917685,1.0,자영업,Under 2Y,5.810337523058951,자영업,자영사업,취약_판매
38647,0,남성,0,1,1,36108000.0,근로자,대학교 중퇴,기혼,주택 / 아파트,0.015221,1,0,핵심 노동자,3.0,무역 2,28,7,3.0,1,17.402025033094876,1.0,무역,5-10Y,5.800675011031625,무역,경기민감,중간_기능
15387,0,여성,0,1,0,24426000.0,공무원,고등학교 졸업,미혼,주택 / 아파트,0.006233,1,0,의료 업계 종사자,1.0,기타 0,41,2,23.0,0,17.01115873765315,0.0,기타,2-5Y,17.01115873765315,기타,기타,안정_전문관리
43278,1,여성,0,1,0,13806000.0,공무원,고등학교 졸업,기혼,주택 / 아파트,0.010276,1,0,핵심 노동자,2.0,학교,45,3,19.0,0,16.440613910677833,1.0,학교,2-5Y,8.220306955338916,학교,공공안정,중간_기능
15774,0,여성,0,1,2,19116000.0,근로자,고등학교 졸업,사실혼,주택 / 아파트,0.025164,1,0,영업직,4.0,무역 0,30,1,2.0,2,16.766036290992385,1.0,무역,Under 2Y,4.191509072748096,무역,경기민감,취약_판매
9235,0,여성,1,1,1,26550000.0,기타,고등학교 졸업,기혼,주택 / 아파트,0.018209,1,0,단순 노동자,3.0,사업 2,49,3,10.0,1,17.094540343317004,1.0,사업,2-5Y,5.698180114439001,사업,자영사업,취약_단순
29818,0,여성,0,1,2,84960000.0,기타,대학교 졸업 이상,사실혼,주택 / 아파트,0.072508,1,0,핵심 노동자,4.0,건설,52,7,32.0,2,18.25769112722815,1.0,건설,5-10Y,4.564422781807037,건설,경기민감,중간_기능
22665,0,남성,1,1,0,26550000.0,근로자,고등학교 졸업,기혼,주택 / 아파트,0.0145199999999999,1,0,보안 업계 종사자,2.0,보안,60,0,40.0,0,17.094540343317004,1.0,보안,Under 2Y,8.547270171658502,보안,서비스요식,취약_서비스
42362,0,여성,0,1,1,47790000.0,기타,고등학교 졸업,기혼,주택 / 아파트,0.04622,1,0,영업직,3.0,사업 2,39,1,17.0,1,17.682326991479222,1.0,사업,Under 2Y,5.894108997159741,사업,자영사업,취약_판매
9836,0,남성,0,1,0,29736000.0,근로자,고등학교 졸업,기혼,주택 / 아파트,0.020713,1,0,운전자,2.0,정부,53,1,8.0,0,17.207869024588497,1.0,정부,Under 2Y,8.603934512294249,정부,공공안정,취약_기계
35048,0,남성,0,0,0,84960000.0,기타,대학교 졸업 이상,사실혼,주택 / 아파트,0.0105,1,0,관리직,2.0,산업 10,27,5,12.0,0,18.25769112722815,1.0,산업,5-10Y,9.128845563614076,산업,경기민감,안정_전문관리
4543,0,남성,0,1,0,26550000.0,근로자,고등학교 졸업,기혼,주택 / 아파트,0.019101,1,0,단순 노동자,2.0,사업 2,52,2,28.0,0,17.094540343317004,1.0,사업,2-5Y,8.547270171658502,사업,자영사업,취약_단순
42339,0,여성,0,1,0,18054000.0,연금수령자,고등학교 졸업,기혼,주택 / 아파트,0.00702,0,0,Unknown,2.0,기타 1,59,1000,14.0,0,16.708877880229622,1.0,기타,Retired,8.354438940114811,기타,기타,기타
24640,0,여성,0,1,0,53100000.0,기타,대학교 중퇴,기혼,주택 / 아파트,0.006629,1,0,Unknown,2.0,산업 10,42,4,11.0,0,17.78768750504456,1.0,산업,2-5Y,8.89384375252228,산업,경기민감,기타
58042,0,여성,0,1,1,15930000.0,근로자,고등학교 졸업,별거,주택 / 아파트,0.026392,1,0,단순 노동자,2.0,사업 2,25,1,11.0,1,16.583714744660867,0.0,사업,Under 2Y,8.291857372330433,사업,자영사업,취약_단순
27681,0,남성,1,1,1,106200000.0,기타,대학교 졸업 이상,기혼,주택 / 아파트,0.0060079999999999,1,0,관리직,3.0,사업 2,32,8,16.0,1,18.48083467618831,1.0,사업,5-10Y,6.160278225396103,사업,자영사업,안정_전문관리
26237,0,남성,0,1,0,26550000.0,연금수령자,고등학교 졸업,기혼,주택 / 아파트,0.009175,0,0,Unknown,2.0,기타 1,49,1000,25.0,0,17.094540343317004,1.0,기타,Retired,8.547270171658502,기타,기타,기타
1641,0,여성,0,1,0,26550000.0,연금수령자,고등학교 졸업,기혼,주택 / 아파트,0.031329,0,0,Unknown,2.0,기타 1,59,1000,19.0,0,17.094540343317004,1.0,기타,Retired,8.547270171658502,기타,기타,기타
42305,0,남성,1,0,0,31860000.0,근로자,고등학교 졸업,기혼,주택 / 아파트,0.020713,1,0,단순 노동자,2.0,기타 0,57,11,11.0,0,17.276861893833495,1.0,기타,10-20Y,8.638430946916747,기타,기타,취약_단순
54511,0,남성,0,1,1,37170000.0,근로자,고등학교 졸업,기혼,주택 / 아파트,0.011703,1,0,단순 노동자,3.0,사업 2,44,2,12.0,1,17.43101256917685,1.0,사업,2-5Y,5.810337523058951,사업,자영사업,취약_단순
1072,0,남성,1,1,0,37170000.0,근로자,고등학교 졸업,기혼,주택 / 아파트,0.026392,1,0,Unknown,2.0,기타 0,22,4,6.0,0,17.43101256917685,1.0,기타,2-5Y,8.715506284588425,기타,기타,기타
2331,0,남성,1,1,0,58410000.0,기타,고등학교 졸업,기혼,주택 / 아파트,0.026392,1,0,운전자,2.0,자영업,32,4,4.0,0,17.88299768313685,1.0,자영업,2-5Y,8.941498841568425,자영업,자영사업,취약_기계
43765,0,여성,0,1,0,47790000.0,기타,대학교 졸업 이상,기혼,주택 / 아파트,0.04622,1,1,Unknown,2.0,사업 2,29,4,10.0,0,17.682326991479222,1.0,사업,2-5Y,8.841163495739611,사업,자영사업,기타
1246,1,남성,1,1,1,47790000.0,근로자,대학교 중퇴,기혼,주택 / 아파트,0.005313,1,0,운전자,3.0,사업 2,33,1,11.0,1,17.682326991479222,1.0,사업,Under 2Y,5.894108997159741,사업,자영사업,취약_기계
39716,0,남성,1,1,0,63720000.0,근로자,대학교 중퇴,기혼,주택 / 아파트,0.035792,1,0,요식업 종사자,2.0,사업 2,29,8,1.0,0,17.97000905869978,1.0,사업,5-10Y,8.98500452934989,사업,자영사업,취약_서비스
53566,1,여성,0,0,2,42480000.0,공무원,고등학교 졸업,기혼,주택 / 아파트,0.010966,1,0,단순 노동자,4.0,산업 7,36,9,19.0,2,17.564543958438446,1.0,산업,5-10Y,4.391135989609611,산업,경기민감,취약_단순
26659,0,여성,0,1,1,15930000.0,근로자,고등학교 졸업,기혼,주택 / 아파트,0.028663,1,0,영업직,3.0,무역 0,30,0,14.0,1,16.583714744660867,1.0,무역,Under 2Y,5.527904914886956,무역,경기민감,취약_판매
11993,0,여성,1,1,1,12744000.0,근로자,고등학교 졸업,별거,주택 / 아파트,0.019101,1,0,미화원,2.0,주택,42,1,13.0,1,16.360571209040316,0.0,주택,Under 2Y,8.180285604520158,주택,기타,취약_단순
30786,1,여성,0,1,1,15930000.0,근로자,고등학교 졸업,사별,주택 / 아파트,0.020713,1,0,조리사,2.0,의학,47,19,20.0,1,16.583714744660867,0.0,의학,10-20Y,8.291857372330433,의학,전문금융,취약_서비스
3753,0,여성,0,1,0,31860000.0,연금수령자,고등학교 졸업,기혼,주택 / 아파트,0.019101,0,0,Unknown,2.0,기타 1,57,1000,29.0,0,17.276861893833495,1.0,기타,Retired,8.638430946916747,기타,기타,기타
37442,0,여성,0,0,1,15930000.0,근로자,고등학교 졸업,기혼,주택 / 아파트,0.018634,1,0,영업직,3.0,사업 1,33,2,5.0,1,16.583714744660867,1.0,사업,2-5Y,5.527904914886956,사업,자영사업,취약_판매
32350,0,여성,0,1,0,127440000.0,공무원,대학교 졸업 이상,미혼,주택 / 아파트,0.072508,1,0,핵심 노동자,1.0,학교,48,3,0.0,0,18.6631562314129,0.0,학교,2-5Y,18.6631562314129,학교,공공안정,중간_기능
17471,0,남성,1,1,0,63720000.0,근로자,고등학교 졸업,기혼,주택 / 아파트,0.04622,1,0,운전자,2.0,자영업,58,18,32.0,0,17.97000905869978,1.0,자영업,10-20Y,8.98500452934989,자영업,자영사업,취약_기계
11375,0,여성,0,1,0,15930000.0,연금수령자,고등학교 졸업,별거,주택 / 아파트,0.009334,0,0,Unknown,1.0,기타 1,50,1000,23.0,0,16.583714744660867,0.0,기타,Retired,16.583714744660867,기타,기타,기타
10880,1,여성,0,1,0,21240000.0,연금수령자,고등학교 졸업,기혼,주택 / 아파트,0.028663,0,0,Unknown,2.0,기타 1,57,1000,6.0,0,16.87139680141899,1.0,기타,Retired,8.435698400709494,기타,기타,기타
40380,0,여성,0,1,0,31860000.0,연금수령자,고등학교 졸업,사별,주택 / 아파트,0.04622,0,0,Unknown,1.0,기타 1,60,1000,26.0,0,17.276861893833495,0.0,기타,Retired,17.276861893833495,기타,기타,기타
45165,0,남성,1,0,0,53100000.0,기타,고등학교 졸업,기혼,공공분양,0.008625,1,0,운전자,2.0,자영업,59,10,30.0,0,17.78768750504456,1.0,자영업,10-20Y,8.89384375252228,자영업,자영사업,취약_기계
44360,0,남성,0,0,0,42480000.0,기타,대학교 졸업 이상,미혼,공공분양,0.016612,1,0,영업직,1.0,사업 2,43,0,7.0,0,17.564543958438446,0.0,사업,Under 2Y,17.564543958438446,사업,자영사업,취약_판매
24672,0,남성,1,1,0,47790000.0,근로자,고등학교 졸업,기혼,주택 / 아파트,0.025164,1,0,운전자,2.0,사업 0,49,3,9.0,0,17.682326991479222,1.0,사업,2-5Y,8.841163495739611,사업,자영사업,취약_기계
3707,0,여성,0,1,0,95580000.0,기타,고등학교 졸업,기혼,주택 / 아파트,0.0072739999999999,1,0,영업직,2.0,무역 0,45,11,28.0,0,18.37547416157673,1.0,무역,10-20Y,9.187737080788365,무역,경기민감,취약_판매
36428,0,여성,0,1,0,21240000.0,연금수령자,고등학교 졸업,사별,주택 / 아파트,0.072508,0,0,Unknown,1.0,기타 1,62,1000,34.0,0,16.87139680141899,0.0,기타,Retired,16.87139680141899,기타,기타,기타
45136,0,여성,0,0,0,84960000.0,근로자,대학교 졸업 이상,미혼,공공분양,0.072508,1,0,핵심 노동자,1.0,은행,36,16,19.0,0,18.25769112722815,0.0,은행,10-20Y,18.25769112722815,은행,공공안정,중간_기능
42559,1,여성,0,0,0,21240000.0,연금수령자,고등학교 졸업,사별,주택 / 아파트,0.010556,0,0,Unknown,1.0,기타 1,65,1000,16.0,0,16.87139680141899,0.0,기타,Retired,16.87139680141899,기타,기타,기타
2549,0,남성,0,1,0,31860000.0,근로자,고등학교 졸업,기혼,주택 / 아파트,0.028663,1,0,단순 노동자,2.0,자영업,35,7,10.0,0,17.276861893833495,1.0,자영업,5-10Y,8.638430946916747,자영업,자영사업,취약_단순
17537,0,여성,0,0,0,23364000.0,근로자,대학교 졸업 이상,미혼,주택 / 아파트,0.00496,1,0,Unknown,1.0,사업 2,23,1,7.0,0,16.966706976943225,0.0,사업,Under 2Y,16.966706976943225,사업,자영사업,기타
50829,0,여성,0,1,0,37170000.0,연금수령자,고등학교 졸업,기혼,주택 / 아파트,0.025164,0,1,Unknown,2.0,기타 1,55,1000,12.0,0,17.43101256917685,1.0,기타,Retired,8.715506284588425,기타,기타,기타
1295,0,여성,0,1,0,21240000.0,연금수령자,고등학교 졸업,미혼,주택 / 아파트,0.018029,0,0,Unknown,1.0,기타 1,64,1000,26.0,0,16.87139680141899,0.0,기타,Retired,16.87139680141899,기타,기타,기타
182,1,여성,0,1,0,31860000.0,연금수령자,고등학교 졸업,기혼,주택 / 아파트,0.003069,0,0,Unknown,2.0,기타 1,57,1000,6.0,0,17.276861893833495,1.0,기타,Retired,8.638430946916747,기타,기타,기타
14514,0,남성,1,0,0,63720000.0,근로자,고등학교 졸업,미혼,주택 / 아파트,0.0116569999999999,1,0,운전자,1.0,사업 2,39,4,13.0,0,17.97000905869978,0.0,사업,2-5Y,17.97000905869978,사업,자영사업,취약_기계
28857,0,여성,0,1,0,37170000.0,근로자,고등학교 졸업,기혼,주택 / 아파트,0.014464,1,0,Unknown,2.0,무역 2,27,2,9.0,0,17.43101256917685,1.0,무역,2-5Y,8.715506284588425,무역,경기민감,기타
23158,1,여성,0,1,0,52250400.0,연금수령자,고등학교 졸업,사별,주택 / 아파트,0.018209,0,0,Unknown,1.0,기타 1,58,1000,0.0,0,17.771558123420892,0.0,기타,Retired,17.771558123420892,기타,기타,기타
31370,0,여성,0,1,0,37170000.0,연금수령자,고등학교 졸업,미혼,주택 / 아파트,0.020713,0,0,Unknown,1.0,기타 1,60,1000,1.0,0,17.43101256917685,0.0,기타,Retired,17.43101256917685,기타,기타,기타
10810,0,남성,0,1,0,53100000.0,공무원,대학교 졸업 이상,기혼,주택 / 아파트,0.0145199999999999,1,0,핵심 노동자,2.0,경찰,30,6,14.0,0,17.78768750504456,1.0,경찰,5-10Y,8.89384375252228,경찰,공공안정,중간_기능
48104,0,여성,0,1,0,53100000.0,기타,대학교 졸업 이상,미혼,주택 / 아파트,0.009175,1,0,영업직,1.0,자영업,42,8,24.0,0,17.78768750504456,0.0,자영업,5-10Y,17.78768750504456,자영업,자영사업,취약_판매
37299,0,남성,1,0,0,42480000.0,근로자,고등학교 졸업,기혼,주택 / 아파트,0.00496,1,0,운전자,2.0,자영업,46,7,1.0,0,17.564543958438446,1.0,자영업,5-10Y,8.782271979219223,자영업,자영사업,취약_기계
13802,0,여성,0,1,0,10620000.0,근로자,고등학교 졸업,기혼,주택 / 아파트,0.010276,1,0,영업직,2.0,자영업,38,10,13.0,0,16.178249667940023,1.0,자영업,10-20Y,8.089124833970011,자영업,자영사업,취약_판매
58390,0,여성,0,1,0,95580000.0,근로자,대학교 졸업 이상,별거,주택 / 아파트,0.072508,1,1,Unknown,1.0,사업 0,48,8,31.0,0,18.37547416157673,0.0,사업,5-10Y,18.37547416157673,사업,자영사업,기타
53151,1,남성,1,1,1,53100000.0,근로자,고등학교 졸업,사실혼,주택 / 아파트,0.0116569999999999,1,0,운전자,3.0,운송 1,41,1,12.0,1,17.78768750504456,1.0,운송,Under 2Y,5.929229168348186,운송,경기민감,취약_기계
24434,0,여성,0,0,0,19116000.0,연금수령자,대학교 졸업 이상,기혼,주택 / 아파트,0.010643,0,0,Unknown,2.0,기타 1,54,1000,22.0,0,16.766036290992385,1.0,기타,Retired,8.383018145496193,기타,기타,기타
29258,0,남성,1,0,1,63720000.0,공무원,대학교 졸업 이상,기혼,아파트 임대,0.014464,1,0,핵심 노동자,3.0,군대,24,2,1.0,1,17.97000905869978,1.0,군대,2-5Y,5.990003019566593,군대,공공안정,중간_기능
5874,0,여성,0,1,0,42480000.0,연금수령자,고등학교 졸업,사실혼,주택 / 아파트,0.020246,0,0,Unknown,2.0,기타 1,60,1000,23.0,0,17.564543958438446,1.0,기타,Retired,8.782271979219223,기타,기타,기타
55742,0,여성,0,1,0,27612000.0,연금수령자,고등학교 졸업,미혼,오피스텔,0.031329,0,0,Unknown,1.0,기타 1,63,1000,25.0,0,17.13376105502164,0.0,기타,Retired,17.13376105502164,기타,기타,기타
15423,0,여성,0,0,0,38232000.0,연금수령자,고등학교 졸업,기혼,주택 / 아파트,0.0228,0,0,Unknown,2.0,기타 1,62,1000,9.0,0,17.45918344539623,1.0,기타,Retired,8.729591722698116,기타,기타,기타
9459,0,여성,0,1,0,37170000.0,기타,고등학교 졸업,사실혼,주택 / 아파트,0.072508,1,0,미화원,2.0,대학교,60,4,20.0,0,17.43101256917685,1.0,대학교,2-5Y,8.715506284588425,대학교,공공안정,취약_단순
4097,0,여성,0,0,0,42480000.0,근로자,고등학교 졸업,기혼,주택 / 아파트,0.019101,1,0,회계사,2.0,학교,60,29,3.0,0,17.564543958438446,1.0,학교,Over 20Y,8.782271979219223,학교,공공안정,안정_전문관리
42696,0,여성,0,1,1,53100000.0,근로자,대학교 졸업 이상,기혼,주택 / 아파트,0.010032,1,0,Unknown,3.0,사업 2,28,0,12.0,1,17.78768750504456,1.0,사업,Under 2Y,5.929229168348186,사업,자영사업,기타
34050,0,여성,1,1,0,40356000.0,연금수령자,대학교 졸업 이상,기혼,주택 / 아파트,0.072508,0,0,Unknown,2.0,기타 1,63,1000,13.0,0,17.51325066528987,1.0,기타,Retired,8.756625332644935,기타,기타,기타
10894,0,남성,1,0,0,40356000.0,근로자,대학교 졸업 이상,기혼,주택 / 아파트,0.018634,1,0,단순 노동자,2.0,전기,35,0,3.0,0,17.51325066528987,1.0,전기,Under 2Y,8.756625332644935,전기,기타,취약_단순
11313,0,남성,1,1,2,42480000.0,기타,고등학교 졸업,기혼,주택 / 아파트,0.0145199999999999,1,0,운전자,4.0,건설,45,0,15.0,2,17.564543958438446,1.0,건설,Under 2Y,4.391135989609611,건설,경기민감,취약_기계
10424,1,남성,1,1,0,31860000.0,근로자,고등학교 졸업,미혼,주택 / 아파트,0.005144,1,0,Unknown,1.0,사업 0,22,1,22.0,0,17.276861893833495,0.0,사업,Under 2Y,17.276861893833495,사업,자영사업,기타
59079,0,여성,0,1,0,31860000.0,근로자,고등학교 졸업,기혼,주택 / 아파트,0.030755,1,0,보안 업계 종사자,2.0,유치원,54,16,33.0,0,17.276861893833495,1.0,유치원,10-20Y,8.638430946916747,유치원,공공안정,취약_서비스
40210,0,여성,0,1,0,12744000.0,근로자,고등학교 졸업,기혼,주택 / 아파트,0.005144,1,0,영업직,2.0,자영업,42,11,16.0,0,16.360571209040316,1.0,자영업,10-20Y,8.180285604520158,자영업,자영사업,취약_판매
54937,0,여성,0,1,0,41418000.0,근로자,대학교 졸업 이상,기혼,주택 / 아파트,0.028663,1,0,단순 노동자,2.0,산업 3,25,6,8.0,0,17.539226151057758,1.0,산업,5-10Y,8.769613075528879,산업,경기민감,취약_단순
48259,0,남성,1,0,0,42480000.0,연금수령자,고등학교 졸업,기혼,주택 / 아파트,0.031329,0,0,Unknown,2.0,기타 1,44,1000,4.0,0,17.564543958438446,1.0,기타,Retired,8.782271979219223,기타,기타,기타
59961,0,남성,0,1,0,42480000.0,근로자,고등학교 졸업,기혼,주택 / 아파트,0.028663,1,0,운전자,2.0,사업 0,46,12,4.0,0,17.564543958438446,1.0,사업,10-20Y,8.782271979219223,사업,자영사업,취약_기계
6526,0,여성,0,1,0,26550000.0,기타,대학교 졸업 이상,미혼,주택 / 아파트,0.011703,1,0,Unknown,1.0,기타 0,41,0,22.0,0,17.094540343317004,0.0,기타,Under 2Y,17.094540343317004,기타,기타,기타
56281,0,여성,0,1,0,47790000.0,근로자,고등학교 졸업,기혼,주택 / 아파트,0.00702,1,0,조리사,2.0,유치원,52,1,7.0,0,17.682326991479222,1.0,유치원,Under 2Y,8.841163495739611,유치원,공공안정,취약_서비스
51792,0,여성,0,1,0,78588000.0,기타,고등학교 졸업,기혼,주택 / 아파트,0.035792,1,0,관리직,2.0,레스토랑,64,0,14.0,0,18.17972958671278,1.0,레스토랑,Under 2Y,9.08986479335639,레스토랑,서비스요식,안정_전문관리
37076,0,여성,0,0,2,32922000.0,근로자,고등학교 졸업,기혼,주택 / 아파트,0.01885,1,1,의료 업계 종사자,4.0,의학,42,4,15.0,2,17.30965171564399,1.0,의학,2-5Y,4.327412928910998,의학,전문금융,안정_전문관리
11509,1,남성,0,0,0,19116000.0,근로자,고등학교 졸업,미혼,오피스텔,0.018209,1,0,Unknown,1.0,학교,47,3,12.0,0,16.766036290992385,0.0,학교,2-5Y,16.766036290992385,학교,공공안정,기타
58039,0,여성,0,1,0,37170000.0,연금수령자,고등학교 졸업,사별,공공분양,0.009549,0,0,Unknown,1.0,기타 1,60,1000,30.0,0,17.43101256917685,0.0,기타,Retired,17.43101256917685,기타,기타,기타
31546,0,여성,0,1,0,47790000.0,근로자,고등학교 졸업,기혼,주택 / 아파트,0.022625,1,0,단순 노동자,2.0,사업 2,54,1,1.0,0,17.682326991479222,1.0,사업,Under 2Y,8.841163495739611,사업,자영사업,취약_단순
6199,1,여성,0,1,0,10620000.0,연금수령자,고등학교 졸업,기혼,오피스텔,0.006305,0,0,Unknown,2.0,기타 1,62,1000,4.0,0,16.178249667940023,1.0,기타,Retired,8.089124833970011,기타,기타,기타
10441,0,여성,0,1,0,58410000.0,연금수령자,고등학교 졸업,사별,주택 / 아파트,0.030755,0,0,Unknown,1.0,기타 1,67,1000,10.0,0,17.88299768313685,0.0,기타,Retired,17.88299768313685,기타,기타,기타
56951,0,여성,0,1,0,26550000.0,기타,고등학교 졸업,기혼,주택 / 아파트,0.025164,1,0,단순 노동자,2.0,사업 2,51,0,4.0,0,17.094540343317004,1.0,사업,Under 2Y,8.547270171658502,사업,자영사업,취약_단순
53923,0,여성,1,0,0,23364000.0,근로자,대학교 졸업 이상,기혼,주택 / 아파트,0.02461,1,0,핵심 노동자,2.0,유치원,27,0,6.0,0,16.966706976943225,1.0,유치원,Under 2Y,8.483353488471613,유치원,공공안정,중간_기능
59323,1,남성,1,0,1,40356000.0,근로자,고등학교 졸업,별거,아파트 임대,0.0196889999999999,1,0,단순 노동자,2.0,건설,30,3,11.0,1,17.51325066528987,0.0,건설,2-5Y,8.756625332644935,건설,경기민감,취약_단순
24212,1,여성,1,0,0,49914000.0,기타,대학교 졸업 이상,기혼,주택 / 아파트,0.0228,1,0,회계사,2.0,사업 2,27,6,21.0,0,17.72581210252854,1.0,사업,5-10Y,8.86290605126427,사업,자영사업,안정_전문관리
51652,0,여성,0,0,0,40356000.0,연금수령자,고등학교 졸업,기혼,주택 / 아파트,0.008625,0,0,Unknown,2.0,기타 1,56,1000,4.0,0,17.51325066528987,1.0,기타,Retired,8.756625332644935,기타,기타,기타
8874,0,남성,0,0,1,31860000.0,근로자,고등학교 졸업,기혼,공공분양,0.014464,1,0,단순 노동자,3.0,운송 1,41,9,6.0,1,17.276861893833495,1.0,운송,5-10Y,5.758953964611165,운송,경기민감,취약_단순
13404,0,여성,0,1,0,15930000.0,연금수령자,고등학교 졸업,사별,주택 / 아파트,0.019101,0,0,Unknown,1.0,기타 1,56,1000,24.0,0,16.583714744660867,0.0,기타,Retired,16.583714744660867,기타,기타,기타
31221,0,여성,0,1,1,15930000.0,근로자,고등학교 졸업,기혼,주택 / 아파트,0.015221,1,0,요식업 종사자,3.0,레스토랑,46,3,14.0,1,16.583714744660867,1.0,레스토랑,2-5Y,5.527904914886956,레스토랑,서비스요식,취약_서비스
27154,0,여성,0,1,0,40356000.0,근로자,고등학교 졸업,미혼,주택 / 아파트,0.020713,1,0,보안 업계 종사자,1.0,학교,56,12,14.0,0,17.51325066528987,0.0,학교,10-20Y,17.51325066528987,학교,공공안정,취약_서비스
24126,0,여성,0,0,0,33984000.0,근로자,대학교 졸업 이상,별거,주택 / 아파트,0.008625,1,0,핵심 노동자,1.0,학교,59,6,8.0,0,17.34140041300936,0.0,학교,5-10Y,17.34140041300936,학교,공공안정,중간_기능
26518,0,여성,0,1,0,26550000.0,연금수령자,고등학교 졸업,기혼,주택 / 아파트,0.028663,0,0,Unknown,2.0,기타 1,56,1000,19.0,0,17.094540343317004,1.0,기타,Retired,8.547270171658502,기타,기타,기타
26744,0,여성,0,0,0,47790000.0,근로자,고등학교 졸업,기혼,주택 / 아파트,0.026392,1,0,Unknown,2.0,기타 0,50,27,29.0,0,17.682326991479222,1.0,기타,Over 20Y,8.841163495739611,기타,기타,기타
56146,0,여성,0,1,0,84960000.0,연금수령자,저학력자,기혼,주택 / 아파트,0.032561,0,0,Unknown,2.0,기타 1,58,1000,7.0,0,18.25769112722815,1.0,기타,Retired,9.128845563614076,기타,기타,기타
6916,0,여성,0,0,0,33984000.0,근로자,고등학교 졸업,미혼,주택 / 아파트,0.0196889999999999,1,0,단순 노동자,1.0,사업 2,52,21,8.0,0,17.34140041300936,0.0,사업,Over 20Y,17.34140041300936,사업,자영사업,취약_단순
2359,0,여성,0,0,0,31860000.0,공무원,대학교 졸업 이상,기혼,주택 / 아파트,0.018029,1,1,비서,2.0,정부,50,0,18.0,0,17.276861893833495,1.0,정부,Under 2Y,8.638430946916747,정부,공공안정,안정_사무
5369,0,여성,0,1,0,74340000.0,연금수령자,대학교 졸업 이상,미혼,주택 / 아파트,0.019101,0,0,Unknown,1.0,기타 1,55,1000,24.0,0,18.124159736285087,0.0,기타,Retired,18.124159736285087,기타,기타,기타
261,0,여성,0,0,0,42480000.0,근로자,고등학교 졸업,기혼,주택 / 아파트,0.035792,1,0,Unknown,2.0,자영업,54,5,14.0,0,17.564543958438446,1.0,자영업,5-10Y,8.782271979219223,자영업,자영사업,기타
20261,0,여성,0,1,0,45666000.0,근로자,고등학교 졸업,사실혼,주택 / 아파트,0.025164,1,0,단순 노동자,2.0,사업 1,59,30,20.0,0,17.636864618375714,1.0,사업,Over 20Y,8.818432309187857,사업,자영사업,취약_단순
39908,0,여성,1,0,0,42480000.0,기타,고등학교 졸업,기혼,주택 / 아파트,0.035792,1,0,단순 노동자,2.0,기타 0,62,3,20.0,0,17.564543958438446,1.0,기타,2-5Y,8.782271979219223,기타,기타,취약_단순
25356,1,여성,0,1,1,10620000.0,연금수령자,고등학교 졸업,기혼,주택 / 아파트,0.0145199999999999,0,0,Unknown,3.0,기타 1,50,1000,2.0,1,16.178249667940023,1.0,기타,Retired,5.3927498893133405,기타,기타,기타
28209,0,여성,0,1,1,21240000.0,근로자,고등학교 졸업,기혼,주택 / 아파트,0.0116569999999999,1,0,영업직,3.0,자영업,35,3,35.0,1,16.87139680141899,1.0,자영업,2-5Y,5.62379893380633,자영업,자영사업,취약_판매
58533,0,남성,1,1,1,53100000.0,기타,고등학교 졸업,기혼,주택 / 아파트,0.035792,1,0,단순 노동자,3.0,사업 2,47,0,4.0,1,17.78768750504456,1.0,사업,Under 2Y,5.929229168348186,사업,자영사업,취약_단순
26226,0,여성,0,1,0,15930000.0,근로자,고등학교 졸업,미혼,주택 / 아파트,0.028663,1,0,의료 업계 종사자,1.0,의학,34,6,6.0,0,16.583714744660867,0.0,의학,5-10Y,16.583714744660867,의학,전문금융,안정_전문관리
29836,1,여성,0,1,0,26550000.0,근로자,고등학교 졸업,사별,주택 / 아파트,0.018029,1,0,조리사,1.0,사업 2,51,7,18.0,0,17.094540343317004,0.0,사업,5-10Y,17.094540343317004,사업,자영사업,취약_서비스
14142,1,여성,0,0,1,21240000.0,공무원,대학교 중퇴,기혼,주택 / 아파트,0.009334,1,0,핵심 노동자,3.0,유치원,30,4,25.0,1,16.87139680141899,1.0,유치원,2-5Y,5.62379893380633,유치원,공공안정,중간_기능
55198,0,남성,1,1,0,37170000.0,기타,고등학교 졸업,기혼,주택 / 아파트,0.018029,1,0,운전자,2.0,사업 1,48,3,7.0,0,17.43101256917685,1.0,사업,2-5Y,8.715506284588425,사업,자영사업,취약_기계
17880,1,남성,1,1,1,37170000.0,근로자,고등학교 졸업,기혼,주택 / 아파트,0.00496,1,0,Unknown,3.0,사업 2,46,9,8.0,1,17.43101256917685,1.0,사업,5-10Y,5.810337523058951,사업,자영사업,기타
27205,1,여성,0,1,2,53100000.0,근로자,대학교 졸업 이상,별거,주택 / 아파트,0.030755,1,0,단순 노동자,3.0,자영업,38,6,11.0,2,17.78768750504456,0.0,자영업,5-10Y,5.929229168348186,자영업,자영사업,취약_단순
43903,0,여성,0,1,1,16992000.0,근로자,고등학교 졸업,기혼,주택 / 아파트,0.010966,1,0,영업직,3.0,사업 2,22,3,9.0,1,16.648253261875023,1.0,사업,2-5Y,5.549417753958341,사업,자영사업,취약_판매
56263,0,남성,0,0,0,47790000.0,연금수령자,고등학교 졸업,미혼,주택 / 아파트,0.026392,0,0,Unknown,1.0,기타 1,44,1000,14.0,0,17.682326991479222,0.0,기타,Retired,17.682326991479222,기타,기타,기타
25586,0,여성,1,1,0,22302000.0,근로자,대학교 졸업 이상,기혼,주택 / 아파트,0.035792,1,0,핵심 노동자,2.0,은행,27,4,12.0,0,16.92018696334647,1.0,은행,2-5Y,8.460093481673235,은행,공공안정,중간_기능
697,1,남성,1,1,0,31860000.0,기타,고등학교 졸업,사실혼,오피스텔,0.011703,1,0,기술직,2.0,기타 0,21,1,7.0,0,17.276861893833495,1.0,기타,Under 2Y,8.638430946916747,기타,기타,중간_기능
25546,0,남성,1,1,0,53100000.0,기타,고등학교 졸업,기혼,주택 / 아파트,0.04622,1,0,단순 노동자,2.0,산업 3,58,4,26.0,0,17.78768750504456,1.0,산업,2-5Y,8.89384375252228,산업,경기민감,취약_단순
56721,0,여성,0,1,3,47790000.0,근로자,대학교 졸업 이상,기혼,주택 / 아파트,0.01885,1,0,회계사,5.0,기타 0,38,1,17.0,3+,17.682326991479222,1.0,기타,Under 2Y,3.5364653982958445,기타,기타,안정_전문관리
5977,0,남성,1,0,0,60534000.0,연금수령자,고등학교 졸업,기혼,오피스텔,0.020246,0,0,Unknown,2.0,기타 1,55,1000,8.0,0,17.918715765138213,1.0,기타,Retired,8.959357882569106,기타,기타,기타
10784,0,남성,0,1,0,42480000.0,기타,고등학교 졸업,기혼,주택 / 아파트,0.04622,1,0,핵심 노동자,2.0,부동산 중개업,36,3,20.0,0,17.564543958438446,1.0,부동산,2-5Y,8.782271979219223,부동산,자영사업,중간_기능
38790,0,여성,0,0,0,37170000.0,근로자,고등학교 졸업,기혼,주택 / 아파트,0.02461,1,0,단순 노동자,2.0,운송 1,48,10,2.0,0,17.43101256917685,1.0,운송,10-20Y,8.715506284588425,운송,경기민감,취약_단순
7416,0,여성,0,1,1,31860000.0,공무원,대학교 졸업 이상,기혼,주택 / 아파트,0.020246,1,0,핵심 노동자,3.0,학교,46,21,22.0,1,17.276861893833495,1.0,학교,Over 20Y,5.758953964611165,학교,공공안정,중간_기능
2574,0,여성,0,1,0,31860000.0,근로자,고등학교 졸업,기혼,주택 / 아파트,0.00733,1,1,미화원,2.0,기타 0,46,4,3.0,0,17.276861893833495,1.0,기타,2-5Y,8.638430946916747,기타,기타,취약_단순
21265,0,여성,0,0,0,43471908.0,기타,대학교 졸업 이상,미혼,아파트 임대,0.018209,1,0,핵심 노동자,1.0,무역 2,25,0,10.0,0,17.58762551734464,0.0,무역,Under 2Y,17.58762551734464,무역,경기민감,중간_기능
39598,0,여성,0,1,0,40356000.0,근로자,고등학교 졸업,기혼,주택 / 아파트,0.028663,1,0,의료 업계 종사자,2.0,의학,53,15,24.0,0,17.51325066528987,1.0,의학,10-20Y,8.756625332644935,의학,전문금융,안정_전문관리
44539,1,남성,0,1,0,42480000.0,근로자,고등학교 졸업,사실혼,주택 / 아파트,0.030755,1,0,Unknown,2.0,건설,54,3,26.0,0,17.564543958438446,1.0,건설,2-5Y,8.782271979219223,건설,경기민감,기타
27933,0,여성,0,0,0,31860000.0,기타,고등학교 졸업,기혼,주택 / 아파트,0.0031219999999999,1,0,단순 노동자,2.0,산업 4,52,28,18.0,0,17.276861893833495,1.0,산업,Over 20Y,8.638430946916747,산업,경기민감,취약_단순
52508,0,남성,0,0,0,31860000.0,기타,대학교 중퇴,기혼,주택 / 아파트,0.072508,1,1,기술직,2.0,사업 2,38,8,22.0,0,17.276861893833495,1.0,사업,5-10Y,8.638430946916747,사업,자영사업,중간_기능
53311,0,여성,0,1,1,42480000.0,기타,고등학교 졸업,기혼,주택 / 아파트,0.020246,1,0,단순 노동자,3.0,자영업,41,7,3.0,1,17.564543958438446,1.0,자영업,5-10Y,5.854847986146148,자영업,자영사업,취약_단순
59181,0,여성,0,1,0,37170000.0,연금수령자,고등학교 졸업,기혼,주택 / 아파트,0.00702,0,0,Unknown,2.0,기타 1,61,1000,19.0,0,17.43101256917685,1.0,기타,Retired,8.715506284588425,기타,기타,기타
15433,0,여성,0,1,0,42480000.0,근로자,고등학교 졸업,미혼,주택 / 아파트,0.010966,1,0,영업직,1.0,자영업,53,6,5.0,0,17.564543958438446,0.0,자영업,5-10Y,17.564543958438446,자영업,자영사업,취약_판매
1164,1,남성,0,1,1,42480000.0,근로자,고등학교 졸업,기혼,주택 / 아파트,0.025164,1,0,단순 노동자,3.0,자영업,44,3,10.0,1,17.564543958438446,1.0,자영업,2-5Y,5.854847986146148,자영업,자영사업,취약_단순
28089,1,남성,0,0,0,40356000.0,근로자,고등학교 졸업,미혼,주택 / 아파트,0.02461,1,0,Unknown,1.0,자영업,27,7,13.0,0,17.51325066528987,0.0,자영업,5-10Y,17.51325066528987,자영업,자영사업,기타
57951,1,여성,0,1,1,25488000.0,기타,고등학교 졸업,기혼,주택 / 아파트,0.022625,1,0,핵심 노동자,3.0,운송 2,41,18,25.0,1,17.053718350366115,1.0,운송,10-20Y,5.684572783455372,운송,경기민감,중간_기능
29041,0,남성,0,1,1,12744000.0,기타,대학교 졸업 이상,기혼,주택 / 아파트,0.035792,1,0,Unknown,3.0,사업 2,31,1,5.0,1,16.360571209040316,1.0,사업,Under 2Y,5.453523736346772,사업,자영사업,기타
30282,0,남성,1,1,2,47790000.0,공무원,대학교 졸업 이상,기혼,주택 / 아파트,0.006629,1,0,핵심 노동자,4.0,학교,45,19,17.0,2,17.682326991479222,1.0,학교,10-20Y,4.4205817478698055,학교,공공안정,중간_기능
33563,0,여성,1,1,0,57348000.0,공무원,고등학교 졸업,기혼,공공분양,0.018634,1,0,Unknown,2.0,대학교,43,7,26.0,0,17.864648544785695,1.0,대학교,5-10Y,8.932324272392847,대학교,공공안정,기타
54968,0,여성,0,1,1,39294000.0,근로자,고등학교 졸업,기혼,주택 / 아파트,0.020246,1,0,관리직,3.0,사업 2,36,10,3.0,1,17.486582418877422,1.0,사업,10-20Y,5.828860806292474,사업,자영사업,안정_전문관리
55904,0,여성,0,1,0,44604000.0,연금수령자,고등학교 졸업,사실혼,주택 / 아파트,0.04622,0,0,Unknown,2.0,기타 1,55,1000,1.0,0,17.613334121486904,1.0,기타,Retired,8.806667060743452,기타,기타,기타
14998,0,여성,0,0,0,82836000.0,연금수령자,대학교 졸업 이상,사실혼,주택 / 아파트,0.019101,0,0,Unknown,2.0,기타 1,56,1000,5.0,0,18.23237331954566,1.0,기타,Retired,9.11618665977283,기타,기타,기타
58894,1,남성,0,0,0,31860000.0,근로자,고등학교 졸업,사실혼,주택 / 아파트,0.020246,1,0,운전자,2.0,자영업,37,4,0.0,0,17.276861893833495,1.0,자영업,2-5Y,8.638430946916747,자영업,자영사업,취약_기계
5563,0,여성,0,0,0,21240000.0,연금수령자,고등학교 졸업,사별,주택 / 아파트,0.00496,0,0,Unknown,1.0,기타 1,67,1000,15.0,0,16.87139680141899,0.0,기타,Retired,16.87139680141899,기타,기타,기타
18593,0,여성,0,0,0,20709000.0,연금수령자,저학력자,사별,주택 / 아파트,0.019101,0,0,Unknown,1.0,기타 1,66,1000,11.0,0,16.846078994641903,0.0,기타,Retired,16.846078994641903,기타,기타,기타
32281,0,여성,0,1,2,31860000.0,근로자,고등학교 졸업,기혼,주택 / 아파트,0.028663,1,0,Unknown,4.0,학교,41,0,8.0,2,17.276861893833495,1.0,학교,Under 2Y,4.319215473458374,학교,공공안정,기타
23026,0,남성,1,1,2,63720000.0,기타,고등학교 졸업,기혼,주택 / 아파트,0.002506,1,0,운전자,4.0,사업 2,45,1,24.0,2,17.97000905869978,1.0,사업,Under 2Y,4.492502264674945,사업,자영사업,취약_기계
2710,0,여성,0,1,0,37170000.0,근로자,고등학교 졸업,기혼,주택 / 아파트,0.01885,1,1,영업직,2.0,사업 2,43,4,7.0,0,17.43101256917685,1.0,사업,2-5Y,8.715506284588425,사업,자영사업,취약_판매
27522,0,남성,0,0,0,27612000.0,공무원,대학교 졸업 이상,기혼,주택 / 아파트,0.018029,1,0,단순 노동자,2.0,학교,47,5,6.0,0,17.13376105502164,1.0,학교,5-10Y,8.56688052751082,학교,공공안정,취약_단순
13980,1,남성,0,1,2,42480000.0,근로자,고등학교 졸업,기혼,주택 / 아파트,0.026392,1,0,단순 노동자,4.0,사업 2,45,2,19.0,2,17.564543958438446,1.0,사업,2-5Y,4.391135989609611,사업,자영사업,취약_단순
22141,0,여성,0,1,0,12744000.0,연금수령자,고등학교 졸업,기혼,주택 / 아파트,0.031329,0,0,Unknown,2.0,기타 1,60,1000,41.0,0,16.360571209040316,1.0,기타,Retired,8.180285604520158,기타,기타,기타
780,0,여성,0,1,1,21240000.0,근로자,대학교 졸업 이상,사실혼,주택 / 아파트,0.035792,1,0,Unknown,3.0,사업 2,32,2,7.0,1,16.87139680141899,1.0,사업,2-5Y,5.62379893380633,사업,자영사업,기타
1400,0,남성,1,0,0,63720000.0,공무원,대학교 졸업 이상,기혼,아파트 임대,0.0096569999999999,1,0,핵심 노동자,2.0,국가 안보,26,5,0.0,0,17.97000905869978,1.0,국가,5-10Y,8.98500452934989,국가,공공안정,중간_기능
57999,0,여성,0,1,0,21240000.0,연금수령자,대학교 졸업 이상,기혼,주택 / 아파트,0.010006,0,0,Unknown,2.0,기타 1,61,1000,19.0,0,16.87139680141899,1.0,기타,Retired,8.435698400709494,기타,기타,기타
23679,0,여성,1,1,0,37170000.0,공무원,고등학교 졸업,기혼,주택 / 아파트,0.015221,1,0,Unknown,2.0,기타 0,50,11,23.0,0,17.43101256917685,1.0,기타,10-20Y,8.715506284588425,기타,기타,기타
56707,0,여성,0,1,0,26550000.0,근로자,고등학교 졸업,별거,주택 / 아파트,0.028663,1,0,영업직,1.0,자영업,34,2,2.0,0,17.094540343317004,0.0,자영업,2-5Y,17.094540343317004,자영업,자영사업,취약_판매
42169,0,여성,0,1,1,37170000.0,근로자,대학교 졸업 이상,기혼,주택 / 아파트,0.009175,1,0,Unknown,3.0,사업 2,25,1,2.0,1,17.43101256917685,1.0,사업,Under 2Y,5.810337523058951,사업,자영사업,기타
56206,0,여성,0,0,1,63720000.0,기타,고등학교 졸업,사실혼,주택 / 아파트,0.04622,1,0,가정부,3.0,사업 2,37,0,21.0,1,17.97000905869978,1.0,사업,Under 2Y,5.990003019566593,사업,자영사업,취약_서비스
23686,0,여성,1,1,0,44604000.0,공무원,대학교 졸업 이상,기혼,주택 / 아파트,0.072508,1,1,핵심 노동자,2.0,유치원,37,3,3.0,0,17.613334121486904,1.0,유치원,2-5Y,8.806667060743452,유치원,공공안정,중간_기능
31150,0,여성,1,1,0,69030000.0,기타,고등학교 졸업,별거,주택 / 아파트,0.026392,1,1,영업직,1.0,사업 2,40,4,15.0,0,18.050051765166117,0.0,사업,2-5Y,18.050051765166117,사업,자영사업,취약_판매
16430,0,여성,0,1,0,26550000.0,기타,고등학교 졸업,기혼,주택 / 아파트,0.025164,1,0,단순 노동자,2.0,자영업,52,7,23.0,0,17.094540343317004,1.0,자영업,5-10Y,8.547270171658502,자영업,자영사업,취약_단순
29906,0,여성,1,0,0,58410000.0,기타,대학교 졸업 이상,기혼,주택 / 아파트,0.032561,1,0,핵심 노동자,2.0,사업 2,38,1,10.0,0,17.88299768313685,1.0,사업,Under 2Y,8.941498841568425,사업,자영사업,중간_기능
37578,0,여성,0,0,1,26550000.0,기타,대학교 졸업 이상,기혼,주택 / 아파트,0.009175,1,0,회계사,3.0,사업 0,41,2,6.0,1,17.094540343317004,1.0,사업,2-5Y,5.698180114439001,사업,자영사업,안정_전문관리
20928,0,여성,1,1,0,47790000.0,연금수령자,대학교 졸업 이상,기혼,주택 / 아파트,0.010032,0,1,Unknown,2.0,기타 1,61,1000,8.0,0,17.682326991479222,1.0,기타,Retired,8.841163495739611,기타,기타,기타
51419,0,남성,1,1,0,31860000.0,근로자,고등학교 졸업,기혼,주택 / 아파트,0.030755,1,0,단순 노동자,2.0,사업 2,32,0,14.0,0,17.276861893833495,1.0,사업,Under 2Y,8.638430946916747,사업,자영사업,취약_단순
30375,0,여성,0,1,0,18054000.0,연금수령자,저학력자,기혼,공공분양,0.01885,0,0,Unknown,2.0,기타 1,61,1000,31.0,0,16.708877880229622,1.0,기타,Retired,8.354438940114811,기타,기타,기타
47426,0,여성,1,1,1,31860000.0,근로자,대학교 졸업 이상,기혼,주택 / 아파트,0.020246,1,0,핵심 노동자,3.0,유치원,36,16,0.0,1,17.276861893833495,1.0,유치원,10-20Y,5.758953964611165,유치원,공공안정,중간_기능
33068,0,남성,1,0,0,42480000.0,근로자,고등학교 졸업,사실혼,주택 / 아파트,0.020246,1,0,단순 노동자,2.0,건설,32,8,4.0,0,17.564543958438446,1.0,건설,5-10Y,8.782271979219223,건설,경기민감,취약_단순
36888,0,남성,1,0,0,31860000.0,기타,고등학교 졸업,기혼,주택 / 아파트,0.003069,1,0,단순 노동자,2.0,건설,34,5,17.0,0,17.276861893833495,1.0,건설,5-10Y,8.638430946916747,건설,경기민감,취약_단순
27303,0,여성,1,1,0,16992000.0,기타,대학교 졸업 이상,기혼,주택 / 아파트,0.04622,1,0,조리사,2.0,의학,55,9,4.0,0,16.648253261875023,1.0,의학,5-10Y,8.324126630937512,의학,전문금융,취약_서비스
59909,0,여성,1,0,0,19116000.0,근로자,고등학교 졸업,기혼,주택 / 아파트,0.014464,1,0,영업직,2.0,무역 0,53,11,17.0,0,16.766036290992385,1.0,무역,10-20Y,8.383018145496193,무역,경기민감,취약_판매
5106,0,남성,0,1,1,42480000.0,연금수령자,고등학교 졸업,기혼,주택 / 아파트,0.020246,0,0,Unknown,3.0,기타 1,52,1000,1.0,1,17.564543958438446,1.0,기타,Retired,5.854847986146148,기타,기타,기타
28680,0,남성,1,1,2,42480000.0,기타,대학교 졸업 이상,사실혼,주택 / 아파트,0.0196889999999999,1,1,단순 노동자,4.0,사업 2,31,1,1.0,2,17.564543958438446,1.0,사업,Under 2Y,4.391135989609611,사업,자영사업,취약_단순
55025,0,여성,0,1,0,23364000.0,근로자,고등학교 졸업,기혼,주택 / 아파트,0.020713,1,0,단순 노동자,2.0,사업 2,49,5,20.0,0,16.966706976943225,1.0,사업,5-10Y,8.483353488471613,사업,자영사업,취약_단순
59049,1,여성,1,1,0,37170000.0,근로자,대학교 졸업 이상,미혼,주택 / 아파트,0.020713,1,0,영업직,1.0,무역 0,45,5,7.0,0,17.43101256917685,0.0,무역,5-10Y,17.43101256917685,무역,경기민감,취약_판매
59938,1,여성,0,1,0,29736000.0,기타,고등학교 졸업,사실혼,주택 / 아파트,0.00823,1,0,Unknown,2.0,자영업,54,5,6.0,0,17.207869024588497,1.0,자영업,5-10Y,8.603934512294249,자영업,자영사업,기타
5070,0,여성,1,1,1,31860000.0,공무원,대학교 졸업 이상,기혼,주택 / 아파트,0.01885,1,0,핵심 노동자,3.0,학교,41,18,10.0,1,17.276861893833495,1.0,학교,10-20Y,5.758953964611165,학교,공공안정,중간_기능
38586,0,여성,0,1,0,27612000.0,기타,고등학교 졸업,미혼,주택 / 아파트,0.011703,1,0,영업직,1.0,자영업,42,2,23.0,0,17.13376105502164,0.0,자영업,2-5Y,17.13376105502164,자영업,자영사업,취약_판매
40137,0,여성,1,1,2,31860000.0,근로자,고등학교 졸업,기혼,주택 / 아파트,0.018634,1,0,회계사,4.0,사업 2,26,0,5.0,2,17.276861893833495,1.0,사업,Under 2Y,4.319215473458374,사업,자영사업,안정_전문관리
12376,1,남성,0,1,2,79650000.0,근로자,고등학교 졸업,기혼,주택 / 아파트,0.030755,1,0,단순 노동자,4.0,사업 2,41,1,12.0,2,18.19315260687526,1.0,사업,Under 2Y,4.548288151718815,사업,자영사업,취약_단순
37473,0,남성,1,0,0,37170000.0,근로자,고등학교 졸업,기혼,주택 / 아파트,0.020713,1,0,관리직,2.0,사업 2,46,0,12.0,0,17.43101256917685,1.0,사업,Under 2Y,8.715506284588425,사업,자영사업,안정_전문관리
2777,0,여성,1,0,1,28674000.0,근로자,대학교 졸업 이상,기혼,주택 / 아파트,0.0072739999999999,1,0,조리사,3.0,사업 2,24,4,1.0,1,17.17150138166315,1.0,사업,2-5Y,5.723833793887716,사업,자영사업,취약_서비스
